START expA-inc-tau1.2-K0.1: 2026-08-18T18:35:54Z
Prepared and verified expA-inc-tau1.2-K0.1: Experiment A | inc | tau=1.2 | K=0.1 | h/M0/creep at ensemble median
Verified exact experiment inputs for expA-inc-tau1.2-K0.1.
PHASE 10/11 convergence criterion: -4
Regional recruitment-distribution penalty: 0.1 (age flag 110=0)
DM controls: Nmax=25; grouped fish_pars(22) fixed at 7; fish_pars(23) estimated
Model: Diagnostic
Fixed steepness: 8.7865322485892505e-01 (INI sv(29); age flag 162=0)
Tag overdispersion: tau fixed at 1.2e+00 under the direct parameterization (parest 305=1; fish_pars(4)=-1.6094379124341001e+00; fish flags 43/44=0)
Selectivity model: Diagnostic - Diagnostic: F10 and F33 weak non-decreasing
Starting 1
5
./mfclo64
opened file argv
Starting 2
/home/user/ofp-sam-bet-2026-ensemble/runs/experiments/expA-inc-tau1.2-K0.1
input (.frq) file: bet.frq
 GRADSTACK_BUFFER_SIZE read in and set equal to 100000000
 CMPDIF_BUFFER_SIZE read in and set equal to 850000000
 array memblock size read in and set equal to 1500000000
10
1570
Making a copy of an unallocated dvector
Making a copy of an unallocated dvector
Making a copy of an unallocated dvector
Making a copy of an unallocated dvector
Making a copy of an unallocated dvector
Making a copy of an unallocated dvector
Making a copy of an unallocated dvector
Making a copy of an unallocated dvector
Making a copy of an unallocated dvector
Making a copy of an unallocated dvector
Making a copy of an unallocated dvector
Making a copy of an unallocated dvector
Making a copy of an unallocated dvector
Making a copy of an unallocated dvector
Making a copy of an unallocated dvector
Making a copy of an unallocated dvector
Making a copy of an unallocated dvector
Making a copy of an unallocated dvector
Making a copy of an unallocated dvector
Making a copy of an unallocated dvector
Making a copy of an unallocated dvector
Making a copy of an unallocated dvector
Making a copy of an unallocated dvector
Making a copy of an unallocated dvector
Making a copy of an unallocated dvector
Making a copy of an unallocated dvector
Making a copy of an unallocated dvector
Making a copy of an unallocated dvector
Making a copy of an unallocated dvector
Making a copy of an unallocated dvector
Making a copy of an unallocated dvector
Making a copy of an unallocated dvector
Making a copy of an unallocated dvector
Making a copy of an unallocated dvector
Making a copy of an unallocated dvector
Making a copy of an unallocated dvector
Making a copy of an unallocated dvector
Making a copy of an unallocated dvector
Making a copy of an unallocated dvector
Making a copy of an unallocated dvector
Making a copy of an unallocated dvector
Making a copy of an unallocated dvector
Making a copy of an unallocated dvector
Making a copy of an unallocated dvector
Making a copy of an unallocated dvector
Making a copy of an unallocated dvector
Making a copy of an unallocated dvector
making a copy of an unallocated age_length_record_array
Making a copy of an unallocated dvector
Making a copy of an unallocated dvector
Making a copy of an unallocated dvector
Making a copy of an unallocated dvector
 initial_tag_year(2) 157
Error trying to open selblocks.dat 
Input solution .par was generated by an unknown version
Check the version number in the plot.rep file
tag3.cpp 1
testing threaded tag_catch_equations
enter 1 for test or 0 for no test
 WARNING: reporting rates for tag release event:  1 applied during the mixing period. This is not advisable!
 Consider setting tag_flags(it,2) = 1 to disable   application during the mixing period
 WARNING: reporting rates for tag release event:  2 applied during the mixing period. This is not advisable!
 Consider setting tag_flags(it,2) = 1 to disable   application during the mixing period
 WARNING: reporting rates for tag release event:  3 applied during the mixing period. This is not advisable!
 Consider setting tag_flags(it,2) = 1 to disable   application during the mixing period
 WARNING: reporting rates for tag release event:  4 applied during the mixing period. This is not advisable!
 Consider setting tag_flags(it,2) = 1 to disable   application during the mixing period
 WARNING: reporting rates for tag release event:  5 applied during the mixing period. This is not advisable!
 Consider setting tag_flags(it,2) = 1 to disable   application during the mixing period
 WARNING: reporting rates for tag release event:  6 applied during the mixing period. This is not advisable!
 Consider setting tag_flags(it,2) = 1 to disable   application during the mixing period
 WARNING: reporting rates for tag release event:  7 applied during the mixing period. This is not advisable!
 Consider setting tag_flags(it,2) = 1 to disable   application during the mixing period
 WARNING: reporting rates for tag release event:  8 applied during the mixing period. This is not advisable!
 Consider setting tag_flags(it,2) = 1 to disable   application during the mixing period
 WARNING: reporting rates for tag release event:  9 applied during the mixing period. This is not advisable!
 Consider setting tag_flags(it,2) = 1 to disable   application during the mixing period
 WARNING: reporting rates for tag release event:  10 applied during the mixing period. This is not advisable!
 Consider setting tag_flags(it,2) = 1 to disable   application during the mixing period
 WARNING: reporting rates for tag release event:  11 applied during the mixing period. This is not advisable!
 Consider setting tag_flags(it,2) = 1 to disable   application during the mixing period
 WARNING: reporting rates for tag release event:  12 applied during the mixing period. This is not advisable!
 Consider setting tag_flags(it,2) = 1 to disable   application during the mixing period
 WARNING: reporting rates for tag release event:  13 applied during the mixing period. This is not advisable!
 Consider setting tag_flags(it,2) = 1 to disable   application during the mixing period
 WARNING: reporting rates for tag release event:  14 applied during the mixing period. This is not advisable!
 Consider setting tag_flags(it,2) = 1 to disable   application during the mixing period
 WARNING: reporting rates for tag release event:  15 applied during the mixing period. This is not advisable!
 Consider setting tag_flags(it,2) = 1 to disable   application during the mixing period
 WARNING: reporting rates for tag release event:  16 applied during the mixing period. This is not advisable!
 Consider setting tag_flags(it,2) = 1 to disable   application during the mixing period
 WARNING: reporting rates for tag release event:  17 applied during the mixing period. This is not advisable!
 Consider setting tag_flags(it,2) = 1 to disable   application during the mixing period
 WARNING: reporting rates for tag release event:  18 applied during the mixing period. This is not advisable!
 Consider setting tag_flags(it,2) = 1 to disable   application during the mixing period
 WARNING: reporting rates for tag release event:  19 applied during the mixing period. This is not advisable!
 Consider setting tag_flags(it,2) = 1 to disable   application during the mixing period
 WARNING: reporting rates for tag release event:  20 applied during the mixing period. This is not advisable!
 Consider setting tag_flags(it,2) = 1 to disable   application during the mixing period
 WARNING: reporting rates for tag release event:  21 applied during the mixing period. This is not advisable!
 Consider setting tag_flags(it,2) = 1 to disable   application during the mixing period
 WARNING: reporting rates for tag release event:  22 applied during the mixing period. This is not advisable!
 Consider setting tag_flags(it,2) = 1 to disable   application during the mixing period
 WARNING: reporting rates for tag release event:  23 applied during the mixing period. This is not advisable!
 Consider setting tag_flags(it,2) = 1 to disable   application during the mixing period
 WARNING: reporting rates for tag release event:  24 applied during the mixing period. This is not advisable!
 Consider setting tag_flags(it,2) = 1 to disable   application during the mixing period
 WARNING: reporting rates for tag release event:  25 applied during the mixing period. This is not advisable!
 Consider setting tag_flags(it,2) = 1 to disable   application during the mixing period
 WARNING: reporting rates for tag release event:  26 applied during the mixing period. This is not advisable!
 Consider setting tag_flags(it,2) = 1 to disable   application during the mixing period
 WARNING: reporting rates for tag release event:  27 applied during the mixing period. This is not advisable!
 Consider setting tag_flags(it,2) = 1 to disable   application during the mixing period
 WARNING: reporting rates for tag release event:  28 applied during the mixing period. This is not advisable!
 Consider setting tag_flags(it,2) = 1 to disable   application during the mixing period
 WARNING: reporting rates for tag release event:  29 applied during the mixing period. This is not advisable!
 Consider setting tag_flags(it,2) = 1 to disable   application during the mixing period
 WARNING: reporting rates for tag release event:  30 applied during the mixing period. This is not advisable!
 Consider setting tag_flags(it,2) = 1 to disable   application during the mixing period
 WARNING: reporting rates for tag release event:  31 applied during the mixing period. This is not advisable!
 Consider setting tag_flags(it,2) = 1 to disable   application during the mixing period
 WARNING: reporting rates for tag release event:  32 applied during the mixing period. This is not advisable!
 Consider setting tag_flags(it,2) = 1 to disable   application during the mixing period
 WARNING: reporting rates for tag release event:  33 applied during the mixing period. This is not advisable!
 Consider setting tag_flags(it,2) = 1 to disable   application during the mixing period
 WARNING: reporting rates for tag release event:  34 applied during the mixing period. This is not advisable!
 Consider setting tag_flags(it,2) = 1 to disable   application during the mixing period
 WARNING: reporting rates for tag release event:  35 applied during the mixing period. This is not advisable!
 Consider setting tag_flags(it,2) = 1 to disable   application during the mixing period
 WARNING: reporting rates for tag release event:  36 applied during the mixing period. This is not advisable!
 Consider setting tag_flags(it,2) = 1 to disable   application during the mixing period
 WARNING: reporting rates for tag release event:  37 applied during the mixing period. This is not advisable!
 Consider setting tag_flags(it,2) = 1 to disable   application during the mixing period
 WARNING: reporting rates for tag release event:  38 applied during the mixing period. This is not advisable!
 Consider setting tag_flags(it,2) = 1 to disable   application during the mixing period
 WARNING: reporting rates for tag release event:  39 applied during the mixing period. This is not advisable!
 Consider setting tag_flags(it,2) = 1 to disable   application during the mixing period
 WARNING: reporting rates for tag release event:  40 applied during the mixing period. This is not advisable!
 Consider setting tag_flags(it,2) = 1 to disable   application during the mixing period
 WARNING: reporting rates for tag release event:  41 applied during the mixing period. This is not advisable!
 Consider setting tag_flags(it,2) = 1 to disable   application during the mixing period
 WARNING: reporting rates for tag release event:  42 applied during the mixing period. This is not advisable!
 Consider setting tag_flags(it,2) = 1 to disable   application during the mixing period
 WARNING: reporting rates for tag release event:  43 applied during the mixing period. This is not advisable!
 Consider setting tag_flags(it,2) = 1 to disable   application during the mixing period
 WARNING: reporting rates for tag release event:  44 applied during the mixing period. This is not advisable!
 Consider setting tag_flags(it,2) = 1 to disable   application during the mixing period
 WARNING: reporting rates for tag release event:  45 applied during the mixing period. This is not advisable!
 Consider setting tag_flags(it,2) = 1 to disable   application during the mixing period
 WARNING: reporting rates for tag release event:  46 applied during the mixing period. This is not advisable!
 Consider setting tag_flags(it,2) = 1 to disable   application during the mixing period
 WARNING: reporting rates for tag release event:  47 applied during the mixing period. This is not advisable!
 Consider setting tag_flags(it,2) = 1 to disable   application during the mixing period
 WARNING: reporting rates for tag release event:  48 applied during the mixing period. This is not advisable!
 Consider setting tag_flags(it,2) = 1 to disable   application during the mixing period
 WARNING: reporting rates for tag release event:  49 applied during the mixing period. This is not advisable!
 Consider setting tag_flags(it,2) = 1 to disable   application during the mixing period
 WARNING: reporting rates for tag release event:  50 applied during the mixing period. This is not advisable!
 Consider setting tag_flags(it,2) = 1 to disable   application during the mixing period
 WARNING: reporting rates for tag release event:  51 applied during the mixing period. This is not advisable!
 Consider setting tag_flags(it,2) = 1 to disable   application during the mixing period
 WARNING: reporting rates for tag release event:  52 applied during the mixing period. This is not advisable!
 Consider setting tag_flags(it,2) = 1 to disable   application during the mixing period
 WARNING: reporting rates for tag release event:  53 applied during the mixing period. This is not advisable!
 Consider setting tag_flags(it,2) = 1 to disable   application during the mixing period
 WARNING: reporting rates for tag release event:  54 applied during the mixing period. This is not advisable!
 Consider setting tag_flags(it,2) = 1 to disable   application during the mixing period
 WARNING: reporting rates for tag release event:  55 applied during the mixing period. This is not advisable!
 Consider setting tag_flags(it,2) = 1 to disable   application during the mixing period
 WARNING: reporting rates for tag release event:  56 applied during the mixing period. This is not advisable!
 Consider setting tag_flags(it,2) = 1 to disable   application during the mixing period
 WARNING: reporting rates for tag release event:  57 applied during the mixing period. This is not advisable!
 Consider setting tag_flags(it,2) = 1 to disable   application during the mixing period
 WARNING: reporting rates for tag release event:  58 applied during the mixing period. This is not advisable!
 Consider setting tag_flags(it,2) = 1 to disable   application during the mixing period
 WARNING: reporting rates for tag release event:  59 applied during the mixing period. This is not advisable!
 Consider setting tag_flags(it,2) = 1 to disable   application during the mixing period
 WARNING: reporting rates for tag release event:  60 applied during the mixing period. This is not advisable!
 Consider setting tag_flags(it,2) = 1 to disable   application during the mixing period
 WARNING: reporting rates for tag release event:  61 applied during the mixing period. This is not advisable!
 Consider setting tag_flags(it,2) = 1 to disable   application during the mixing period
 WARNING: reporting rates for tag release event:  62 applied during the mixing period. This is not advisable!
 Consider setting tag_flags(it,2) = 1 to disable   application during the mixing period
 WARNING: reporting rates for tag release event:  63 applied during the mixing period. This is not advisable!
 Consider setting tag_flags(it,2) = 1 to disable   application during the mixing period
 WARNING: reporting rates for tag release event:  64 applied during the mixing period. This is not advisable!
 Consider setting tag_flags(it,2) = 1 to disable   application during the mixing period
 WARNING: reporting rates for tag release event:  65 applied during the mixing period. This is not advisable!
 Consider setting tag_flags(it,2) = 1 to disable   application during the mixing period
 WARNING: reporting rates for tag release event:  66 applied during the mixing period. This is not advisable!
 Consider setting tag_flags(it,2) = 1 to disable   application during the mixing period
 WARNING: reporting rates for tag release event:  67 applied during the mixing period. This is not advisable!
 Consider setting tag_flags(it,2) = 1 to disable   application during the mixing period
 WARNING: reporting rates for tag release event:  68 applied during the mixing period. This is not advisable!
 Consider setting tag_flags(it,2) = 1 to disable   application during the mixing period
 WARNING: reporting rates for tag release event:  69 applied during the mixing period. This is not advisable!
 Consider setting tag_flags(it,2) = 1 to disable   application during the mixing period
 WARNING: reporting rates for tag release event:  70 applied during the mixing period. This is not advisable!
 Consider setting tag_flags(it,2) = 1 to disable   application during the mixing period
 WARNING: reporting rates for tag release event:  71 applied during the mixing period. This is not advisable!
 Consider setting tag_flags(it,2) = 1 to disable   application during the mixing period
 WARNING: reporting rates for tag release event:  72 applied during the mixing period. This is not advisable!
 Consider setting tag_flags(it,2) = 1 to disable   application during the mixing period
 WARNING: reporting rates for tag release event:  73 applied during the mixing period. This is not advisable!
 Consider setting tag_flags(it,2) = 1 to disable   application during the mixing period
 WARNING: reporting rates for tag release event:  74 applied during the mixing period. This is not advisable!
 Consider setting tag_flags(it,2) = 1 to disable   application during the mixing period
 WARNING: reporting rates for tag release event:  75 applied during the mixing period. This is not advisable!
 Consider setting tag_flags(it,2) = 1 to disable   application during the mixing period
 WARNING: reporting rates for tag release event:  76 applied during the mixing period. This is not advisable!
 Consider setting tag_flags(it,2) = 1 to disable   application during the mixing period
 WARNING: reporting rates for tag release event:  77 applied during the mixing period. This is not advisable!
 Consider setting tag_flags(it,2) = 1 to disable   application during the mixing period
 WARNING: reporting rates for tag release event:  78 applied during the mixing period. This is not advisable!
 Consider setting tag_flags(it,2) = 1 to disable   application during the mixing period
 WARNING: reporting rates for tag release event:  79 applied during the mixing period. This is not advisable!
 Consider setting tag_flags(it,2) = 1 to disable   application during the mixing period
 WARNING: reporting rates for tag release event:  80 applied during the mixing period. This is not advisable!
 Consider setting tag_flags(it,2) = 1 to disable   application during the mixing period
 WARNING: reporting rates for tag release event:  81 applied during the mixing period. This is not advisable!
 Consider setting tag_flags(it,2) = 1 to disable   application during the mixing period
 WARNING: reporting rates for tag release event:  82 applied during the mixing period. This is not advisable!
 Consider setting tag_flags(it,2) = 1 to disable   application during the mixing period
 WARNING: reporting rates for tag release event:  83 applied during the mixing period. This is not advisable!
 Consider setting tag_flags(it,2) = 1 to disable   application during the mixing period
 WARNING: reporting rates for tag release event:  84 applied during the mixing period. This is not advisable!
 Consider setting tag_flags(it,2) = 1 to disable   application during the mixing period
 WARNING: reporting rates for tag release event:  85 applied during the mixing period. This is not advisable!
 Consider setting tag_flags(it,2) = 1 to disable   application during the mixing period
 WARNING: reporting rates for tag release event:  86 applied during the mixing period. This is not advisable!
 Consider setting tag_flags(it,2) = 1 to disable   application during the mixing period
 WARNING: reporting rates for tag release event:  87 applied during the mixing period. This is not advisable!
 Consider setting tag_flags(it,2) = 1 to disable   application during the mixing period
 WARNING: reporting rates for tag release event:  88 applied during the mixing period. This is not advisable!
 Consider setting tag_flags(it,2) = 1 to disable   application during the mixing period
 WARNING: reporting rates for tag release event:  89 applied during the mixing period. This is not advisable!
 Consider setting tag_flags(it,2) = 1 to disable   application during the mixing period
 WARNING: reporting rates for tag release event:  90 applied during the mixing period. This is not advisable!
 Consider setting tag_flags(it,2) = 1 to disable   application during the mixing period
 WARNING: reporting rates for tag release event:  91 applied during the mixing period. This is not advisable!
 Consider setting tag_flags(it,2) = 1 to disable   application during the mixing period
 WARNING: reporting rates for tag release event:  92 applied during the mixing period. This is not advisable!
 Consider setting tag_flags(it,2) = 1 to disable   application during the mixing period
 WARNING: reporting rates for tag release event:  93 applied during the mixing period. This is not advisable!
 Consider setting tag_flags(it,2) = 1 to disable   application during the mixing period
 WARNING: reporting rates for tag release event:  94 applied during the mixing period. This is not advisable!
 Consider setting tag_flags(it,2) = 1 to disable   application during the mixing period
 WARNING: reporting rates for tag release event:  95 applied during the mixing period. This is not advisable!
 Consider setting tag_flags(it,2) = 1 to disable   application during the mixing period
 WARNING: reporting rates for tag release event:  96 applied during the mixing period. This is not advisable!
 Consider setting tag_flags(it,2) = 1 to disable   application during the mixing period
 WARNING: reporting rates for tag release event:  97 applied during the mixing period. This is not advisable!
 Consider setting tag_flags(it,2) = 1 to disable   application during the mixing period
 WARNING: reporting rates for tag release event:  98 applied during the mixing period. This is not advisable!
 Consider setting tag_flags(it,2) = 1 to disable   application during the mixing period
A ubd -0.2
B ubd -0.2
A ubd -0.2
B ubd -0.2
AA ubd -0.2
BB ubd -0.2
PARFILE NAME AT BBB: 00.par
Phase 0 tau=1.2e+00 value audit: passed (estimation switches are applied in Phase 1).
Phase 0 fixed-steepness audit: 8.7865322485892505e-01 passed.
Phase 0 fixed-M audit: log(M0)=-2.54929635450670e+00 and Lorenzen slope=-1 passed.
Phase 0 fixed-DM concentration audit: 33 fish_pars(22)=7 passed.
Starting 1
6
./mfclo64
opened file argv
Starting 2
/home/user/ofp-sam-bet-2026-ensemble/runs/experiments/expA-inc-tau1.2-K0.1
optfile.cpp  1 351 0 0 0
optfile.cpp  1 192 0 0 0
optfile.cpp  1 32 7 0 0
optfile.cpp  1 226 0 0 0
optfile.cpp  1 227 0 0 0
optfile.cpp  1 373 1 0 0
optfile.cpp  1 393 0 0 0
optfile.cpp  2 92 2 0 0
optfile.cpp  2 116 70 0 0
optfile.cpp  2 189 80 0 0
optfile.cpp  1 382 300 0 0
optfile.cpp  -999 1 0 0 0
optfile.cpp  -999 4 0 0 0
optfile.cpp  -999 10 0 0 0
optfile.cpp  -999 15 0 0 0
optfile.cpp  -999 13 0 0 0
optfile.cpp  -29 94 1 0 0
optfile.cpp  -29 92 35 0 0
optfile.cpp  -29 66 1 0 0
optfile.cpp  -30 94 1 0 0
optfile.cpp  -30 92 24 0 0
optfile.cpp  -30 66 1 0 0
optfile.cpp  -31 94 1 0 0
optfile.cpp  -31 92 21 0 0
optfile.cpp  -31 66 1 0 0
optfile.cpp  -32 94 1 0 0
optfile.cpp  -32 92 24 0 0
optfile.cpp  -32 66 1 0 0
optfile.cpp  -33 94 1 0 0
optfile.cpp  -33 92 23 0 0
optfile.cpp  -33 66 1 0 0
optfile.cpp  -1 99 1 0 0
optfile.cpp  -2 99 2 0 0
optfile.cpp  -3 99 3 0 0
optfile.cpp  -4 99 4 0 0
optfile.cpp  -5 99 5 0 0
optfile.cpp  -6 99 6 0 0
optfile.cpp  -7 99 7 0 0
optfile.cpp  -8 99 8 0 0
optfile.cpp  -9 99 9 0 0
optfile.cpp  -10 99 10 0 0
optfile.cpp  -11 99 11 0 0
optfile.cpp  -12 99 12 0 0
optfile.cpp  -13 99 13 0 0
optfile.cpp  -14 99 14 0 0
optfile.cpp  -15 99 15 0 0
optfile.cpp  -16 99 16 0 0
optfile.cpp  -17 99 17 0 0
optfile.cpp  -18 99 18 0 0
optfile.cpp  -19 99 19 0 0
optfile.cpp  -20 99 20 0 0
optfile.cpp  -21 99 21 0 0
optfile.cpp  -22 99 22 0 0
optfile.cpp  -23 99 23 0 0
optfile.cpp  -24 99 24 0 0
optfile.cpp  -25 99 25 0 0
optfile.cpp  -26 99 26 0 0
optfile.cpp  -27 99 27 0 0
optfile.cpp  -28 99 28 0 0
optfile.cpp  -29 99 29 0 0
optfile.cpp  -30 99 29 0 0
optfile.cpp  -31 99 29 0 0
optfile.cpp  -32 99 29 0 0
optfile.cpp  -33 99 29 0 0
optfile.cpp  1 149 100 0 0
optfile.cpp  1 400 6 0 0
optfile.cpp  2 162 0 0 0
optfile.cpp  1 398 1 0 0
optfile.cpp  2 177 1 0 0
optfile.cpp  2 110 0 0 0
optfile.cpp  2 32 1 0 0
optfile.cpp  2 93 4 0 0
optfile.cpp  2 57 4 0 0
optfile.cpp  2 94 1 0 0
optfile.cpp  2 128 100 0 0
optfile.cpp  1 111 4 0 0
optfile.cpp  1 305 1 0 0
optfile.cpp  1 306 0 0 0
optfile.cpp  1 141 11 0 0
optfile.cpp  1 139 3 0 0
optfile.cpp  -999 49 20 0 0
optfile.cpp  -999 50 20 0 0
optfile.cpp  -1 49 40 0 0
optfile.cpp  -1 50 40 0 0
optfile.cpp  -2 49 40 0 0
optfile.cpp  -2 50 40 0 0
optfile.cpp  -4 49 40 0 0
optfile.cpp  -4 50 40 0 0
optfile.cpp  -6 49 40 0 0
optfile.cpp  -6 50 40 0 0
optfile.cpp  -7 49 40 0 0
optfile.cpp  -7 50 40 0 0
optfile.cpp  -8 49 40 0 0
optfile.cpp  -8 50 40 0 0
optfile.cpp  -10 49 40 0 0
optfile.cpp  -10 50 40 0 0
optfile.cpp  -29 49 40 0 0
optfile.cpp  -29 50 40 0 0
optfile.cpp  -30 49 40 0 0
optfile.cpp  -30 50 40 0 0
optfile.cpp  -31 49 40 0 0
optfile.cpp  -31 50 40 0 0
optfile.cpp  -32 49 40 0 0
optfile.cpp  -32 50 40 0 0
optfile.cpp  -33 49 40 0 0
optfile.cpp  -33 50 40 0 0
optfile.cpp  1 33 99 0 0
optfile.cpp  2 96 30 0 0
optfile.cpp  2 198 1 0 0
optfile.cpp  -999 43 0 0 0
optfile.cpp  -999 44 0 0 0
optfile.cpp  -1 32 1 0 0
optfile.cpp  -2 32 2 0 0
optfile.cpp  -3 32 3 0 0
optfile.cpp  -4 32 4 0 0
optfile.cpp  -5 32 5 0 0
optfile.cpp  -6 32 6 0 0
optfile.cpp  -7 32 7 0 0
optfile.cpp  -8 32 8 0 0
optfile.cpp  -9 32 9 0 0
optfile.cpp  -10 32 10 0 0
optfile.cpp  -11 32 11 0 0
optfile.cpp  -12 32 12 0 0
optfile.cpp  -13 32 13 0 0
optfile.cpp  -14 32 14 0 0
optfile.cpp  -15 32 14 0 0
optfile.cpp  -16 32 15 0 0
optfile.cpp  -17 32 14 0 0
optfile.cpp  -18 32 14 0 0
optfile.cpp  -19 32 16 0 0
optfile.cpp  -20 32 16 0 0
optfile.cpp  -21 32 14 0 0
optfile.cpp  -22 32 14 0 0
optfile.cpp  -23 32 17 0 0
optfile.cpp  -24 32 18 0 0
optfile.cpp  -25 32 19 0 0
optfile.cpp  -26 32 20 0 0
optfile.cpp  -27 32 19 0 0
optfile.cpp  -28 32 20 0 0
optfile.cpp  -29 32 21 0 0
optfile.cpp  -30 32 21 0 0
optfile.cpp  -31 32 21 0 0
optfile.cpp  -32 32 21 0 0
optfile.cpp  -33 32 21 0 0
optfile.cpp  -999 3 37 0 0
optfile.cpp  -999 26 2 0 0
optfile.cpp  -999 57 3 0 0
optfile.cpp  -999 61 5 0 0
optfile.cpp  -10 16 1 0 0
optfile.cpp  -10 56 10000 0 0
optfile.cpp  -1 24 1 0 0
optfile.cpp  -2 24 2 0 0
optfile.cpp  -3 24 3 0 0
optfile.cpp  -4 24 4 0 0
optfile.cpp  -5 24 5 0 0
optfile.cpp  -6 24 6 0 0
optfile.cpp  -7 24 7 0 0
optfile.cpp  -8 24 8 0 0
optfile.cpp  -9 24 9 0 0
optfile.cpp  -10 24 10 0 0
optfile.cpp  -11 24 11 0 0
optfile.cpp  -12 24 12 0 0
optfile.cpp  -13 24 13 0 0
optfile.cpp  -14 24 14 0 0
optfile.cpp  -15 24 15 0 0
optfile.cpp  -16 24 16 0 0
optfile.cpp  -17 24 17 0 0
optfile.cpp  -18 24 18 0 0
optfile.cpp  -19 24 19 0 0
optfile.cpp  -20 24 20 0 0
optfile.cpp  -21 24 21 0 0
optfile.cpp  -22 24 22 0 0
optfile.cpp  -23 24 23 0 0
optfile.cpp  -24 24 24 0 0
optfile.cpp  -25 24 25 0 0
optfile.cpp  -26 24 26 0 0
optfile.cpp  -27 24 27 0 0
optfile.cpp  -28 24 28 0 0
optfile.cpp  -29 24 29 0 0
optfile.cpp  -30 24 29 0 0
optfile.cpp  -31 24 29 0 0
optfile.cpp  -32 24 29 0 0
optfile.cpp  -33 24 29 0 0
optfile.cpp  -2 75 2 0 0
optfile.cpp  -4 75 2 0 0
optfile.cpp  -5 75 2 0 0
optfile.cpp  -7 75 2 0 0
optfile.cpp  -8 75 2 0 0
optfile.cpp  -9 75 2 0 0
optfile.cpp  -10 75 2 0 0
optfile.cpp  -14 75 5 0 0
optfile.cpp  -15 75 5 0 0
optfile.cpp  -19 16 0 0 0
optfile.cpp  -19 3 25 0 0
optfile.cpp  -25 16 0 0 0
optfile.cpp  -25 3 25 0 0
optfile.cpp  -26 16 0 0 0
optfile.cpp  -26 3 25 0 0
optfile.cpp  -27 16 0 0 0
optfile.cpp  -27 3 30 0 0
optfile.cpp  -17 16 0 0 0
optfile.cpp  -17 3 25 0 0
optfile.cpp  -18 16 0 0 0
optfile.cpp  -18 3 25 0 0
optfile.cpp  -12 16 0 0 0
optfile.cpp  -12 3 25 0 0
optfile.cpp  -13 16 0 0 0
optfile.cpp  -13 3 30 0 0
optfile.cpp  -22 16 0 0 0
optfile.cpp  -22 3 7 0 0
optfile.cpp  -24 16 0 0 0
optfile.cpp  -24 3 25 0 0
optfile.cpp  -21 16 0 0 0
optfile.cpp  -21 3 10 0 0
optfile.cpp  -16 16 0 0 0
optfile.cpp  -16 3 25 0 0
optfile.cpp  -23 16 0 0 0
optfile.cpp  -23 3 6 0 0
optfile.cpp  2 188 2 0 0
optfile.cpp  2 109 3 0 0
optfile.cpp  1 121 0 0 0
optfile.cpp  1 311 1 0 0
optfile.cpp  1 301 1 0 0
optfile.cpp  1 313 0 0 0
optfile.cpp  1 303 0 0 0
optfile.cpp  1 312 50 0 0
optfile.cpp  1 302 50 0 0
optfile.cpp  1 34 0 0 0
optfile.cpp  -15 16 0 0 0
optfile.cpp  -15 3 25 0 0
optfile.cpp  -25 61 7 0 0
optfile.cpp  -25 75 0 0 0
optfile.cpp  -26 61 7 0 0
optfile.cpp  -26 75 0 0 0
optfile.cpp  -1 75 2 0 0
optfile.cpp  -3 75 2 0 0
optfile.cpp  -6 75 2 0 0
optfile.cpp  -11 75 2 0 0
optfile.cpp  -12 75 2 0 0
optfile.cpp  -13 75 1 0 0
optfile.cpp  -29 75 2 0 0
optfile.cpp  -30 75 2 0 0
optfile.cpp  -31 75 2 0 0
optfile.cpp  -32 75 2 0 0
optfile.cpp  -33 75 2 0 0
optfile.cpp  1 320 5 0 0
optfile.cpp  1 342 25 0 0
optfile.cpp  -1 68 1 0 0
optfile.cpp  -2 68 1 0 0
optfile.cpp  -3 68 1 0 0
optfile.cpp  -4 68 1 0 0
optfile.cpp  -5 68 2 0 0
optfile.cpp  -6 68 1 0 0
optfile.cpp  -7 68 1 0 0
optfile.cpp  -8 68 1 0 0
optfile.cpp  -9 68 2 0 0
optfile.cpp  -10 68 1 0 0
optfile.cpp  -11 68 1 0 0
optfile.cpp  -12 68 3 0 0
optfile.cpp  -13 68 7 0 0
optfile.cpp  -14 68 6 0 0
optfile.cpp  -15 68 6 0 0
optfile.cpp  -16 68 7 0 0
optfile.cpp  -17 68 3 0 0
optfile.cpp  -18 68 3 0 0
optfile.cpp  -19 68 4 0 0
optfile.cpp  -20 68 5 0 0
optfile.cpp  -21 68 7 0 0
optfile.cpp  -22 68 7 0 0
optfile.cpp  -23 68 7 0 0
optfile.cpp  -24 68 7 0 0
optfile.cpp  -25 68 4 0 0
optfile.cpp  -26 68 4 0 0
optfile.cpp  -27 68 5 0 0
optfile.cpp  -28 68 5 0 0
optfile.cpp  -29 68 8 0 0
optfile.cpp  -30 68 8 0 0
optfile.cpp  -31 68 8 0 0
optfile.cpp  -32 68 8 0 0
optfile.cpp  -33 68 8 0 0
optfile.cpp  -999 69 0 0 0
optfile.cpp  -999 89 0 0 0
optfile.cpp  -1 16 0 0 0
optfile.cpp  -1 24 1 0 0
optfile.cpp  -1 56 0 0 0
optfile.cpp  -1 57 3 0 0
optfile.cpp  -1 61 5 0 0
optfile.cpp  -2 16 0 0 0
optfile.cpp  -2 24 2 0 0
optfile.cpp  -2 56 0 0 0
optfile.cpp  -2 57 3 0 0
optfile.cpp  -2 61 5 0 0
optfile.cpp  -3 16 0 0 0
optfile.cpp  -3 24 3 0 0
optfile.cpp  -3 56 0 0 0
optfile.cpp  -3 57 3 0 0
optfile.cpp  -3 61 5 0 0
optfile.cpp  -4 16 0 0 0
optfile.cpp  -4 24 4 0 0
optfile.cpp  -4 56 0 0 0
optfile.cpp  -4 57 3 0 0
optfile.cpp  -4 61 5 0 0
optfile.cpp  -5 16 0 0 0
optfile.cpp  -5 24 5 0 0
optfile.cpp  -5 56 0 0 0
optfile.cpp  -5 57 3 0 0
optfile.cpp  -5 61 5 0 0
optfile.cpp  -6 16 0 0 0
optfile.cpp  -6 24 6 0 0
optfile.cpp  -6 56 0 0 0
optfile.cpp  -6 57 3 0 0
optfile.cpp  -6 61 5 0 0
optfile.cpp  -7 16 0 0 0
optfile.cpp  -7 24 7 0 0
optfile.cpp  -7 56 0 0 0
optfile.cpp  -7 57 3 0 0
optfile.cpp  -7 61 5 0 0
optfile.cpp  -8 16 0 0 0
optfile.cpp  -8 24 8 0 0
optfile.cpp  -8 56 0 0 0
optfile.cpp  -8 57 3 0 0
optfile.cpp  -8 61 5 0 0
optfile.cpp  -9 16 0 0 0
optfile.cpp  -9 24 9 0 0
optfile.cpp  -9 56 0 0 0
optfile.cpp  -9 57 3 0 0
optfile.cpp  -9 61 5 0 0
optfile.cpp  -10 16 1 0 0
optfile.cpp  -10 24 10 0 0
optfile.cpp  -10 56 10000 0 0
optfile.cpp  -10 57 3 0 0
optfile.cpp  -10 61 5 0 0
optfile.cpp  -11 16 0 0 0
optfile.cpp  -11 24 11 0 0
optfile.cpp  -11 56 0 0 0
optfile.cpp  -11 57 3 0 0
optfile.cpp  -11 61 5 0 0
optfile.cpp  -12 16 0 0 0
optfile.cpp  -12 24 12 0 0
optfile.cpp  -12 56 0 0 0
optfile.cpp  -12 57 3 0 0
optfile.cpp  -12 61 5 0 0
optfile.cpp  -13 16 0 0 0
optfile.cpp  -13 24 13 0 0
optfile.cpp  -13 56 0 0 0
optfile.cpp  -13 57 3 0 0
optfile.cpp  -13 61 5 0 0
optfile.cpp  -14 16 0 0 0
optfile.cpp  -14 24 14 0 0
optfile.cpp  -14 56 0 0 0
optfile.cpp  -14 57 3 0 0
optfile.cpp  -14 61 5 0 0
optfile.cpp  -15 16 0 0 0
optfile.cpp  -15 24 15 0 0
optfile.cpp  -15 56 0 0 0
optfile.cpp  -15 57 3 0 0
optfile.cpp  -15 61 5 0 0
optfile.cpp  -16 16 0 0 0
optfile.cpp  -16 24 16 0 0
optfile.cpp  -16 56 0 0 0
optfile.cpp  -16 57 3 0 0
optfile.cpp  -16 61 5 0 0
optfile.cpp  -17 16 0 0 0
optfile.cpp  -17 24 17 0 0
optfile.cpp  -17 56 0 0 0
optfile.cpp  -17 57 3 0 0
optfile.cpp  -17 61 5 0 0
optfile.cpp  -18 16 0 0 0
optfile.cpp  -18 24 18 0 0
optfile.cpp  -18 56 0 0 0
optfile.cpp  -18 57 3 0 0
optfile.cpp  -18 61 5 0 0
optfile.cpp  -19 16 0 0 0
optfile.cpp  -19 24 19 0 0
optfile.cpp  -19 56 0 0 0
optfile.cpp  -19 57 3 0 0
optfile.cpp  -19 61 5 0 0
optfile.cpp  -20 16 0 0 0
optfile.cpp  -20 24 20 0 0
optfile.cpp  -20 56 0 0 0
optfile.cpp  -20 57 3 0 0
optfile.cpp  -20 61 5 0 0
optfile.cpp  -21 16 0 0 0
optfile.cpp  -21 24 21 0 0
optfile.cpp  -21 56 0 0 0
optfile.cpp  -21 57 3 0 0
optfile.cpp  -21 61 5 0 0
optfile.cpp  -22 16 0 0 0
optfile.cpp  -22 24 22 0 0
optfile.cpp  -22 56 0 0 0
optfile.cpp  -22 57 3 0 0
optfile.cpp  -22 61 5 0 0
optfile.cpp  -23 16 0 0 0
optfile.cpp  -23 24 23 0 0
optfile.cpp  -23 56 0 0 0
optfile.cpp  -23 57 3 0 0
optfile.cpp  -23 61 5 0 0
optfile.cpp  -24 16 0 0 0
optfile.cpp  -24 24 24 0 0
optfile.cpp  -24 56 0 0 0
optfile.cpp  -24 57 3 0 0
optfile.cpp  -24 61 5 0 0
optfile.cpp  -25 16 0 0 0
optfile.cpp  -25 24 25 0 0
optfile.cpp  -25 56 0 0 0
optfile.cpp  -25 57 3 0 0
optfile.cpp  -25 61 7 0 0
optfile.cpp  -26 16 0 0 0
optfile.cpp  -26 24 26 0 0
optfile.cpp  -26 56 0 0 0
optfile.cpp  -26 57 3 0 0
optfile.cpp  -26 61 7 0 0
optfile.cpp  -27 16 0 0 0
optfile.cpp  -27 24 27 0 0
optfile.cpp  -27 56 0 0 0
optfile.cpp  -27 57 3 0 0
optfile.cpp  -27 61 5 0 0
optfile.cpp  -28 16 0 0 0
optfile.cpp  -28 24 28 0 0
optfile.cpp  -28 56 0 0 0
optfile.cpp  -28 57 3 0 0
optfile.cpp  -28 61 5 0 0
optfile.cpp  -29 16 0 0 0
optfile.cpp  -29 24 29 0 0
optfile.cpp  -29 56 0 0 0
optfile.cpp  -29 57 3 0 0
optfile.cpp  -29 61 5 0 0
optfile.cpp  -30 16 0 0 0
optfile.cpp  -30 24 30 0 0
optfile.cpp  -30 56 0 0 0
optfile.cpp  -30 57 3 0 0
optfile.cpp  -30 61 5 0 0
optfile.cpp  -31 16 0 0 0
optfile.cpp  -31 24 31 0 0
optfile.cpp  -31 56 0 0 0
optfile.cpp  -31 57 3 0 0
optfile.cpp  -31 61 5 0 0
optfile.cpp  -32 16 0 0 0
optfile.cpp  -32 24 32 0 0
optfile.cpp  -32 56 0 0 0
optfile.cpp  -32 57 3 0 0
optfile.cpp  -32 61 5 0 0
optfile.cpp  -33 16 1 0 0
optfile.cpp  -33 24 33 0 0
optfile.cpp  -33 56 10000 0 0
optfile.cpp  -33 57 3 0 0
optfile.cpp  -33 61 5 0 0
number of options was 447
input (.frq) file: bet.frq
 GRADSTACK_BUFFER_SIZE read in and set equal to 100000000
 CMPDIF_BUFFER_SIZE read in and set equal to 850000000
 array memblock size read in and set equal to 1500000000
10
1570
Making a copy of an unallocated dvector
Making a copy of an unallocated dvector
Making a copy of an unallocated dvector
Making a copy of an unallocated dvector
Making a copy of an unallocated dvector
Making a copy of an unallocated dvector
Making a copy of an unallocated dvector
Making a copy of an unallocated dvector
Making a copy of an unallocated dvector
Making a copy of an unallocated dvector
Making a copy of an unallocated dvector
Making a copy of an unallocated dvector
Making a copy of an unallocated dvector
Making a copy of an unallocated dvector
Making a copy of an unallocated dvector
Making a copy of an unallocated dvector
Making a copy of an unallocated dvector
Making a copy of an unallocated dvector
Making a copy of an unallocated dvector
Making a copy of an unallocated dvector
Making a copy of an unallocated dvector
Making a copy of an unallocated dvector
Making a copy of an unallocated dvector
Making a copy of an unallocated dvector
Making a copy of an unallocated dvector
Making a copy of an unallocated dvector
Making a copy of an unallocated dvector
Making a copy of an unallocated dvector
Making a copy of an unallocated dvector
Making a copy of an unallocated dvector
Making a copy of an unallocated dvector
Making a copy of an unallocated dvector
Making a copy of an unallocated dvector
Making a copy of an unallocated dvector
Making a copy of an unallocated dvector
Making a copy of an unallocated dvector
Making a copy of an unallocated dvector
Making a copy of an unallocated dvector
Making a copy of an unallocated dvector
Making a copy of an unallocated dvector
Making a copy of an unallocated dvector
Making a copy of an unallocated dvector
Making a copy of an unallocated dvector
Making a copy of an unallocated dvector
Making a copy of an unallocated dvector
Making a copy of an unallocated dvector
Making a copy of an unallocated dvector
making a copy of an unallocated age_length_record_array
Making a copy of an unallocated dvector
Making a copy of an unallocated dvector
Making a copy of an unallocated dvector
Making a copy of an unallocated dvector
Minttp report
1 183 183 2
2 183 183 2
3 183 183 2
4 183 183 2
5 183 183 2
Bounds error reading cpmature_at_length(1) in par file 
 value is 1.96075e-09
 Has been reset to: 1e-08
Bounds error reading cpmature_at_length(2) in par file 
 value is 3.62989e-09
 Has been reset to: 1e-08
Bounds error reading cpmature_at_length(3) in par file 
 value is 6.46139e-09
 Has been reset to: 1e-08
Error trying to open selblocks.dat 
Input solution .par was generated by the current version
sample size of 35 is less than minimum of 50
setting length sample size to zero
sample size of 25 is less than minimum of 50
setting length sample size to zero
sample size of 30 is less than minimum of 50
setting length sample size to zero
sample size of 37.4349 is less than minimum of 50
setting length sample size to zero
sample size of 35.4882 is less than minimum of 50
setting length sample size to zero
sample size of 43 is less than minimum of 50
setting length sample size to zero
sample size of 6 is less than minimum of 50
setting length sample size to zero
sample size of 41 is less than minimum of 50
setting length sample size to zero
Only one non zero slot in this sample
setting length sample size to zero
sample size of 40 is less than minimum of 50
setting length sample size to zero
sample size of 21 is less than minimum of 50
setting length sample size to zero
sample size of 15 is less than minimum of 50
setting length sample size to zero
sample size of 10 is less than minimum of 50
setting length sample size to zero
sample size of 2 is less than minimum of 50
setting length sample size to zero
sample size of 14 is less than minimum of 50
setting length sample size to zero
sample size of 15 is less than minimum of 50
setting length sample size to zero
sample size of 13 is less than minimum of 50
setting length sample size to zero
sample size of 3 is less than minimum of 50
setting length sample size to zero
sample size of 5 is less than minimum of 50
setting length sample size to zero
sample size of 3 is less than minimum of 50
setting length sample size to zero
Only one non zero slot in this sample
setting length sample size to zero
sample size of 4 is less than minimum of 50
setting length sample size to zero
sample size of 2 is less than minimum of 50
setting length sample size to zero
sample size of 42.6227 is less than minimum of 50
setting length sample size to zero
sample size of 40.3817 is less than minimum of 50
setting length sample size to zero
sample size of 36.1407 is less than minimum of 50
setting length sample size to zero
sample size of 21.2462 is less than minimum of 50
setting length sample size to zero
sample size of 44.7209 is less than minimum of 50
setting length sample size to zero
sample size of 35.4387 is less than minimum of 50
setting length sample size to zero
sample size of 34.263 is less than minimum of 50
setting length sample size to zero
sample size of 31.5782 is less than minimum of 50
setting length sample size to zero
sample size of 36.1349 is less than minimum of 50
setting length sample size to zero
sample size of 32.4981 is less than minimum of 50
setting length sample size to zero
sample size of 44.506 is less than minimum of 50
setting length sample size to zero
sample size of 47.3251 is less than minimum of 50
setting length sample size to zero
sample size of 25.965 is less than minimum of 50
setting length sample size to zero
sample size of 45.7211 is less than minimum of 50
setting length sample size to zero
sample size of 35 is less than minimum of 50
setting length sample size to zero
sample size of 49.0375 is less than minimum of 50
setting length sample size to zero
sample size of 25 is less than minimum of 50
setting length sample size to zero
sample size of 3 is less than minimum of 50
setting length sample size to zero
sample size of 2 is less than minimum of 50
setting length sample size to zero
sample size of 3 is less than minimum of 50
setting length sample size to zero
sample size of 16 is less than minimum of 50
setting length sample size to zero
sample size of 4 is less than minimum of 50
setting length sample size to zero
Only one non zero slot in this sample
setting length sample size to zero
sample size of 40 is less than minimum of 50
setting length sample size to zero
sample size of 5 is less than minimum of 50
setting length sample size to zero
sample size of 4 is less than minimum of 50
setting length sample size to zero
sample size of 42 is less than minimum of 50
setting length sample size to zero
sample size of 33.1143 is less than minimum of 50
setting length sample size to zero
sample size of 15 is less than minimum of 50
setting length sample size to zero
sample size of 7 is less than minimum of 50
setting length sample size to zero
sample size of 35 is less than minimum of 50
setting length sample size to zero
sample size of 24 is less than minimum of 50
setting length sample size to zero
sample size of 31 is less than minimum of 50
setting length sample size to zero
sample size of 44 is less than minimum of 50
setting length sample size to zero
sample size of 29 is less than minimum of 50
setting length sample size to zero
sample size of 29 is less than minimum of 50
setting length sample size to zero
sample size of 4 is less than minimum of 50
setting length sample size to zero
sample size of 35.4142 is less than minimum of 50
setting length sample size to zero
sample size of 8 is less than minimum of 50
setting length sample size to zero
sample size of 38 is less than minimum of 50
setting length sample size to zero
sample size of 42 is less than minimum of 50
setting length sample size to zero
sample size of 8 is less than minimum of 50
setting length sample size to zero
sample size of 46 is less than minimum of 50
setting length sample size to zero
sample size of 40.3972 is less than minimum of 50
setting length sample size to zero
sample size of 35.2168 is less than minimum of 50
setting length sample size to zero
sample size of 13 is less than minimum of 50
setting length sample size to zero
sample size of 46 is less than minimum of 50
setting length sample size to zero
sample size of 15 is less than minimum of 50
setting length sample size to zero
sample size of 2 is less than minimum of 50
setting length sample size to zero
sample size of 7 is less than minimum of 50
setting length sample size to zero
sample size of 18 is less than minimum of 50
setting length sample size to zero
sample size of 2 is less than minimum of 50
setting length sample size to zero
sample size of 39 is less than minimum of 50
setting length sample size to zero
sample size of 41 is less than minimum of 50
setting length sample size to zero
sample size of 27 is less than minimum of 50
setting length sample size to zero
sample size of 43 is less than minimum of 50
setting length sample size to zero
sample size of 26.1022 is less than minimum of 50
setting length sample size to zero
sample size of 35 is less than minimum of 50
setting length sample size to zero
sample size of 49.8675 is less than minimum of 50
setting length sample size to zero
sample size of 20 is less than minimum of 50
setting length sample size to zero
sample size of 16 is less than minimum of 50
setting length sample size to zero
sample size of 4 is less than minimum of 50
setting length sample size to zero
sample size of 21 is less than minimum of 50
setting length sample size to zero
sample size of 36.9749 is less than minimum of 50
setting length sample size to zero
sample size of 18 is less than minimum of 50
setting length sample size to zero
sample size of 20 is less than minimum of 50
setting length sample size to zero
sample size of 7 is less than minimum of 50
setting length sample size to zero
sample size of 39.4987 is less than minimum of 50
setting length sample size to zero
sample size of 48 is less than minimum of 50
setting length sample size to zero
sample size of 39 is less than minimum of 50
setting length sample size to zero
sample size of 38.2831 is less than minimum of 50
setting length sample size to zero
sample size of 47 is less than minimum of 50
setting length sample size to zero
sample size of 42 is less than minimum of 50
setting length sample size to zero
sample size of 9 is less than minimum of 50
setting length sample size to zero
sample size of 28 is less than minimum of 50
setting length sample size to zero
sample size of 35 is less than minimum of 50
setting length sample size to zero
sample size of 29 is less than minimum of 50
setting length sample size to zero
sample size of 4 is less than minimum of 50
setting length sample size to zero
sample size of 46 is less than minimum of 50
setting length sample size to zero
sample size of 18 is less than minimum of 50
setting length sample size to zero
sample size of 32.0188 is less than minimum of 50
setting length sample size to zero
sample size of 18 is less than minimum of 50
setting length sample size to zero
sample size of 15 is less than minimum of 50
setting length sample size to zero
sample size of 31 is less than minimum of 50
setting length sample size to zero
sample size of 13 is less than minimum of 50
setting length sample size to zero
sample size of 42 is less than minimum of 50
setting length sample size to zero
sample size of 36 is less than minimum of 50
setting length sample size to zero
sample size of 3 is less than minimum of 50
setting length sample size to zero
sample size of 39 is less than minimum of 50
setting length sample size to zero
sample size of 29 is less than minimum of 50
setting length sample size to zero
sample size of 41 is less than minimum of 50
setting length sample size to zero
sample size of 33 is less than minimum of 50
setting length sample size to zero
sample size of 23 is less than minimum of 50
setting length sample size to zero
sample size of 48 is less than minimum of 50
setting length sample size to zero
sample size of 12 is less than minimum of 50
setting length sample size to zero
sample size of 26 is less than minimum of 50
setting length sample size to zero
sample size of 42 is less than minimum of 50
setting length sample size to zero
sample size of 24 is less than minimum of 50
setting length sample size to zero
sample size of 7 is less than minimum of 50
setting length sample size to zero
sample size of 20 is less than minimum of 50
setting length sample size to zero
sample size of 46 is less than minimum of 50
setting length sample size to zero
sample size of 39 is less than minimum of 50
setting length sample size to zero
sample size of 28 is less than minimum of 50
setting length sample size to zero
sample size of 14 is less than minimum of 50
setting length sample size to zero
sample size of 7 is less than minimum of 50
setting length sample size to zero
sample size of 35 is less than minimum of 50
setting length sample size to zero
sample size of 22 is less than minimum of 50
setting length sample size to zero
sample size of 35 is less than minimum of 50
setting length sample size to zero
sample size of 6 is less than minimum of 50
setting length sample size to zero
sample size of 43 is less than minimum of 50
setting length sample size to zero
sample size of 26 is less than minimum of 50
setting length sample size to zero
sample size of 10 is less than minimum of 50
setting length sample size to zero
sample size of 18 is less than minimum of 50
setting length sample size to zero
sample size of 41.4627 is less than minimum of 50
setting length sample size to zero
sample size of 41 is less than minimum of 50
setting length sample size to zero
sample size of 32 is less than minimum of 50
setting length sample size to zero
sample size of 9 is less than minimum of 50
setting length sample size to zero
sample size of 22 is less than minimum of 50
setting length sample size to zero
Only one non zero slot in this sample
setting length sample size to zero
sample size of 6 is less than minimum of 50
setting length sample size to zero
sample size of 23 is less than minimum of 50
setting length sample size to zero
sample size of 8 is less than minimum of 50
setting length sample size to zero
sample size of 39 is less than minimum of 50
setting length sample size to zero
sample size of 45 is less than minimum of 50
setting length sample size to zero
sample size of 46 is less than minimum of 50
setting length sample size to zero
sample size of 30 is less than minimum of 50
setting length sample size to zero
sample size of 37 is less than minimum of 50
setting length sample size to zero
sample size of 22 is less than minimum of 50
setting length sample size to zero
sample size of 40 is less than minimum of 50
setting length sample size to zero
sample size of 43.1366 is less than minimum of 50
setting length sample size to zero
sample size of 45 is less than minimum of 50
setting length sample size to zero
sample size of 46 is less than minimum of 50
setting length sample size to zero
sample size of 35 is less than minimum of 50
setting length sample size to zero
sample size of 49 is less than minimum of 50
setting length sample size to zero
sample size of 40 is less than minimum of 50
setting length sample size to zero
sample size of 14 is less than minimum of 50
setting length sample size to zero
sample size of 39 is less than minimum of 50
setting length sample size to zero
sample size of 35 is less than minimum of 50
setting length sample size to zero
sample size of 37 is less than minimum of 50
setting length sample size to zero
sample size of 9 is less than minimum of 50
setting length sample size to zero
sample size of 32 is less than minimum of 50
setting length sample size to zero
sample size of 35 is less than minimum of 50
setting length sample size to zero
sample size of 10 is less than minimum of 50
setting length sample size to zero
sample size of 47 is less than minimum of 50
setting length sample size to zero
sample size of 23 is less than minimum of 50
setting length sample size to zero
sample size of 38 is less than minimum of 50
setting length sample size to zero
sample size of 39 is less than minimum of 50
setting length sample size to zero
sample size of 36 is less than minimum of 50
setting length sample size to zero
sample size of 28 is less than minimum of 50
setting length sample size to zero
sample size of 29 is less than minimum of 50
setting length sample size to zero
sample size of 12 is less than minimum of 50
setting length sample size to zero
sample size of 9 is less than minimum of 50
setting length sample size to zero
sample size of 31.8502 is less than minimum of 50
setting length sample size to zero
sample size of 9 is less than minimum of 50
setting length sample size to zero
sample size of 12 is less than minimum of 50
setting length sample size to zero
sample size of 10 is less than minimum of 50
setting length sample size to zero
sample size of 29 is less than minimum of 50
setting length sample size to zero
sample size of 10 is less than minimum of 50
setting length sample size to zero
sample size of 28 is less than minimum of 50
setting length sample size to zero
sample size of 2 is less than minimum of 50
setting length sample size to zero
sample size of 47 is less than minimum of 50
setting length sample size to zero
sample size of 8 is less than minimum of 50
setting length sample size to zero
sample size of 42.6909 is less than minimum of 50
setting length sample size to zero
sample size of 44.6677 is less than minimum of 50
setting length sample size to zero
sample size of 34.8474 is less than minimum of 50
setting length sample size to zero
sample size of 39.0644 is less than minimum of 50
setting length sample size to zero
sample size of 45.1773 is less than minimum of 50
setting length sample size to zero
sample size of 31.7291 is less than minimum of 50
setting length sample size to zero
sample size of 27.9085 is less than minimum of 50
setting length sample size to zero
sample size of 49.1552 is less than minimum of 50
setting length sample size to zero
sample size of 8 is less than minimum of 50
setting length sample size to zero
sample size of 49 is less than minimum of 50
setting length sample size to zero
Only one non zero slot in this sample
setting length sample size to zero
sample size of 15 is less than minimum of 50
setting length sample size to zero
sample size of 6 is less than minimum of 50
setting length sample size to zero
sample size of 6 is less than minimum of 50
setting length sample size to zero
sample size of 5 is less than minimum of 50
setting length sample size to zero
sample size of 13 is less than minimum of 50
setting length sample size to zero
sample size of 20 is less than minimum of 50
setting length sample size to zero
sample size of 5 is less than minimum of 50
setting length sample size to zero
sample size of 30 is less than minimum of 50
setting length sample size to zero
sample size of 36 is less than minimum of 50
setting length sample size to zero
sample size of 13 is less than minimum of 50
setting length sample size to zero
sample size of 32 is less than minimum of 50
setting length sample size to zero
sample size of 12 is less than minimum of 50
setting length sample size to zero
sample size of 10 is less than minimum of 50
setting length sample size to zero
sample size of 3 is less than minimum of 50
setting length sample size to zero
sample size of 37 is less than minimum of 50
setting length sample size to zero
sample size of 15 is less than minimum of 50
setting length sample size to zero
sample size of 28.1943 is less than minimum of 50
setting length sample size to zero
sample size of 40.8292 is less than minimum of 50
setting length sample size to zero
sample size of 21.9422 is less than minimum of 50
setting length sample size to zero
tag3.cpp 1
testing threaded tag_catch_equations
enter 1 for test or 0 for no test
calling fsh.set_shark_no_vonb_var_control_switches
Warning -- Error in input parameter file -- fish_flags(1,3) is not equal to 39
Warning -- Error in input parameter file -- fish_flags(2,3) is not equal to 39
Warning -- Error in input parameter file -- fish_flags(3,3) is not equal to 39
Warning -- Error in input parameter file -- fish_flags(4,3) is not equal to 39
Warning -- Error in input parameter file -- fish_flags(5,3) is not equal to 39
Warning -- Error in input parameter file -- fish_flags(6,3) is not equal to 39
Warning -- Error in input parameter file -- fish_flags(7,3) is not equal to 39
Warning -- Error in input parameter file -- fish_flags(8,3) is not equal to 39
Warning -- Error in input parameter file -- fish_flags(9,3) is not equal to 39
Warning -- Error in input parameter file -- fish_flags(10,3) is not equal to 39
Warning -- Error in input parameter file -- fish_flags(11,3) is not equal to 39
Warning -- Error in input parameter file -- fish_flags(12,3) is not equal to 39
Warning -- Error in input parameter file -- fish_flags(13,3) is not equal to 39
Warning -- Error in input parameter file -- fish_flags(14,3) is not equal to 39
Warning -- Error in input parameter file -- fish_flags(15,3) is not equal to 39
Warning -- Error in input parameter file -- fish_flags(16,3) is not equal to 39
Warning -- Error in input parameter file -- fish_flags(17,3) is not equal to 39
Warning -- Error in input parameter file -- fish_flags(18,3) is not equal to 39
Warning -- Error in input parameter file -- fish_flags(19,3) is not equal to 39
Warning -- Error in input parameter file -- fish_flags(20,3) is not equal to 39
Warning -- Error in input parameter file -- fish_flags(21,3) is not equal to 39
Warning -- Error in input parameter file -- fish_flags(22,3) is not equal to 39
Warning -- Error in input parameter file -- fish_flags(23,3) is not equal to 39
Warning -- Error in input parameter file -- fish_flags(24,3) is not equal to 39
Warning -- Error in input parameter file -- fish_flags(25,3) is not equal to 39
Warning -- Error in input parameter file -- fish_flags(26,3) is not equal to 39
Warning -- Error in input parameter file -- fish_flags(27,3) is not equal to 39
Warning -- Error in input parameter file -- fish_flags(28,3) is not equal to 39
Warning -- Error in input parameter file -- fish_flags(29,3) is not equal to 39
Warning -- Error in input parameter file -- fish_flags(30,3) is not equal to 39
Warning -- Error in input parameter file -- fish_flags(31,3) is not equal to 39
Warning -- Error in input parameter file -- fish_flags(32,3) is not equal to 39
Warning -- Error in input parameter file -- fish_flags(33,3) is not equal to 39
 WARNING: reporting rates for tag release event:  1 applied during the mixing period. This is not advisable!
 Consider setting tag_flags(it,2) = 1 to disable   application during the mixing period
 WARNING: reporting rates for tag release event:  2 applied during the mixing period. This is not advisable!
 Consider setting tag_flags(it,2) = 1 to disable   application during the mixing period
 WARNING: reporting rates for tag release event:  3 applied during the mixing period. This is not advisable!
 Consider setting tag_flags(it,2) = 1 to disable   application during the mixing period
 WARNING: reporting rates for tag release event:  4 applied during the mixing period. This is not advisable!
 Consider setting tag_flags(it,2) = 1 to disable   application during the mixing period
 WARNING: reporting rates for tag release event:  5 applied during the mixing period. This is not advisable!
 Consider setting tag_flags(it,2) = 1 to disable   application during the mixing period
 WARNING: reporting rates for tag release event:  6 applied during the mixing period. This is not advisable!
 Consider setting tag_flags(it,2) = 1 to disable   application during the mixing period
 WARNING: reporting rates for tag release event:  7 applied during the mixing period. This is not advisable!
 Consider setting tag_flags(it,2) = 1 to disable   application during the mixing period
 WARNING: reporting rates for tag release event:  8 applied during the mixing period. This is not advisable!
 Consider setting tag_flags(it,2) = 1 to disable   application during the mixing period
 WARNING: reporting rates for tag release event:  9 applied during the mixing period. This is not advisable!
 Consider setting tag_flags(it,2) = 1 to disable   application during the mixing period
 WARNING: reporting rates for tag release event:  10 applied during the mixing period. This is not advisable!
 Consider setting tag_flags(it,2) = 1 to disable   application during the mixing period
 WARNING: reporting rates for tag release event:  11 applied during the mixing period. This is not advisable!
 Consider setting tag_flags(it,2) = 1 to disable   application during the mixing period
 WARNING: reporting rates for tag release event:  12 applied during the mixing period. This is not advisable!
 Consider setting tag_flags(it,2) = 1 to disable   application during the mixing period
 WARNING: reporting rates for tag release event:  13 applied during the mixing period. This is not advisable!
 Consider setting tag_flags(it,2) = 1 to disable   application during the mixing period
 WARNING: reporting rates for tag release event:  14 applied during the mixing period. This is not advisable!
 Consider setting tag_flags(it,2) = 1 to disable   application during the mixing period
 WARNING: reporting rates for tag release event:  15 applied during the mixing period. This is not advisable!
 Consider setting tag_flags(it,2) = 1 to disable   application during the mixing period
 WARNING: reporting rates for tag release event:  16 applied during the mixing period. This is not advisable!
 Consider setting tag_flags(it,2) = 1 to disable   application during the mixing period
 WARNING: reporting rates for tag release event:  17 applied during the mixing period. This is not advisable!
 Consider setting tag_flags(it,2) = 1 to disable   application during the mixing period
 WARNING: reporting rates for tag release event:  18 applied during the mixing period. This is not advisable!
 Consider setting tag_flags(it,2) = 1 to disable   application during the mixing period
 WARNING: reporting rates for tag release event:  19 applied during the mixing period. This is not advisable!
 Consider setting tag_flags(it,2) = 1 to disable   application during the mixing period
 WARNING: reporting rates for tag release event:  20 applied during the mixing period. This is not advisable!
 Consider setting tag_flags(it,2) = 1 to disable   application during the mixing period
 WARNING: reporting rates for tag release event:  21 applied during the mixing period. This is not advisable!
 Consider setting tag_flags(it,2) = 1 to disable   application during the mixing period
 WARNING: reporting rates for tag release event:  22 applied during the mixing period. This is not advisable!
 Consider setting tag_flags(it,2) = 1 to disable   application during the mixing period
 WARNING: reporting rates for tag release event:  23 applied during the mixing period. This is not advisable!
 Consider setting tag_flags(it,2) = 1 to disable   application during the mixing period
 WARNING: reporting rates for tag release event:  24 applied during the mixing period. This is not advisable!
 Consider setting tag_flags(it,2) = 1 to disable   application during the mixing period
 WARNING: reporting rates for tag release event:  25 applied during the mixing period. This is not advisable!
 Consider setting tag_flags(it,2) = 1 to disable   application during the mixing period
 WARNING: reporting rates for tag release event:  26 applied during the mixing period. This is not advisable!
 Consider setting tag_flags(it,2) = 1 to disable   application during the mixing period
 WARNING: reporting rates for tag release event:  27 applied during the mixing period. This is not advisable!
 Consider setting tag_flags(it,2) = 1 to disable   application during the mixing period
 WARNING: reporting rates for tag release event:  28 applied during the mixing period. This is not advisable!
 Consider setting tag_flags(it,2) = 1 to disable   application during the mixing period
 WARNING: reporting rates for tag release event:  29 applied during the mixing period. This is not advisable!
 Consider setting tag_flags(it,2) = 1 to disable   application during the mixing period
 WARNING: reporting rates for tag release event:  30 applied during the mixing period. This is not advisable!
 Consider setting tag_flags(it,2) = 1 to disable   application during the mixing period
 WARNING: reporting rates for tag release event:  31 applied during the mixing period. This is not advisable!
 Consider setting tag_flags(it,2) = 1 to disable   application during the mixing period
 WARNING: reporting rates for tag release event:  32 applied during the mixing period. This is not advisable!
 Consider setting tag_flags(it,2) = 1 to disable   application during the mixing period
 WARNING: reporting rates for tag release event:  33 applied during the mixing period. This is not advisable!
 Consider setting tag_flags(it,2) = 1 to disable   application during the mixing period
 WARNING: reporting rates for tag release event:  34 applied during the mixing period. This is not advisable!
 Consider setting tag_flags(it,2) = 1 to disable   application during the mixing period
 WARNING: reporting rates for tag release event:  35 applied during the mixing period. This is not advisable!
 Consider setting tag_flags(it,2) = 1 to disable   application during the mixing period
 WARNING: reporting rates for tag release event:  36 applied during the mixing period. This is not advisable!
 Consider setting tag_flags(it,2) = 1 to disable   application during the mixing period
 WARNING: reporting rates for tag release event:  37 applied during the mixing period. This is not advisable!
 Consider setting tag_flags(it,2) = 1 to disable   application during the mixing period
 WARNING: reporting rates for tag release event:  38 applied during the mixing period. This is not advisable!
 Consider setting tag_flags(it,2) = 1 to disable   application during the mixing period
 WARNING: reporting rates for tag release event:  39 applied during the mixing period. This is not advisable!
 Consider setting tag_flags(it,2) = 1 to disable   application during the mixing period
 WARNING: reporting rates for tag release event:  40 applied during the mixing period. This is not advisable!
 Consider setting tag_flags(it,2) = 1 to disable   application during the mixing period
 WARNING: reporting rates for tag release event:  41 applied during the mixing period. This is not advisable!
 Consider setting tag_flags(it,2) = 1 to disable   application during the mixing period
 WARNING: reporting rates for tag release event:  42 applied during the mixing period. This is not advisable!
 Consider setting tag_flags(it,2) = 1 to disable   application during the mixing period
 WARNING: reporting rates for tag release event:  43 applied during the mixing period. This is not advisable!
 Consider setting tag_flags(it,2) = 1 to disable   application during the mixing period
 WARNING: reporting rates for tag release event:  44 applied during the mixing period. This is not advisable!
 Consider setting tag_flags(it,2) = 1 to disable   application during the mixing period
 WARNING: reporting rates for tag release event:  45 applied during the mixing period. This is not advisable!
 Consider setting tag_flags(it,2) = 1 to disable   application during the mixing period
 WARNING: reporting rates for tag release event:  46 applied during the mixing period. This is not advisable!
 Consider setting tag_flags(it,2) = 1 to disable   application during the mixing period
 WARNING: reporting rates for tag release event:  47 applied during the mixing period. This is not advisable!
 Consider setting tag_flags(it,2) = 1 to disable   application during the mixing period
 WARNING: reporting rates for tag release event:  48 applied during the mixing period. This is not advisable!
 Consider setting tag_flags(it,2) = 1 to disable   application during the mixing period
 WARNING: reporting rates for tag release event:  49 applied during the mixing period. This is not advisable!
 Consider setting tag_flags(it,2) = 1 to disable   application during the mixing period
 WARNING: reporting rates for tag release event:  50 applied during the mixing period. This is not advisable!
 Consider setting tag_flags(it,2) = 1 to disable   application during the mixing period
 WARNING: reporting rates for tag release event:  51 applied during the mixing period. This is not advisable!
 Consider setting tag_flags(it,2) = 1 to disable   application during the mixing period
 WARNING: reporting rates for tag release event:  52 applied during the mixing period. This is not advisable!
 Consider setting tag_flags(it,2) = 1 to disable   application during the mixing period
 WARNING: reporting rates for tag release event:  53 applied during the mixing period. This is not advisable!
 Consider setting tag_flags(it,2) = 1 to disable   application during the mixing period
 WARNING: reporting rates for tag release event:  54 applied during the mixing period. This is not advisable!
 Consider setting tag_flags(it,2) = 1 to disable   application during the mixing period
 WARNING: reporting rates for tag release event:  55 applied during the mixing period. This is not advisable!
 Consider setting tag_flags(it,2) = 1 to disable   application during the mixing period
 WARNING: reporting rates for tag release event:  56 applied during the mixing period. This is not advisable!
 Consider setting tag_flags(it,2) = 1 to disable   application during the mixing period
 WARNING: reporting rates for tag release event:  57 applied during the mixing period. This is not advisable!
 Consider setting tag_flags(it,2) = 1 to disable   application during the mixing period
 WARNING: reporting rates for tag release event:  58 applied during the mixing period. This is not advisable!
 Consider setting tag_flags(it,2) = 1 to disable   application during the mixing period
 WARNING: reporting rates for tag release event:  59 applied during the mixing period. This is not advisable!
 Consider setting tag_flags(it,2) = 1 to disable   application during the mixing period
 WARNING: reporting rates for tag release event:  60 applied during the mixing period. This is not advisable!
 Consider setting tag_flags(it,2) = 1 to disable   application during the mixing period
 WARNING: reporting rates for tag release event:  61 applied during the mixing period. This is not advisable!
 Consider setting tag_flags(it,2) = 1 to disable   application during the mixing period
 WARNING: reporting rates for tag release event:  62 applied during the mixing period. This is not advisable!
 Consider setting tag_flags(it,2) = 1 to disable   application during the mixing period
 WARNING: reporting rates for tag release event:  63 applied during the mixing period. This is not advisable!
 Consider setting tag_flags(it,2) = 1 to disable   application during the mixing period
 WARNING: reporting rates for tag release event:  64 applied during the mixing period. This is not advisable!
 Consider setting tag_flags(it,2) = 1 to disable   application during the mixing period
 WARNING: reporting rates for tag release event:  65 applied during the mixing period. This is not advisable!
 Consider setting tag_flags(it,2) = 1 to disable   application during the mixing period
 WARNING: reporting rates for tag release event:  66 applied during the mixing period. This is not advisable!
 Consider setting tag_flags(it,2) = 1 to disable   application during the mixing period
 WARNING: reporting rates for tag release event:  67 applied during the mixing period. This is not advisable!
 Consider setting tag_flags(it,2) = 1 to disable   application during the mixing period
 WARNING: reporting rates for tag release event:  68 applied during the mixing period. This is not advisable!
 Consider setting tag_flags(it,2) = 1 to disable   application during the mixing period
 WARNING: reporting rates for tag release event:  69 applied during the mixing period. This is not advisable!
 Consider setting tag_flags(it,2) = 1 to disable   application during the mixing period
 WARNING: reporting rates for tag release event:  70 applied during the mixing period. This is not advisable!
 Consider setting tag_flags(it,2) = 1 to disable   application during the mixing period
 WARNING: reporting rates for tag release event:  71 applied during the mixing period. This is not advisable!
 Consider setting tag_flags(it,2) = 1 to disable   application during the mixing period
 WARNING: reporting rates for tag release event:  72 applied during the mixing period. This is not advisable!
 Consider setting tag_flags(it,2) = 1 to disable   application during the mixing period
 WARNING: reporting rates for tag release event:  73 applied during the mixing period. This is not advisable!
 Consider setting tag_flags(it,2) = 1 to disable   application during the mixing period
 WARNING: reporting rates for tag release event:  74 applied during the mixing period. This is not advisable!
 Consider setting tag_flags(it,2) = 1 to disable   application during the mixing period
 WARNING: reporting rates for tag release event:  75 applied during the mixing period. This is not advisable!
 Consider setting tag_flags(it,2) = 1 to disable   application during the mixing period
 WARNING: reporting rates for tag release event:  76 applied during the mixing period. This is not advisable!
 Consider setting tag_flags(it,2) = 1 to disable   application during the mixing period
 WARNING: reporting rates for tag release event:  77 applied during the mixing period. This is not advisable!
 Consider setting tag_flags(it,2) = 1 to disable   application during the mixing period
 WARNING: reporting rates for tag release event:  78 applied during the mixing period. This is not advisable!
 Consider setting tag_flags(it,2) = 1 to disable   application during the mixing period
 WARNING: reporting rates for tag release event:  79 applied during the mixing period. This is not advisable!
 Consider setting tag_flags(it,2) = 1 to disable   application during the mixing period
 WARNING: reporting rates for tag release event:  80 applied during the mixing period. This is not advisable!
 Consider setting tag_flags(it,2) = 1 to disable   application during the mixing period
 WARNING: reporting rates for tag release event:  81 applied during the mixing period. This is not advisable!
 Consider setting tag_flags(it,2) = 1 to disable   application during the mixing period
 WARNING: reporting rates for tag release event:  82 applied during the mixing period. This is not advisable!
 Consider setting tag_flags(it,2) = 1 to disable   application during the mixing period
 WARNING: reporting rates for tag release event:  83 applied during the mixing period. This is not advisable!
 Consider setting tag_flags(it,2) = 1 to disable   application during the mixing period
 WARNING: reporting rates for tag release event:  84 applied during the mixing period. This is not advisable!
 Consider setting tag_flags(it,2) = 1 to disable   application during the mixing period
 WARNING: reporting rates for tag release event:  85 applied during the mixing period. This is not advisable!
 Consider setting tag_flags(it,2) = 1 to disable   application during the mixing period
 WARNING: reporting rates for tag release event:  86 applied during the mixing period. This is not advisable!
 Consider setting tag_flags(it,2) = 1 to disable   application during the mixing period
 WARNING: reporting rates for tag release event:  87 applied during the mixing period. This is not advisable!
 Consider setting tag_flags(it,2) = 1 to disable   application during the mixing period
 WARNING: reporting rates for tag release event:  88 applied during the mixing period. This is not advisable!
 Consider setting tag_flags(it,2) = 1 to disable   application during the mixing period
 WARNING: reporting rates for tag release event:  89 applied during the mixing period. This is not advisable!
 Consider setting tag_flags(it,2) = 1 to disable   application during the mixing period
 WARNING: reporting rates for tag release event:  90 applied during the mixing period. This is not advisable!
 Consider setting tag_flags(it,2) = 1 to disable   application during the mixing period
 WARNING: reporting rates for tag release event:  91 applied during the mixing period. This is not advisable!
 Consider setting tag_flags(it,2) = 1 to disable   application during the mixing period
 WARNING: reporting rates for tag release event:  92 applied during the mixing period. This is not advisable!
 Consider setting tag_flags(it,2) = 1 to disable   application during the mixing period
 WARNING: reporting rates for tag release event:  93 applied during the mixing period. This is not advisable!
 Consider setting tag_flags(it,2) = 1 to disable   application during the mixing period
 WARNING: reporting rates for tag release event:  94 applied during the mixing period. This is not advisable!
 Consider setting tag_flags(it,2) = 1 to disable   application during the mixing period
 WARNING: reporting rates for tag release event:  95 applied during the mixing period. This is not advisable!
 Consider setting tag_flags(it,2) = 1 to disable   application during the mixing period
 WARNING: reporting rates for tag release event:  96 applied during the mixing period. This is not advisable!
 Consider setting tag_flags(it,2) = 1 to disable   application during the mixing period
 WARNING: reporting rates for tag release event:  97 applied during the mixing period. This is not advisable!
 Consider setting tag_flags(it,2) = 1 to disable   application during the mixing period
 WARNING: reporting rates for tag release event:  98 applied during the mixing period. This is not advisable!
 Consider setting tag_flags(it,2) = 1 to disable   application during the mixing period
A ubd -0.2
B ubd -0.2
A ubd -0.2
B ubd -0.2
 1 alpha = 1.0000000000000000e+00
FMIN time = 2.5899999999999999e-03
AA ubd -2.0000000000000001e-01
BB ubd -2.0000000000000001e-01
1.1000000000000000e+01 1.9900000000000000e+02
 VV Here 1.6169651697923864e+01
putting in kludge for nya=0 setting it equal to 1
PPPPP   Tot mort penalty 8.6758006734759027e-03  Zmax_flag = 0
need to check out nya=0 case 
VVVV!!! implicit_catch_effort_relationship regression penalty= 0.0000000000000000e+00
Avoided move
BBBBBBBBBBBBBB
After no_penalties pen = 0.000000000000e+00
After good_penalties pen = 0.000000000000e+00
 q0 penalty = 3.021405370573e+02
fishery initial population curvature penalty = 1.449777771269e+00
fishery recruitment trend penalty = 0.000000000000e+00
tmp4 = 0.000000
selmean pen = 0.000000
dome selectivity pen = 0.000000
non decreasing  selectivity pen = 0.000000
Av. F = 0.007673
The fish mort penalty is 10631.181413
After call_penalties pen = 10942.649092637408
Length frequency data    255035.085130495
 tagfit before pooling 8682.289815553
  Empirical variance calculation: 3846.609282942
 tagfit pooling 76.253545154
 Tag data = 8758.543360707085
 Survey index term = 538.279623290503
Total func     275278.798007585574
finished fcomp
==============================================
 f eval 0
calling gradcalc
finished gradcalc

Initial statistics: 298 variables; iteration 0; function evaluation 0
Function value   2.7527880e+05; maximum gradient component mag   1.79091e+01
    1  0.00000e+00 -1.02671e+01 :     2  0.00000e+00 -1.05712e+01 :     3  0.00000e+00 -1.07229e+01 :     4  0.00000e+00 -1.12281e+01
    5  0.00000e+00 -2.81614e+00 :     6  0.00000e+00 -2.83117e+00 :     7  0.00000e+00 -2.93996e+00 :     8  0.00000e+00 -3.16223e+00
    9  0.00000e+00 -3.34514e+00 :    10  0.00000e+00 -3.56311e+00 :    11  0.00000e+00 -3.72911e+00 :    12  0.00000e+00 -3.86229e+00
   13  0.00000e+00 -3.82491e+00 :    14  0.00000e+00 -3.33544e+00 :    15  0.00000e+00 -2.55968e+00 :    16  0.00000e+00 -1.96738e+00
   17  0.00000e+00 -1.36304e+00 :    18  0.00000e+00 -5.57956e-01 :    19  0.00000e+00 -5.38282e-01 :    20  0.00000e+00 -2.67802e-01
   21  0.00000e+00 1.41752e-02 :    22  0.00000e+00 -2.03463e-01 :    23  0.00000e+00 -4.63281e-01 :    24  0.00000e+00 -3.33790e-01
   25  0.00000e+00 -6.77219e-01 :    26  0.00000e+00 -1.21308e+00 :    27  0.00000e+00 -1.64563e+00 :    28  0.00000e+00 -2.00089e+00
   29  0.00000e+00 -2.18838e+00 :    30  0.00000e+00 -2.70011e+00 :    31  0.00000e+00 -2.66866e+00 :    32  0.00000e+00 -2.73368e+00
   33  0.00000e+00 -2.70456e+00 :    34  0.00000e+00 -2.51715e+00 :    35  0.00000e+00 -2.15817e+00 :    36  0.00000e+00 -1.74152e+00
   37  0.00000e+00 -1.07610e+00 :    38  0.00000e+00 1.18628e-01 :    39  0.00000e+00 4.43685e-02 :    40  0.00000e+00 -3.28195e-01
   41  0.00000e+00 -4.28519e-01 :    42  0.00000e+00 -5.13816e-01 :    43  0.00000e+00 -7.49005e-01 :    44  0.00000e+00 -9.45837e-01
   45  0.00000e+00 -6.78014e-01 :    46  0.00000e+00 -8.96718e-01 :    47  0.00000e+00 -1.22323e+00 :    48  0.00000e+00 -1.25221e+00
   49  0.00000e+00 -7.45728e-01 :    50  0.00000e+00 -6.20400e-02 :    51  0.00000e+00 3.97806e-01 :    52  0.00000e+00 6.55960e-01
   53  0.00000e+00 9.97109e-01 :    54  0.00000e+00 1.28530e+00 :    55  0.00000e+00 1.32770e+00 :    56  0.00000e+00 7.05648e-01
   57  0.00000e+00 -1.22402e-01 :    58  0.00000e+00 -3.97547e-01 :    59  0.00000e+00 -6.30968e-01 :    60  0.00000e+00 -1.17447e+00
   61  0.00000e+00 -3.37809e-01 :    62  0.00000e+00 8.30705e-02 :    63  0.00000e+00 -2.69225e-01 :    64  0.00000e+00 -6.22534e-01
   65  0.00000e+00 -4.63424e-01 :  2 alpha = 3.6537908276839050e+02
FMIN time = 1.9800000000000002e-04
AA ubd -2.0000000000000001e-01
BB ubd -2.0000000000000001e-01
1.1000000000000000e+01 1.9900000000000000e+02
 VV Here 1.6121903430857547e+01
putting in kludge for nya=0 setting it equal to 1
PPPPP   Tot mort penalty 1.7023999041955845e-01  Zmax_flag = 0
need to check out nya=0 case 
VVVV!!! implicit_catch_effort_relationship regression penalty= 0.0000000000000000e+00
Avoided move
BBBBBBBBBBBBBB
After no_penalties pen = 0.000000000000e+00
After good_penalties pen = 0.000000000000e+00
 q0 penalty = 3.021405370573e+02
fishery initial population curvature penalty = 1.460502374357e+00
fishery recruitment trend penalty = 4.271665509289e-01
tmp4 = 1.150983
selmean pen = 0.000000
dome selectivity pen = 0.000000
non decreasing  selectivity pen = 0.000000
Av. F = 0.008001
The fish mort penalty is 10360.266336
After call_penalties pen = 10673.373789652907
Length frequency data    254650.842880428
 tagfit before pooling 8542.385416749
  Empirical variance calculation: 3845.812857008
 tagfit pooling 78.353630591
 Tag data = 8620.739047339728
 Survey index term = -33.251085414885
Total func     273915.910450244497
finished fcomp
==============================================
 f eval 0
calling gradcalc
finished gradcalc
 3 alpha = 4.1270500464495923e+00
FMIN time = 2.6999999999999999e-05
AA ubd -2.0000000000000001e-01
BB ubd -2.0000000000000001e-01
1.1000000000000000e+01 1.9900000000000000e+02
 VV Here 1.5924735984455140e+01
putting in kludge for nya=0 setting it equal to 1
PPPPP   Tot mort penalty 4.8895706303384024e+01  Zmax_flag = 0
need to check out nya=0 case 
VVVV!!! implicit_catch_effort_relationship regression penalty= 0.0000000000000000e+00
Avoided move
BBBBBBBBBBBBBB
After no_penalties pen = 0.000000000000e+00
After good_penalties pen = 0.000000000000e+00
 q0 penalty = 3.021405370573e+02
fishery initial population curvature penalty = 1.869315392721e+00
fishery recruitment trend penalty = 1.098793982589e+01
tmp4 = 30.252021
selmean pen = 0.000000
dome selectivity pen = 0.000000
non decreasing  selectivity pen = 0.000000
Av. F = 0.008595
The fish mort penalty is 9904.519800
After call_penalties pen = 10258.997743811115
Length frequency data    254112.399636856
 tagfit before pooling 7976.383091130
  Empirical variance calculation: 3842.902415991
 tagfit pooling 78.100884032
 Tag data = 8054.483975161691
 Survey index term = -219.767590331096
Total func     272258.356004847446
finished fcomp
==============================================
 f eval 1
calling gradcalc
finished gradcalc
 4 alpha = 3.0039198745754478e+00
FMIN time = 2.9000000000000000e-05
AA ubd -2.0000000000000001e-01
BB ubd -2.0000000000000001e-01
1.1000000000000000e+01 1.9900000000000000e+02
 VV Here 1.5978403898804874e+01
putting in kludge for nya=0 setting it equal to 1
PPPPP   Tot mort penalty 1.5914060691295676e+01  Zmax_flag = 0
need to check out nya=0 case 
VVVV!!! implicit_catch_effort_relationship regression penalty= 0.0000000000000000e+00
Avoided move
BBBBBBBBBBBBBB
After no_penalties pen = 0.000000000000e+00
After good_penalties pen = 0.000000000000e+00
 q0 penalty = 3.021405370573e+02
fishery initial population curvature penalty = 1.700602632581e+00
fishery recruitment trend penalty = 6.748743865897e+00
tmp4 = 18.449260
selmean pen = 0.000000
dome selectivity pen = 0.000000
non decreasing  selectivity pen = 0.000000
Av. F = 0.008598
The fish mort penalty is 9902.255591
After call_penalties pen = 10239.993894031775
Length frequency data    254030.806137972
 tagfit before pooling 8127.969581457
  Empirical variance calculation: 3843.635720707
 tagfit pooling 80.277711876
 Tag data = 8208.247293333252
 Survey index term = -577.843898568525
Total func     271920.633438452496
finished fcomp
==============================================
 f eval 2
calling gradcalc
finished gradcalc
 5 alpha = 4.0039198745754483e+00
START
END
START
END
 2 alpha = 1.0022253447874265e+01
FMIN time = 3.8999999999999999e-04
AA ubd -2.0000000000000001e-01
BB ubd -2.0000000000000001e-01
1.1000000000000000e+01 1.9900000000000000e+02
 VV Here 1.5926164066989976e+01
putting in kludge for nya=0 setting it equal to 1
PPPPP   Tot mort penalty 3.2518465153275343e+01  Zmax_flag = 0
need to check out nya=0 case 
VVVV!!! implicit_catch_effort_relationship regression penalty= 0.0000000000000000e+00
Avoided move
BBBBBBBBBBBBBB
After no_penalties pen = 0.000000000000e+00
After good_penalties pen = 0.000000000000e+00
 q0 penalty = 3.021405370573e+02
fishery initial population curvature penalty = 1.443930649916e+00
fishery recruitment trend penalty = 8.283175929069e+00
tmp4 = 21.864909
selmean pen = 0.000000
dome selectivity pen = 0.000000
non decreasing  selectivity pen = 0.000000
Av. F = 0.009334
The fish mort penalty is 9391.935707
After call_penalties pen = 9734.902782013571
Length frequency data    254129.667770721
 tagfit before pooling 8027.347150923
  Empirical variance calculation: 3842.749402682
 tagfit pooling 80.262090868
 Tag data = 8107.609241791064
 Survey index term = -674.879770169867
Total func     271333.138047721644
finished fcomp
==============================================
 f eval 3
calling gradcalc
finished gradcalc
 3 alpha = 2.9602527621315651e+00
FMIN time = 2.5000000000000001e-05
AA ubd -2.0000000000000001e-01
BB ubd -2.0000000000000001e-01
1.1000000000000000e+01 1.9900000000000000e+02
 VV Here 1.5771476827993654e+01
putting in kludge for nya=0 setting it equal to 1
PPPPP   Tot mort penalty 3.1190695522697422e+02  Zmax_flag = 1
need to check out nya=0 case 
VVVV!!! implicit_catch_effort_relationship regression penalty= 0.0000000000000000e+00
Avoided move
BBBBBBBBBBBBBB
After no_penalties pen = 0.000000000000e+00
After good_penalties pen = 0.000000000000e+00
 q0 penalty = 3.021405370573e+02
fishery initial population curvature penalty = 1.983601498629e+00
fishery recruitment trend penalty = 1.367390562968e+01
tmp4 = 39.013049
selmean pen = 0.000000
dome selectivity pen = 0.000000
non decreasing  selectivity pen = 0.000000
Av. F = 0.011967
The fish mort penalty is 7930.833355
After call_penalties pen = 8299.417431823729
Length frequency data    255066.195324476
 tagfit before pooling 7767.846594442
  Empirical variance calculation: 3840.445336307
 tagfit pooling 73.781162301
 Tag data = 7841.627756743180
 Survey index term = -536.370640414943
Total func     270985.593417727330
finished fcomp
==============================================
 f eval 4
calling gradcalc
finished gradcalc
 4 alpha = 1.9498093385643283e+00
FMIN time = 2.8000000000000000e-05
AA ubd -2.0000000000000001e-01
BB ubd -2.0000000000000001e-01
1.1000000000000000e+01 1.9900000000000000e+02
 VV Here 1.5824282874737833e+01
putting in kludge for nya=0 setting it equal to 1
PPPPP   Tot mort penalty 1.3015275351226572e+02  Zmax_flag = 1
need to check out nya=0 case 
VVVV!!! implicit_catch_effort_relationship regression penalty= 0.0000000000000000e+00
Avoided move
BBBBBBBBBBBBBB
After no_penalties pen = 0.000000000000e+00
After good_penalties pen = 0.000000000000e+00
 q0 penalty = 3.021405370573e+02
fishery initial population curvature penalty = 1.580515678101e+00
fishery recruitment trend penalty = 1.169348834750e+01
tmp4 = 31.976595
selmean pen = 0.000000
dome selectivity pen = 0.000000
non decreasing  selectivity pen = 0.000000
Av. F = 0.010948
The fish mort penalty is 8439.859689
After call_penalties pen = 8797.996114876432
Length frequency data    254596.109981815
 tagfit before pooling 7847.080907797
  Empirical variance calculation: 3841.178500100
 tagfit pooling 77.317954030
 Tag data = 7924.398861827503
 Survey index term = -681.140126665234
Total func     270770.494243799127
finished fcomp
==============================================
 f eval 5
calling gradcalc
finished gradcalc
 5 alpha = 2.9498093385643283e+00
START
END
START
END
 2 alpha = 3.2518260325564419e+00
FMIN time = 4.1500000000000000e-04
AA ubd -2.0000000000000001e-01
BB ubd -2.0000000000000001e-01
1.1000000000000000e+01 1.9900000000000000e+02
 VV Here 1.5819272481152767e+01
putting in kludge for nya=0 setting it equal to 1
PPPPP   Tot mort penalty 7.1477956596816625e+01  Zmax_flag = 1
need to check out nya=0 case 
VVVV!!! implicit_catch_effort_relationship regression penalty= 0.0000000000000000e+00
Avoided move
BBBBBBBBBBBBBB
After no_penalties pen = 0.000000000000e+00
After good_penalties pen = 0.000000000000e+00
 q0 penalty = 3.021405370573e+02
fishery initial population curvature penalty = 2.002364846926e+00
fishery recruitment trend penalty = 8.374540372517e+00
tmp4 = 30.235988
selmean pen = 0.000000
dome selectivity pen = 0.000000
non decreasing  selectivity pen = 0.000000
Av. F = 0.011147
The fish mort penalty is 8335.870935
After call_penalties pen = 8690.257397575520
Length frequency data    254345.268771428
 tagfit before pooling 7914.980963620
  Empirical variance calculation: 3840.497670389
 tagfit pooling 83.675450808
 Tag data = 7998.656414428890
 Survey index term = -702.662455968283
Total func     270405.832728073001
finished fcomp
==============================================
 f eval 6
calling gradcalc
finished gradcalc
 5 alpha = 1.0000000000000000e+00
START
END
START
END
 2 alpha = 2.5164740828343164e+00
FMIN time = 4.6400000000000000e-04
AA ubd -2.0000000000000001e-01
BB ubd -2.0000000000000001e-01
1.1000000000000000e+01 1.9900000000000000e+02
 VV Here 1.5766913670277528e+01
putting in kludge for nya=0 setting it equal to 1
PPPPP   Tot mort penalty 1.0861745448200571e+02  Zmax_flag = 1
need to check out nya=0 case 
VVVV!!! implicit_catch_effort_relationship regression penalty= 0.0000000000000000e+00
Avoided move
BBBBBBBBBBBBBB
After no_penalties pen = 0.000000000000e+00
After good_penalties pen = 0.000000000000e+00
 q0 penalty = 3.021405370573e+02
fishery initial population curvature penalty = 2.433088412076e+00
fishery recruitment trend penalty = 8.511500531200e+00
tmp4 = 39.015576
selmean pen = 0.000000
dome selectivity pen = 0.000000
non decreasing  selectivity pen = 0.000000
Av. F = 0.011750
The fish mort penalty is 8034.071061
After call_penalties pen = 8399.845853785897
Length frequency data    254335.952414171
 tagfit before pooling 7875.257738871
  Empirical variance calculation: 3839.355087061
 tagfit pooling 85.645588747
 Tag data = 7960.903327617119
 Survey index term = -617.734409323806
Total func     270190.171840533440
finished fcomp
==============================================
 f eval 7
calling gradcalc
finished gradcalc
 3 alpha = 8.7376366764062752e-01
FMIN time = 2.6999999999999999e-05
AA ubd -2.0000000000000001e-01
BB ubd -2.0000000000000001e-01
1.1000000000000000e+01 1.9900000000000000e+02
 VV Here 1.5721161646908213e+01
putting in kludge for nya=0 setting it equal to 1
PPPPP   Tot mort penalty 1.7753199289516658e+02  Zmax_flag = 1
need to check out nya=0 case 
VVVV!!! implicit_catch_effort_relationship regression penalty= 0.0000000000000000e+00
Avoided move
BBBBBBBBBBBBBB
After no_penalties pen = 0.000000000000e+00
After good_penalties pen = 0.000000000000e+00
 q0 penalty = 3.021405370573e+02
fishery initial population curvature penalty = 2.934216835668e+00
fishery recruitment trend penalty = 8.621894809045e+00
tmp4 = 48.256056
selmean pen = 0.000000
dome selectivity pen = 0.000000
non decreasing  selectivity pen = 0.000000
Av. F = 0.012293
The fish mort penalty is 7779.911266
After call_penalties pen = 8157.692605353410
Length frequency data    254372.693997805
 tagfit before pooling 7849.038545920
  Empirical variance calculation: 3838.474939910
 tagfit pooling 87.371026865
 Tag data = 7936.409572784612
 Survey index term = -497.544644211887
Total func     270149.175239024335
finished fcomp
==============================================
 f eval 8
calling gradcalc
finished gradcalc
 5 alpha = 1.8737636676406275e+00
START
END
START
END
 2 alpha = 1.4639785126587410e+00
FMIN time = 4.6200000000000001e-04
AA ubd -2.0000000000000001e-01
BB ubd -2.0000000000000001e-01
1.1000000000000000e+01 1.9900000000000000e+02
 VV Here 1.5719285856031483e+01
putting in kludge for nya=0 setting it equal to 1
PPPPP   Tot mort penalty 1.0025764987680708e+02  Zmax_flag = 1
need to check out nya=0 case 
VVVV!!! implicit_catch_effort_relationship regression penalty= 0.0000000000000000e+00
Avoided move
BBBBBBBBBBBBBB
After no_penalties pen = 0.000000000000e+00
After good_penalties pen = 0.000000000000e+00
 q0 penalty = 3.021405370573e+02
fishery initial population curvature penalty = 3.084221520888e+00
fishery recruitment trend penalty = 6.920551342160e+00
tmp4 = 50.416732
selmean pen = 0.000000
dome selectivity pen = 0.000000
non decreasing  selectivity pen = 0.000000
Av. F = 0.012008
The fish mort penalty is 7911.621349
After call_penalties pen = 8291.537013204126
Length frequency data    254101.798581392
 tagfit before pooling 7860.083403992
  Empirical variance calculation: 3837.953157218
 tagfit pooling 89.503349295
 Tag data = 7949.586753286731
 Survey index term = -542.586331953852
Total func     269902.867019765486
finished fcomp
==============================================
 f eval 9
calling gradcalc
finished gradcalc
 3 alpha = 7.8882115316433432e-01
FMIN time = 2.4000000000000001e-05
AA ubd -2.0000000000000001e-01
BB ubd -2.0000000000000001e-01
1.1000000000000000e+01 1.9900000000000000e+02
 VV Here 1.5717806095127079e+01
putting in kludge for nya=0 setting it equal to 1
PPPPP   Tot mort penalty 6.6271297218988153e+01  Zmax_flag = 1
need to check out nya=0 case 
VVVV!!! implicit_catch_effort_relationship regression penalty= 0.0000000000000000e+00
Avoided move
BBBBBBBBBBBBBB
After no_penalties pen = 0.000000000000e+00
After good_penalties pen = 0.000000000000e+00
 q0 penalty = 3.021405370573e+02
fishery initial population curvature penalty = 3.252368587288e+00
fishery recruitment trend penalty = 5.706538677060e+00
tmp4 = 52.888005
selmean pen = 0.000000
dome selectivity pen = 0.000000
non decreasing  selectivity pen = 0.000000
Av. F = 0.011790
The fish mort penalty is 8014.963415
After call_penalties pen = 8397.608151012417
Length frequency data    253929.308744536
 tagfit before pooling 7870.610442682
  Empirical variance calculation: 3837.570317998
 tagfit pooling 90.802838435
 Tag data = 7961.413281117699
 Survey index term = -527.743383737436
Total func     269829.042888410389
finished fcomp
==============================================
 f eval 10
calling gradcalc
finished gradcalc
 5 alpha = 1.7888211531643343e+00
START
END
START
END

Intermediate statistics: 298 variables; iteration 5; function evaluation 11
Function value   2.6982904e+05; maximum gradient component mag   4.41662e+00
    1  2.51253e+01 -6.13933e-01 :     2  2.62905e+01 -8.79072e-01 :     3  1.82240e+01 -5.20082e-01 :     4  1.30809e+01 -7.80038e-01
    5  1.43944e+01 1.05989e-01 :     6  1.49520e+01 1.35998e-01 :     7  1.69738e+01 1.17206e-01 :     8  2.10076e+01 1.93671e-02
    9  2.46074e+01 -2.87546e-02 :    10  2.92528e+01 -1.09458e-01 :    11  3.33593e+01 -1.39606e-01 :    12  3.71323e+01 -1.78278e-01
   13  3.76183e+01 -1.33468e-01 :    14  2.92846e+01 1.63668e-01 :    15  1.76858e+01 3.49738e-01 :    16  1.09626e+01 3.21780e-01
   17  4.97710e+00 2.80173e-01 :    18  -4.09567e+00 3.62579e-01 :    19  -4.50535e+00 3.18030e-01 :    20  -7.61596e+00 3.40459e-01
   21  -1.07241e+01 3.78040e-01 :    22  -9.15991e+00 3.98825e-01 :    23  -7.59976e+00 4.70845e-01 :    24  -1.00264e+01 5.87956e-01
   25  -5.92855e+00 5.52793e-01 :    26  1.16099e+00 4.38429e-01 :    27  7.63750e+00 2.91887e-01 :    28  1.35690e+01 1.11618e-01
   29  1.67286e+01 5.58660e-02 :    30  2.70048e+01 -4.68758e-01 :    31  2.56423e+01 -2.22742e-01 :    32  2.66427e+01 -1.72837e-01
   33  2.61244e+01 -9.89401e-02 :    34  2.31967e+01 -1.20058e-02 :    35  1.80265e+01 6.64866e-02 :    36  1.29147e+01 6.39278e-02
   37  4.12914e+00 1.76371e-01 :    38  -1.10997e+01 4.25270e-01 :    39  -9.50635e+00 3.35650e-01 :    40  -3.47204e+00 1.07964e-01
   41  -1.40596e+00 1.04484e-02 :    42  -3.95557e-01 1.58859e-02 :    43  3.02511e+00 -7.14163e-02 :    44  6.30161e+00 -1.93414e-01
   45  1.62601e+00 5.70039e-02 :    46  5.13117e+00 -4.73248e-02 :    47  1.12061e+01 -3.34846e-01 :    48  1.28120e+01 -4.89759e-01
   49  4.88532e+00 -1.98964e-01 :    50  -4.81277e+00 3.44082e-02 :    51  -9.79298e+00 2.71120e-02 :    52  -1.15335e+01 -8.64052e-02
   53  -1.55027e+01 -2.49028e-02 :    54  -1.99320e+01 1.46920e-01 :    55  -2.15406e+01 2.70456e-01 :    56  -1.39524e+01 1.30812e-01
   57  -1.70769e+00 -2.88397e-01 :    58  1.50868e+00 -2.85514e-01 :    59  3.87872e+00 -2.21583e-01 :    60  1.37565e+01 -7.39267e-01
   61  -1.65635e+00 2.74937e-02 :    62  -7.93325e+00 1.78521e-01 :    63  -2.40609e+00 -2.45558e-02 :    64  3.65632e+00 -2.99035e-01
   65  5.02921e-01 -1.08544e-01 :  2 alpha = 4.8121206217723724e+00
FMIN time = 5.2400000000000005e-04
AA ubd -2.0000000000000001e-01
BB ubd -2.0000000000000001e-01
1.1000000000000000e+01 1.9900000000000000e+02
 VV Here 1.5687136051524464e+01
putting in kludge for nya=0 setting it equal to 1
PPPPP   Tot mort penalty 7.1149552942895468e+01  Zmax_flag = 1
need to check out nya=0 case 
VVVV!!! implicit_catch_effort_relationship regression penalty= 0.0000000000000000e+00
Avoided move
BBBBBBBBBBBBBB
After no_penalties pen = 0.000000000000e+00
After good_penalties pen = 0.000000000000e+00
 q0 penalty = 3.021405370573e+02
fishery initial population curvature penalty = 3.602304450706e+00
fishery recruitment trend penalty = 5.065299209879e+00
tmp4 = 59.849436
selmean pen = 0.000000
dome selectivity pen = 0.000000
non decreasing  selectivity pen = 0.000000
Av. F = 0.012013
The fish mort penalty is 7909.307517
After call_penalties pen = 8301.525889878709
Length frequency data    253903.104350045
 tagfit before pooling 7839.185290928
  Empirical variance calculation: 3836.879859306
 tagfit pooling 90.668298086
 Tag data = 7929.853589014324
 Survey index term = -486.534404231094
Total func     269721.114967478730
finished fcomp
==============================================
 f eval 11
calling gradcalc
finished gradcalc
 3 alpha = 1.6556992422592474e+00
FMIN time = 2.8000000000000000e-05
AA ubd -2.0000000000000001e-01
BB ubd -2.0000000000000001e-01
1.1000000000000000e+01 1.9900000000000000e+02
 VV Here 1.5636355203747325e+01
putting in kludge for nya=0 setting it equal to 1
PPPPP   Tot mort penalty 7.8780692294866896e+01  Zmax_flag = 1
need to check out nya=0 case 
VVVV!!! implicit_catch_effort_relationship regression penalty= 0.0000000000000000e+00
Avoided move
BBBBBBBBBBBBBB
After no_penalties pen = 0.000000000000e+00
After good_penalties pen = 0.000000000000e+00
 q0 penalty = 3.021405370573e+02
fishery initial population curvature penalty = 4.385390357751e+00
fishery recruitment trend penalty = 4.078708453799e+00
tmp4 = 73.525169
selmean pen = 0.000000
dome selectivity pen = 0.000000
non decreasing  selectivity pen = 0.000000
Av. F = 0.012332
The fish mort penalty is 7762.497340
After call_penalties pen = 8173.777727272814
Length frequency data    253906.194184690
 tagfit before pooling 7793.123939345
  Empirical variance calculation: 3835.899694462
 tagfit pooling 90.369925691
 Tag data = 7883.493865035954
 Survey index term = -392.858230831333
Total func     269651.156925337622
finished fcomp
==============================================
 f eval 12
calling gradcalc
finished gradcalc
 5 alpha = 2.6556992422592476e+00
START
END
START
END
 2 alpha = 3.0467182638323367e+00
FMIN time = 3.8800000000000000e-04
AA ubd -2.0000000000000001e-01
BB ubd -2.0000000000000001e-01
1.1000000000000000e+01 1.9900000000000000e+02
 VV Here 1.5618668616348574e+01
putting in kludge for nya=0 setting it equal to 1
PPPPP   Tot mort penalty 9.0727854913345752e+01  Zmax_flag = 1
need to check out nya=0 case 
VVVV!!! implicit_catch_effort_relationship regression penalty= 0.0000000000000000e+00
Avoided move
BBBBBBBBBBBBBB
After no_penalties pen = 0.000000000000e+00
After good_penalties pen = 0.000000000000e+00
 q0 penalty = 3.021405370573e+02
fishery initial population curvature penalty = 4.224196989402e+00
fishery recruitment trend penalty = 3.593885560975e+00
tmp4 = 75.310037
selmean pen = 0.000000
dome selectivity pen = 0.000000
non decreasing  selectivity pen = 0.000000
Av. F = 0.012689
The fish mort penalty is 7604.059109
After call_penalties pen = 8018.809654324309
Length frequency data    254014.888628586
 tagfit before pooling 7764.126918045
  Empirical variance calculation: 3835.595449042
 tagfit pooling 88.727977099
 Tag data = 7852.854895144184
 Survey index term = -421.288897637644
Total func     269557.673957446648
finished fcomp
==============================================
 f eval 13
calling gradcalc
finished gradcalc
 3 alpha = 1.5005543160762560e+00
FMIN time = 2.3000000000000000e-05
AA ubd -2.0000000000000001e-01
BB ubd -2.0000000000000001e-01
1.1000000000000000e+01 1.9900000000000000e+02
 VV Here 1.5592129969373879e+01
putting in kludge for nya=0 setting it equal to 1
PPPPP   Tot mort penalty 1.1231034525410459e+02  Zmax_flag = 1
need to check out nya=0 case 
VVVV!!! implicit_catch_effort_relationship regression penalty= 0.0000000000000000e+00
Avoided move
BBBBBBBBBBBBBB
After no_penalties pen = 0.000000000000e+00
After good_penalties pen = 0.000000000000e+00
 q0 penalty = 3.021405370573e+02
fishery initial population curvature penalty = 3.994979251723e+00
fishery recruitment trend penalty = 2.920582918888e+00
tmp4 = 78.753166
selmean pen = 0.000000
dome selectivity pen = 0.000000
non decreasing  selectivity pen = 0.000000
Av. F = 0.013219
The fish mort penalty is 7380.275444
After call_penalties pen = 7801.330410029304
Length frequency data    254217.756295289
 tagfit before pooling 7724.169803281
  Empirical variance calculation: 3835.188208434
 tagfit pooling 86.035343495
 Tag data = 7810.205146775661
 Survey index term = -437.066392277238
Total func     269506.096349901985
finished fcomp
==============================================
 f eval 14
calling gradcalc
finished gradcalc
 5 alpha = 2.5005543160762560e+00
START
END
START
END
 2 alpha = 6.6813942840893805e+00
FMIN time = 4.4600000000000000e-04
AA ubd -2.0000000000000001e-01
BB ubd -2.0000000000000001e-01
1.1000000000000000e+01 1.9900000000000000e+02
 VV Here 1.5593308727290404e+01
putting in kludge for nya=0 setting it equal to 1
PPPPP   Tot mort penalty 9.8086135543570023e+01  Zmax_flag = 1
need to check out nya=0 case 
VVVV!!! implicit_catch_effort_relationship regression penalty= 0.0000000000000000e+00
Avoided move
BBBBBBBBBBBBBB
After no_penalties pen = 0.000000000000e+00
After good_penalties pen = 0.000000000000e+00
 q0 penalty = 3.021405370573e+02
fishery initial population curvature penalty = 3.972830630194e+00
fishery recruitment trend penalty = 2.464947147911e+00
tmp4 = 79.901154
selmean pen = 0.000000
dome selectivity pen = 0.000000
non decreasing  selectivity pen = 0.000000
Av. F = 0.013131
The fish mort penalty is 7416.572594
After call_penalties pen = 7839.921757232041
Length frequency data    254149.770989301
 tagfit before pooling 7724.795540279
  Empirical variance calculation: 3835.044605016
 tagfit pooling 86.786424822
 Tag data = 7811.581965100294
 Survey index term = -432.564526762108
Total func     269468.309292091522
finished fcomp
==============================================
 f eval 15
calling gradcalc
finished gradcalc
 3 alpha = 2.8845304755410575e+00
FMIN time = 2.6999999999999999e-05
AA ubd -2.0000000000000001e-01
BB ubd -2.0000000000000001e-01
1.1000000000000000e+01 1.9900000000000000e+02
 VV Here 1.5596708761208081e+01
putting in kludge for nya=0 setting it equal to 1
PPPPP   Tot mort penalty 6.6506680587589912e+01  Zmax_flag = 0
need to check out nya=0 case 
VVVV!!! implicit_catch_effort_relationship regression penalty= 0.0000000000000000e+00
Avoided move
BBBBBBBBBBBBBB
After no_penalties pen = 0.000000000000e+00
After good_penalties pen = 0.000000000000e+00
 q0 penalty = 3.021405370573e+02
fishery initial population curvature penalty = 3.944357191276e+00
fishery recruitment trend penalty = 1.364952834929e+00
tmp4 = 84.083166
selmean pen = 0.000000
dome selectivity pen = 0.000000
non decreasing  selectivity pen = 0.000000
Av. F = 0.012871
The fish mort penalty is 7525.838034
After call_penalties pen = 7957.224556288028
Length frequency data    253978.482662717
 tagfit before pooling 7728.055757642
  Empirical variance calculation: 3834.670252516
 tagfit pooling 88.763461758
 Tag data = 7816.819219400169
 Survey index term = -401.550605213272
Total func     269418.867419117189
finished fcomp
==============================================
 f eval 16
calling gradcalc
finished gradcalc
 5 alpha = 3.8845304755410575e+00
START
END
START
END
 2 alpha = 2.9669793462134457e+00
FMIN time = 4.6899999999999996e-04
AA ubd -2.0000000000000001e-01
BB ubd -2.0000000000000001e-01
1.1000000000000000e+01 1.9900000000000000e+02
 VV Here 1.5590609764171363e+01
putting in kludge for nya=0 setting it equal to 1
PPPPP   Tot mort penalty 7.0379211601972500e+01  Zmax_flag = 0
need to check out nya=0 case 
VVVV!!! implicit_catch_effort_relationship regression penalty= 0.0000000000000000e+00
Avoided move
BBBBBBBBBBBBBB
After no_penalties pen = 0.000000000000e+00
After good_penalties pen = 0.000000000000e+00
 q0 penalty = 3.021405370573e+02
fishery initial population curvature penalty = 3.941059873345e+00
fishery recruitment trend penalty = 1.207998713212e+00
tmp4 = 88.312603
selmean pen = 0.000000
dome selectivity pen = 0.000000
non decreasing  selectivity pen = 0.000000
Av. F = 0.012831
The fish mort penalty is 7542.817309
After call_penalties pen = 7982.010700796895
Length frequency data    253941.543439797
 tagfit before pooling 7703.534687347
  Empirical variance calculation: 3834.473510268
 tagfit pooling 88.850284392
 Tag data = 7792.384971739499
 Survey index term = -418.274683184449
Total func     269369.345662347798
finished fcomp
==============================================
 f eval 17
calling gradcalc
finished gradcalc
 3 alpha = 2.1683084764727507e+00
FMIN time = 2.4000000000000001e-05
AA ubd -2.0000000000000001e-01
BB ubd -2.0000000000000001e-01
1.1000000000000000e+01 1.9900000000000000e+02
 VV Here 1.5577385835854876e+01
putting in kludge for nya=0 setting it equal to 1
PPPPP   Tot mort penalty 7.8450701483217131e+01  Zmax_flag = 1
need to check out nya=0 case 
VVVV!!! implicit_catch_effort_relationship regression penalty= 0.0000000000000000e+00
Avoided move
BBBBBBBBBBBBBB
After no_penalties pen = 0.000000000000e+00
After good_penalties pen = 0.000000000000e+00
 q0 penalty = 3.021405370573e+02
fishery initial population curvature penalty = 4.012007146171e+00
fishery recruitment trend penalty = 8.971913171053e-01
tmp4 = 99.128395
selmean pen = 0.000000
dome selectivity pen = 0.000000
non decreasing  selectivity pen = 0.000000
Av. F = 0.012694
The fish mort penalty is 7602.265695
After call_penalties pen = 8060.850007936720
Length frequency data    253884.117070627
 tagfit before pooling 7654.705824614
  Empirical variance calculation: 3834.131336607
 tagfit pooling 88.982790238
 Tag data = 7743.688614852611
 Survey index term = -442.318280021904
Total func     269325.930499047099
finished fcomp
==============================================
 f eval 18
calling gradcalc
finished gradcalc
 5 alpha = 3.1683084764727507e+00
START
END
START
END
 2 alpha = 5.5578734097108615e+00
beginning parameter save
AA ubd -2.0000000000000001e-01
BB ubd -2.0000000000000001e-01
1.1000000000000000e+01 1.9900000000000000e+02
 VV Here 1.5577385835854876e+01
putting in kludge for nya=0 setting it equal to 1
PPPPP   Tot mort penalty 7.8450701483217131e+01  Zmax_flag = 1
need to check out nya=0 case 
VVVV!!! implicit_catch_effort_relationship regression penalty= 0.0000000000000000e+00
Avoided move
BBBBBBBBBBBBBB
After no_penalties pen = 0.000000000000e+00
After good_penalties pen = 0.000000000000e+00
 q0 penalty = 3.021405370573e+02
fishery initial population curvature penalty = 4.012007146171e+00
fishery recruitment trend penalty = 8.971913171053e-01
tmp4 = 99.128395
selmean pen = 0.000000
dome selectivity pen = 0.000000
non decreasing  selectivity pen = 0.000000
Av. F = 0.012694
The fish mort penalty is 7602.265695
After call_penalties pen = 8060.850007936720
Length frequency data    253884.117070627
 tagfit before pooling 7654.705824614
  Empirical variance calculation: 3834.131336607
 tagfit pooling 88.982790238
 Tag data = 7743.688614852611
 Survey index term = -442.318280021904
Total func     269325.930499047099
finished fcomp
did routine save
FMIN time = 2.271297000000
AA ubd -0.200000000000
BB ubd -0.200000000000
11.000000000000 199.000000000000
 VV Here 15.566272267320
putting in kludge for nya=0 setting it equal to 1
PPPPP   Tot mort penalty 89.685519437845  Zmax_flag = 1
need to check out nya=0 case 
VVVV!!! implicit_catch_effort_relationship regression penalty= 0.000000000000
Avoided move
BBBBBBBBBBBBBB
After no_penalties pen = 0.000000000000
After good_penalties pen = 0.000000000000
 q0 penalty = 302.140537057310
fishery initial population curvature penalty = 3.972203675487
fishery recruitment trend penalty = 0.970113199147
tmp4 = 103.023968
selmean pen = 0.000000
dome selectivity pen = 0.000000
non decreasing  selectivity pen = 0.000000
Av. F = 0.012812
The fish mort penalty is 7551.202256
After call_penalties pen = 8015.842878457334
Length frequency data    253888.236007469
 tagfit before pooling 7644.213982674
  Empirical variance calculation: 3834.096818261
 tagfit pooling 89.664284771
 Tag data = 7733.878267444940
 Survey index term = -428.321700109706
Total func     269300.430759391747
finished fcomp
==============================================
 f eval 19
calling gradcalc
finished gradcalc
 3 alpha = 1.0838745530332663e+00
beginning parameter save
AA ubd -2.0000000000000001e-01
BB ubd -2.0000000000000001e-01
1.1000000000000000e+01 1.9900000000000000e+02
 VV Here 1.5566272267320167e+01
putting in kludge for nya=0 setting it equal to 1
PPPPP   Tot mort penalty 8.9685519437845201e+01  Zmax_flag = 1
need to check out nya=0 case 
VVVV!!! implicit_catch_effort_relationship regression penalty= 0.0000000000000000e+00
Avoided move
BBBBBBBBBBBBBB
After no_penalties pen = 0.000000000000e+00
After good_penalties pen = 0.000000000000e+00
 q0 penalty = 3.021405370573e+02
fishery initial population curvature penalty = 3.972203675487e+00
fishery recruitment trend penalty = 9.701131991474e-01
tmp4 = 103.023968
selmean pen = 0.000000
dome selectivity pen = 0.000000
non decreasing  selectivity pen = 0.000000
Av. F = 0.012812
The fish mort penalty is 7551.202256
After call_penalties pen = 8015.842878457334
Length frequency data    253888.236007469
 tagfit before pooling 7644.213982674
  Empirical variance calculation: 3834.096818261
 tagfit pooling 89.664284771
 Tag data = 7733.878267444940
 Survey index term = -428.321700109706
Total func     269300.430759391747
finished fcomp
did routine save
FMIN time = 2.361874000000
AA ubd -0.200000000000
BB ubd -0.200000000000
11.000000000000 199.000000000000
 VV Here 15.554226961747
putting in kludge for nya=0 setting it equal to 1
PPPPP   Tot mort penalty 104.782116798155  Zmax_flag = 1
need to check out nya=0 case 
VVVV!!! implicit_catch_effort_relationship regression penalty= 0.000000000000
Avoided move
BBBBBBBBBBBBBB
After no_penalties pen = 0.000000000000
After good_penalties pen = 0.000000000000
 q0 penalty = 302.140537057310
fishery initial population curvature penalty = 3.952483853367
fishery recruitment trend penalty = 1.051866026164
tmp4 = 107.430811
selmean pen = 0.000000
dome selectivity pen = 0.000000
non decreasing  selectivity pen = 0.000000
Av. F = 0.012938
The fish mort penalty is 7497.620790
After call_penalties pen = 7969.088259377579
Length frequency data    253899.446867049
 tagfit before pooling 7633.786095802
  Empirical variance calculation: 3834.065042975
 tagfit pooling 90.411843595
 Tag data = 7724.197939397518
 Survey index term = -407.048872943566
Total func     269291.542050502612
finished fcomp
==============================================
 f eval 20
calling gradcalc
finished gradcalc
 5 alpha = 2.0838745530332661e+00
START
END
START
END
298 variables; iteration 10; function evaluation 21
Function value   2.6929154e+05; maximum gradient component mag  -1.30213e+00
    1  3.02314e+01 1.16510e-01 :     2  3.42784e+01 2.61152e-01 :     3  2.06714e+01 -6.80665e-02 :     4  1.79028e+01 -2.89761e-03
    5  7.36418e+00 2.20620e-01 :     6  7.10840e+00 2.15715e-01 :     7  1.02125e+01 1.90499e-01 :     8  1.83974e+01 1.08309e-01
    9  2.42801e+01 4.96570e-02 :    10  3.24236e+01 -5.56228e-02 :    11  3.80171e+01 -1.25135e-01 :    12  4.38917e+01 -2.67826e-01
   13  4.42732e+01 -3.90973e-01 :    14  2.61724e+01 -1.28615e-01 :    15  7.09681e+00 -1.53193e-02 :    16  7.93353e-01 -1.28295e-01
   17  -4.29235e+00 -2.56390e-01 :    18  -1.91848e+01 -1.23218e-01 :    19  -1.80633e+01 -1.76232e-01 :    20  -2.28676e+01 -1.54799e-01
   21  -2.81863e+01 -1.23143e-01 :    22  -2.71283e+01 -9.16048e-02 :    23  -2.83671e+01 2.65223e-02 :    24  -3.58939e+01 1.36996e-01
   25  -2.97104e+01 1.46046e-01 :    26  -1.73660e+01 1.45308e-01 :    27  -4.84298e+00 1.44592e-01 :    28  8.68012e+00 7.10180e-02
   29  1.40241e+01 1.26276e-01 :    30  4.90258e+01 -7.20814e-01 :    31  3.47759e+01 -1.86726e-02 :    32  3.36459e+01 6.88708e-02
   33  3.06505e+01 8.04064e-02 :    34  2.49856e+01 3.27353e-02 :    35  1.70171e+01 -3.54780e-02 :    36  1.21242e+01 -1.96030e-01
   37  -2.83465e+00 -1.36237e-01 :    38  -3.18019e+01 8.60586e-02 :    39  -2.66127e+01 3.28533e-02 :    40  -1.01421e+01 -1.77774e-01
   41  -3.86616e+00 -2.47664e-01 :    42  -3.60683e+00 -1.34455e-01 :    43  3.56391e+00 -1.46809e-01 :    44  1.22150e+01 -2.34138e-01
   45  -4.79363e+00 1.29048e-01 :    46  2.54628e+00 1.61860e-01 :    47  2.01277e+01 1.05457e-01 :    48  2.79433e+01 5.46945e-02
   49  7.27100e+00 1.39301e-01 :    50  -1.21425e+01 8.90772e-02 :    51  -1.69963e+01 -5.46087e-02 :    52  -1.36959e+01 -2.95049e-01
   53  -2.08962e+01 -2.70570e-01 :    54  -3.34162e+01 -8.88010e-02 :    55  -4.04220e+01 3.87833e-02 :    56  -2.64192e+01 3.55666e-02
   57  4.57616e+00 -2.17285e-01 :    58  6.33069e+00 5.13035e-02 :    59  4.53710e+00 3.30186e-01 :    60  3.56012e+01 3.13903e-01
   61  -1.03558e+01 3.03695e-01 :    62  -2.17511e+01 1.70256e-01 :    63  -7.74100e+00 1.02956e-01 :    64  1.01073e+01 -4.69533e-02
   65  -1.87072e+00 1.64784e-01 :  2 alpha = 2.9602327290175823e+00
FMIN time = 5.8599999999999993e-04
AA ubd -2.0000000000000001e-01
BB ubd -2.0000000000000001e-01
1.1000000000000000e+01 1.9900000000000000e+02
 VV Here 1.5553211030362528e+01
putting in kludge for nya=0 setting it equal to 1
PPPPP   Tot mort penalty 9.8984383722923980e+01  Zmax_flag = 1
need to check out nya=0 case 
VVVV!!! implicit_catch_effort_relationship regression penalty= 0.0000000000000000e+00
Avoided move
BBBBBBBBBBBBBB
After no_penalties pen = 0.000000000000e+00
After good_penalties pen = 0.000000000000e+00
 q0 penalty = 3.021405370573e+02
fishery initial population curvature penalty = 3.744794373054e+00
fishery recruitment trend penalty = 9.274704161663e-01
tmp4 = 109.407649
selmean pen = 0.000000
dome selectivity pen = 0.000000
non decreasing  selectivity pen = 0.000000
Av. F = 0.012899
The fish mort penalty is 7514.089042
After call_penalties pen = 7989.691139312477
Length frequency data    253876.035532807
 tagfit before pooling 7623.191742366
  Empirical variance calculation: 3834.030606259
 tagfit pooling 90.457902824
 Tag data = 7713.649645189298
 Survey index term = -409.382534570340
Total func     269270.018701092340
finished fcomp
==============================================
 f eval 21
calling gradcalc
finished gradcalc
 3 alpha = 5.8029811073981792e+00
FMIN time = 2.8000000000000000e-05
AA ubd -2.0000000000000001e-01
BB ubd -2.0000000000000001e-01
1.1000000000000000e+01 1.9900000000000000e+02
 VV Here 1.5547315117846457e+01
putting in kludge for nya=0 setting it equal to 1
PPPPP   Tot mort penalty 7.2996650533079830e+01  Zmax_flag = 1
need to check out nya=0 case 
VVVV!!! implicit_catch_effort_relationship regression penalty= 0.0000000000000000e+00
Avoided move
BBBBBBBBBBBBBB
After no_penalties pen = 0.000000000000e+00
After good_penalties pen = 0.000000000000e+00
 q0 penalty = 3.021405370573e+02
fishery initial population curvature penalty = 2.755992051629e+00
fishery recruitment trend penalty = 3.566061612270e-01
tmp4 = 123.441338
selmean pen = 0.000000
dome selectivity pen = 0.000000
non decreasing  selectivity pen = 0.000000
Av. F = 0.012611
The fish mort penalty is 7638.291979
After call_penalties pen = 8141.965631142007
Length frequency data    253744.525059860
 tagfit before pooling 7567.053937607
  Empirical variance calculation: 3833.805217478
 tagfit pooling 90.640205944
 Tag data = 7657.694143551053
 Survey index term = -405.579842038504
Total func     269212.469018772303
finished fcomp
==============================================
 f eval 22
calling gradcalc
finished gradcalc
 5 alpha = 6.8029811073981792e+00
START
END
START
END
 2 alpha = 7.9004455592849325e+00
FMIN time = 4.2900000000000002e-04
AA ubd -2.0000000000000001e-01
BB ubd -2.0000000000000001e-01
1.1000000000000000e+01 1.9900000000000000e+02
 VV Here 1.5546436039900559e+01
putting in kludge for nya=0 setting it equal to 1
PPPPP   Tot mort penalty 7.8082391484098267e+01  Zmax_flag = 1
need to check out nya=0 case 
VVVV!!! implicit_catch_effort_relationship regression penalty= 0.0000000000000000e+00
Avoided move
BBBBBBBBBBBBBB
After no_penalties pen = 0.000000000000e+00
After good_penalties pen = 0.000000000000e+00
 q0 penalty = 3.021405370573e+02
fishery initial population curvature penalty = 2.610888976125e+00
fishery recruitment trend penalty = 4.262847212820e-01
tmp4 = 123.203616
selmean pen = 0.000000
dome selectivity pen = 0.000000
non decreasing  selectivity pen = 0.000000
Av. F = 0.012625
The fish mort penalty is 7632.132164
After call_penalties pen = 8136.310927821232
Length frequency data    253742.504918422
 tagfit before pooling 7562.882468308
  Empirical variance calculation: 3833.807280901
 tagfit pooling 90.358408468
 Tag data = 7653.240876775561
 Survey index term = -415.126317960958
Total func     269195.873000089312
finished fcomp
==============================================
 f eval 23
calling gradcalc
finished gradcalc
 3 alpha = 1.9222758000430089e+00
FMIN time = 2.5999999999999998e-05
AA ubd -2.0000000000000001e-01
BB ubd -2.0000000000000001e-01
1.1000000000000000e+01 1.9900000000000000e+02
 VV Here 1.5544746482880370e+01
putting in kludge for nya=0 setting it equal to 1
PPPPP   Tot mort penalty 8.8764903996465165e+01  Zmax_flag = 1
need to check out nya=0 case 
VVVV!!! implicit_catch_effort_relationship regression penalty= 0.0000000000000000e+00
Avoided move
BBBBBBBBBBBBBB
After no_penalties pen = 0.000000000000e+00
After good_penalties pen = 0.000000000000e+00
 q0 penalty = 3.021405370573e+02
fishery initial population curvature penalty = 2.379291758292e+00
fishery recruitment trend penalty = 5.770970280301e-01
tmp4 = 123.018928
selmean pen = 0.000000
dome selectivity pen = 0.000000
non decreasing  selectivity pen = 0.000000
Av. F = 0.012644
The fish mort penalty is 7623.902495
After call_penalties pen = 8129.420298885244
Length frequency data    253746.813892075
 tagfit before pooling 7555.503372881
  Empirical variance calculation: 3833.793014640
 tagfit pooling 89.772586523
 Tag data = 7645.275959404637
 Survey index term = -427.811470358620
Total func     269183.310874992807
finished fcomp
==============================================
 f eval 24
calling gradcalc
finished gradcalc
 5 alpha = 2.9222758000430087e+00
START
END
START
END
 2 alpha = 2.5300099013045436e+00
FMIN time = 4.1299999999999996e-04
AA ubd -2.0000000000000001e-01
BB ubd -2.0000000000000001e-01
1.1000000000000000e+01 1.9900000000000000e+02
 VV Here 1.5544814236336281e+01
putting in kludge for nya=0 setting it equal to 1
PPPPP   Tot mort penalty 8.6843688846742651e+01  Zmax_flag = 1
need to check out nya=0 case 
VVVV!!! implicit_catch_effort_relationship regression penalty= 0.0000000000000000e+00
Avoided move
BBBBBBBBBBBBBB
After no_penalties pen = 0.000000000000e+00
After good_penalties pen = 0.000000000000e+00
 q0 penalty = 3.021405370573e+02
fishery initial population curvature penalty = 2.252114991308e+00
fishery recruitment trend penalty = 4.912321318320e-01
tmp4 = 124.462416
selmean pen = 0.000000
dome selectivity pen = 0.000000
non decreasing  selectivity pen = 0.000000
Av. F = 0.012591
The fish mort penalty is 7647.191300
After call_penalties pen = 8156.501412034325
Length frequency data    253695.292898832
 tagfit before pooling 7561.289343502
  Empirical variance calculation: 3833.732913054
 tagfit pooling 90.517111124
 Tag data = 7651.806454626083
 Survey index term = -426.973119118844
Total func     269164.299335561227
finished fcomp
==============================================
 f eval 25
calling gradcalc
finished gradcalc
 3 alpha = 1.8619224315287033e+00
FMIN time = 2.5999999999999998e-05
AA ubd -2.0000000000000001e-01
BB ubd -2.0000000000000001e-01
1.1000000000000000e+01 1.9900000000000000e+02
 VV Here 1.5544940447584594e+01
putting in kludge for nya=0 setting it equal to 1
PPPPP   Tot mort penalty 8.4186755431864754e+01  Zmax_flag = 1
need to check out nya=0 case 
VVVV!!! implicit_catch_effort_relationship regression penalty= 0.0000000000000000e+00
Avoided move
BBBBBBBBBBBBBB
After no_penalties pen = 0.000000000000e+00
After good_penalties pen = 0.000000000000e+00
 q0 penalty = 3.021405370573e+02
fishery initial population curvature penalty = 2.037812611808e+00
fishery recruitment trend penalty = 3.492877569909e-01
tmp4 = 127.540766
selmean pen = 0.000000
dome selectivity pen = 0.000000
non decreasing  selectivity pen = 0.000000
Av. F = 0.012485
The fish mort penalty is 7694.070342
After call_penalties pen = 8210.984380814129
Length frequency data    253609.105774134
 tagfit before pooling 7572.608274581
  Empirical variance calculation: 3833.574500483
 tagfit pooling 91.890734559
 Tag data = 7664.499009140182
 Survey index term = -419.468550043517
Total func     269150.102997113136
finished fcomp
==============================================
 f eval 26
calling gradcalc
finished gradcalc
 5 alpha = 2.8619224315287033e+00
START
END
START
END

 - Final statistics:
298 variables; iteration 13; function evaluation 27
Function value   2.6915010e+05; maximum gradient component mag  -7.46700e-01
Exit code = 1;  converg criter   1.00000e+00
Var   Value    Gradient   |Var   Value    Gradient   |Var   Value    Gradient   
  1 29.99787 -1.46405e-01 |  2 31.56929 -2.70570e-01 |  3 25.11354 -1.28814e-01
  4 22.42612 -2.06342e-01 |  5 -1.78598  5.76607e-02 |  6 -2.33296  5.18933e-02
  7  1.66917  3.95153e-02 |  8 13.44386 -8.33446e-03 |  9 21.39087 -2.32762e-02
 10 33.19809 -4.35416e-02 | 11 40.32558  2.73056e-02 | 12 50.02404  8.34273e-02
 13 53.66858  5.56916e-02 | 14 25.73323  6.93328e-02 | 15  2.41412  1.66648e-02
 16  0.73585 -1.08176e-01 | 17  0.84719 -2.69263e-01 | 18-19.50439 -1.50582e-01
 19-16.03882 -2.19544e-01 | 20-21.81329 -2.19861e-01 | 21-28.63029 -2.11143e-01
 22-28.86264 -2.00796e-01 | 23-34.98098 -1.10602e-01 | 24-47.58523 -4.92975e-02
 25-41.28791 -3.68266e-02 | 26-27.73828  6.43911e-03 | 27-13.87115  9.83393e-02
 28  3.55403  1.64505e-01 | 29  7.38501  2.70037e-01 | 30 68.34892  2.32875e-01
 31 34.09970  3.72076e-01 | 32 30.33416  3.11620e-01 | 33 26.91360  2.05865e-01
 34 22.59105  9.23308e-02 | 35 16.61478  6.61705e-03 | 36 17.52832 -1.57861e-01
 37 -0.43419 -1.33275e-01 | 38-39.90950 -1.20091e-02 | 39-31.92217 -1.99236e-02
 40 -5.76944 -9.33116e-02 | 41  3.85795 -6.71682e-02 | 42  0.17136  5.86154e-02
 43  8.69666  9.36610e-02 | 44 21.69209  4.30788e-02 | 45 -9.84972  1.17383e-01
 46 -2.17258  1.21609e-01 | 47 20.85741  1.43537e-01 | 48 32.25727  1.35312e-01
 49  5.26077  1.14178e-01 | 50-15.66126  5.36072e-02 | 51-15.87930 -4.47150e-03
 52 -3.29360 -1.33062e-01 | 53-12.12040 -1.32957e-01 | 54-32.80168 -6.39432e-02
FMIN time = 3.5799999999999997e-04
Making a copy of an unallocated dvector
Making a copy of an unallocated dvector
Making a copy of an unallocated dvector
Making a copy of an unallocated dvector
Making a copy of an unallocated dvector
Error reading from file simulated_numbers_at_age
Warning -- number of simulations in file simyears is different from the number of simulations being done
Doing simulation 1 of 1
AA ubd -2.0000000000000001e-01
BB ubd -2.0000000000000001e-01
1.1000000000000000e+01 1.9900000000000000e+02
 VV Here 1.5544940447584594e+01
putting in kludge for nya=0 setting it equal to 1
PPPPP   Tot mort penalty 8.4186755431864754e+01  Zmax_flag = 1
need to check out nya=0 case 
VVVV!!! implicit_catch_effort_relationship regression penalty= 0.0000000000000000e+00
HERE
Avoided move
BBBBBBBBBBBBBB
After no_penalties pen = 0.000000000000e+00
After good_penalties pen = 0.000000000000e+00
 q0 penalty = 3.021405370573e+02
fishery initial population curvature penalty = 2.037812611808e+00
fishery recruitment trend penalty = 3.492877569909e-01
tmp4 = 127.540766
fishery recruitment trend penalty = 0.349288
 after recruitment trend penalty  = 127.890054
fishery recruitment curv penalty = 6.058728
selmean pen = 0.000000
dome selectivity pen = 0.000000
non decreasing  selectivity pen = 0.000000
Av. F = 0.012485
The fish mort penalty is 7694.070342
After call_penalties pen = 8210.984380814129
Length frequency data    253609.105774134
 tagfit before pooling 7572.608274581
  Empirical variance calculation: 3833.574500483
 tagfit pooling 91.890734559
 Tag data = 7664.499009140182
 Estimated CPUE sigma for grouped fisheries  29 30 31 32 33 is : 0.145527194435
 Survey index term = -419.468550043517
Total func     269150.102997113136
===== Printing to 01.par
===== 01.par finished
===== Printing to 01.par1
===== 01.par1 finished
finished fcomp
===== newl3.cpp,  setting quit_flag = 0
===== newl3, returned printing fcomp
11.000000000000 199.000000000000
 VV Here 15.544940447585
putting in kludge for nya=0 setting it equal to 1
PPPPP   Tot mort penalty 84.186755431865  Zmax_flag = 1
need to check out nya=0 case 
VVVV!!! implicit_catch_effort_relationship regression penalty= 0.000000000000
HERE
Avoided move
Error trying to open selblocks.dat 
calling fsh.set_shark_no_vonb_var_control_switches
Starting phase 2 ... enter a character
 WARNING: reporting rates for tag release event:  1 applied during the mixing period. This is not advisable!
 Consider setting tag_flags(it,2) = 1 to disable   application during the mixing period
 WARNING: reporting rates for tag release event:  2 applied during the mixing period. This is not advisable!
 Consider setting tag_flags(it,2) = 1 to disable   application during the mixing period
 WARNING: reporting rates for tag release event:  3 applied during the mixing period. This is not advisable!
 Consider setting tag_flags(it,2) = 1 to disable   application during the mixing period
 WARNING: reporting rates for tag release event:  4 applied during the mixing period. This is not advisable!
 Consider setting tag_flags(it,2) = 1 to disable   application during the mixing period
 WARNING: reporting rates for tag release event:  5 applied during the mixing period. This is not advisable!
 Consider setting tag_flags(it,2) = 1 to disable   application during the mixing period
 WARNING: reporting rates for tag release event:  6 applied during the mixing period. This is not advisable!
 Consider setting tag_flags(it,2) = 1 to disable   application during the mixing period
 WARNING: reporting rates for tag release event:  7 applied during the mixing period. This is not advisable!
 Consider setting tag_flags(it,2) = 1 to disable   application during the mixing period
 WARNING: reporting rates for tag release event:  8 applied during the mixing period. This is not advisable!
 Consider setting tag_flags(it,2) = 1 to disable   application during the mixing period
 WARNING: reporting rates for tag release event:  9 applied during the mixing period. This is not advisable!
 Consider setting tag_flags(it,2) = 1 to disable   application during the mixing period
 WARNING: reporting rates for tag release event:  10 applied during the mixing period. This is not advisable!
 Consider setting tag_flags(it,2) = 1 to disable   application during the mixing period
 WARNING: reporting rates for tag release event:  11 applied during the mixing period. This is not advisable!
 Consider setting tag_flags(it,2) = 1 to disable   application during the mixing period
 WARNING: reporting rates for tag release event:  12 applied during the mixing period. This is not advisable!
 Consider setting tag_flags(it,2) = 1 to disable   application during the mixing period
 WARNING: reporting rates for tag release event:  13 applied during the mixing period. This is not advisable!
 Consider setting tag_flags(it,2) = 1 to disable   application during the mixing period
 WARNING: reporting rates for tag release event:  14 applied during the mixing period. This is not advisable!
 Consider setting tag_flags(it,2) = 1 to disable   application during the mixing period
 WARNING: reporting rates for tag release event:  15 applied during the mixing period. This is not advisable!
 Consider setting tag_flags(it,2) = 1 to disable   application during the mixing period
 WARNING: reporting rates for tag release event:  16 applied during the mixing period. This is not advisable!
 Consider setting tag_flags(it,2) = 1 to disable   application during the mixing period
 WARNING: reporting rates for tag release event:  17 applied during the mixing period. This is not advisable!
 Consider setting tag_flags(it,2) = 1 to disable   application during the mixing period
 WARNING: reporting rates for tag release event:  18 applied during the mixing period. This is not advisable!
 Consider setting tag_flags(it,2) = 1 to disable   application during the mixing period
 WARNING: reporting rates for tag release event:  19 applied during the mixing period. This is not advisable!
 Consider setting tag_flags(it,2) = 1 to disable   application during the mixing period
 WARNING: reporting rates for tag release event:  20 applied during the mixing period. This is not advisable!
 Consider setting tag_flags(it,2) = 1 to disable   application during the mixing period
 WARNING: reporting rates for tag release event:  21 applied during the mixing period. This is not advisable!
 Consider setting tag_flags(it,2) = 1 to disable   application during the mixing period
 WARNING: reporting rates for tag release event:  22 applied during the mixing period. This is not advisable!
 Consider setting tag_flags(it,2) = 1 to disable   application during the mixing period
 WARNING: reporting rates for tag release event:  23 applied during the mixing period. This is not advisable!
 Consider setting tag_flags(it,2) = 1 to disable   application during the mixing period
 WARNING: reporting rates for tag release event:  24 applied during the mixing period. This is not advisable!
 Consider setting tag_flags(it,2) = 1 to disable   application during the mixing period
 WARNING: reporting rates for tag release event:  25 applied during the mixing period. This is not advisable!
 Consider setting tag_flags(it,2) = 1 to disable   application during the mixing period
 WARNING: reporting rates for tag release event:  26 applied during the mixing period. This is not advisable!
 Consider setting tag_flags(it,2) = 1 to disable   application during the mixing period
 WARNING: reporting rates for tag release event:  27 applied during the mixing period. This is not advisable!
 Consider setting tag_flags(it,2) = 1 to disable   application during the mixing period
 WARNING: reporting rates for tag release event:  28 applied during the mixing period. This is not advisable!
 Consider setting tag_flags(it,2) = 1 to disable   application during the mixing period
 WARNING: reporting rates for tag release event:  29 applied during the mixing period. This is not advisable!
 Consider setting tag_flags(it,2) = 1 to disable   application during the mixing period
 WARNING: reporting rates for tag release event:  30 applied during the mixing period. This is not advisable!
 Consider setting tag_flags(it,2) = 1 to disable   application during the mixing period
 WARNING: reporting rates for tag release event:  31 applied during the mixing period. This is not advisable!
 Consider setting tag_flags(it,2) = 1 to disable   application during the mixing period
 WARNING: reporting rates for tag release event:  32 applied during the mixing period. This is not advisable!
 Consider setting tag_flags(it,2) = 1 to disable   application during the mixing period
 WARNING: reporting rates for tag release event:  33 applied during the mixing period. This is not advisable!
 Consider setting tag_flags(it,2) = 1 to disable   application during the mixing period
 WARNING: reporting rates for tag release event:  34 applied during the mixing period. This is not advisable!
 Consider setting tag_flags(it,2) = 1 to disable   application during the mixing period
 WARNING: reporting rates for tag release event:  35 applied during the mixing period. This is not advisable!
 Consider setting tag_flags(it,2) = 1 to disable   application during the mixing period
 WARNING: reporting rates for tag release event:  36 applied during the mixing period. This is not advisable!
 Consider setting tag_flags(it,2) = 1 to disable   application during the mixing period
 WARNING: reporting rates for tag release event:  37 applied during the mixing period. This is not advisable!
 Consider setting tag_flags(it,2) = 1 to disable   application during the mixing period
 WARNING: reporting rates for tag release event:  38 applied during the mixing period. This is not advisable!
 Consider setting tag_flags(it,2) = 1 to disable   application during the mixing period
 WARNING: reporting rates for tag release event:  39 applied during the mixing period. This is not advisable!
 Consider setting tag_flags(it,2) = 1 to disable   application during the mixing period
 WARNING: reporting rates for tag release event:  40 applied during the mixing period. This is not advisable!
 Consider setting tag_flags(it,2) = 1 to disable   application during the mixing period
 WARNING: reporting rates for tag release event:  41 applied during the mixing period. This is not advisable!
 Consider setting tag_flags(it,2) = 1 to disable   application during the mixing period
 WARNING: reporting rates for tag release event:  42 applied during the mixing period. This is not advisable!
 Consider setting tag_flags(it,2) = 1 to disable   application during the mixing period
 WARNING: reporting rates for tag release event:  43 applied during the mixing period. This is not advisable!
 Consider setting tag_flags(it,2) = 1 to disable   application during the mixing period
 WARNING: reporting rates for tag release event:  44 applied during the mixing period. This is not advisable!
 Consider setting tag_flags(it,2) = 1 to disable   application during the mixing period
 WARNING: reporting rates for tag release event:  45 applied during the mixing period. This is not advisable!
 Consider setting tag_flags(it,2) = 1 to disable   application during the mixing period
 WARNING: reporting rates for tag release event:  46 applied during the mixing period. This is not advisable!
 Consider setting tag_flags(it,2) = 1 to disable   application during the mixing period
 WARNING: reporting rates for tag release event:  47 applied during the mixing period. This is not advisable!
 Consider setting tag_flags(it,2) = 1 to disable   application during the mixing period
 WARNING: reporting rates for tag release event:  48 applied during the mixing period. This is not advisable!
 Consider setting tag_flags(it,2) = 1 to disable   application during the mixing period
 WARNING: reporting rates for tag release event:  49 applied during the mixing period. This is not advisable!
 Consider setting tag_flags(it,2) = 1 to disable   application during the mixing period
 WARNING: reporting rates for tag release event:  50 applied during the mixing period. This is not advisable!
 Consider setting tag_flags(it,2) = 1 to disable   application during the mixing period
 WARNING: reporting rates for tag release event:  51 applied during the mixing period. This is not advisable!
 Consider setting tag_flags(it,2) = 1 to disable   application during the mixing period
 WARNING: reporting rates for tag release event:  52 applied during the mixing period. This is not advisable!
 Consider setting tag_flags(it,2) = 1 to disable   application during the mixing period
 WARNING: reporting rates for tag release event:  53 applied during the mixing period. This is not advisable!
 Consider setting tag_flags(it,2) = 1 to disable   application during the mixing period
 WARNING: reporting rates for tag release event:  54 applied during the mixing period. This is not advisable!
 Consider setting tag_flags(it,2) = 1 to disable   application during the mixing period
 WARNING: reporting rates for tag release event:  55 applied during the mixing period. This is not advisable!
 Consider setting tag_flags(it,2) = 1 to disable   application during the mixing period
 WARNING: reporting rates for tag release event:  56 applied during the mixing period. This is not advisable!
 Consider setting tag_flags(it,2) = 1 to disable   application during the mixing period
 WARNING: reporting rates for tag release event:  57 applied during the mixing period. This is not advisable!
 Consider setting tag_flags(it,2) = 1 to disable   application during the mixing period
 WARNING: reporting rates for tag release event:  58 applied during the mixing period. This is not advisable!
 Consider setting tag_flags(it,2) = 1 to disable   application during the mixing period
 WARNING: reporting rates for tag release event:  59 applied during the mixing period. This is not advisable!
 Consider setting tag_flags(it,2) = 1 to disable   application during the mixing period
 WARNING: reporting rates for tag release event:  60 applied during the mixing period. This is not advisable!
 Consider setting tag_flags(it,2) = 1 to disable   application during the mixing period
 WARNING: reporting rates for tag release event:  61 applied during the mixing period. This is not advisable!
 Consider setting tag_flags(it,2) = 1 to disable   application during the mixing period
 WARNING: reporting rates for tag release event:  62 applied during the mixing period. This is not advisable!
 Consider setting tag_flags(it,2) = 1 to disable   application during the mixing period
 WARNING: reporting rates for tag release event:  63 applied during the mixing period. This is not advisable!
 Consider setting tag_flags(it,2) = 1 to disable   application during the mixing period
 WARNING: reporting rates for tag release event:  64 applied during the mixing period. This is not advisable!
 Consider setting tag_flags(it,2) = 1 to disable   application during the mixing period
 WARNING: reporting rates for tag release event:  65 applied during the mixing period. This is not advisable!
 Consider setting tag_flags(it,2) = 1 to disable   application during the mixing period
 WARNING: reporting rates for tag release event:  66 applied during the mixing period. This is not advisable!
 Consider setting tag_flags(it,2) = 1 to disable   application during the mixing period
 WARNING: reporting rates for tag release event:  67 applied during the mixing period. This is not advisable!
 Consider setting tag_flags(it,2) = 1 to disable   application during the mixing period
 WARNING: reporting rates for tag release event:  68 applied during the mixing period. This is not advisable!
 Consider setting tag_flags(it,2) = 1 to disable   application during the mixing period
 WARNING: reporting rates for tag release event:  69 applied during the mixing period. This is not advisable!
 Consider setting tag_flags(it,2) = 1 to disable   application during the mixing period
 WARNING: reporting rates for tag release event:  70 applied during the mixing period. This is not advisable!
 Consider setting tag_flags(it,2) = 1 to disable   application during the mixing period
 WARNING: reporting rates for tag release event:  71 applied during the mixing period. This is not advisable!
 Consider setting tag_flags(it,2) = 1 to disable   application during the mixing period
 WARNING: reporting rates for tag release event:  72 applied during the mixing period. This is not advisable!
 Consider setting tag_flags(it,2) = 1 to disable   application during the mixing period
 WARNING: reporting rates for tag release event:  73 applied during the mixing period. This is not advisable!
 Consider setting tag_flags(it,2) = 1 to disable   application during the mixing period
 WARNING: reporting rates for tag release event:  74 applied during the mixing period. This is not advisable!
 Consider setting tag_flags(it,2) = 1 to disable   application during the mixing period
 WARNING: reporting rates for tag release event:  75 applied during the mixing period. This is not advisable!
 Consider setting tag_flags(it,2) = 1 to disable   application during the mixing period
 WARNING: reporting rates for tag release event:  76 applied during the mixing period. This is not advisable!
 Consider setting tag_flags(it,2) = 1 to disable   application during the mixing period
 WARNING: reporting rates for tag release event:  77 applied during the mixing period. This is not advisable!
 Consider setting tag_flags(it,2) = 1 to disable   application during the mixing period
 WARNING: reporting rates for tag release event:  78 applied during the mixing period. This is not advisable!
 Consider setting tag_flags(it,2) = 1 to disable   application during the mixing period
 WARNING: reporting rates for tag release event:  79 applied during the mixing period. This is not advisable!
 Consider setting tag_flags(it,2) = 1 to disable   application during the mixing period
 WARNING: reporting rates for tag release event:  80 applied during the mixing period. This is not advisable!
 Consider setting tag_flags(it,2) = 1 to disable   application during the mixing period
 WARNING: reporting rates for tag release event:  81 applied during the mixing period. This is not advisable!
 Consider setting tag_flags(it,2) = 1 to disable   application during the mixing period
 WARNING: reporting rates for tag release event:  82 applied during the mixing period. This is not advisable!
 Consider setting tag_flags(it,2) = 1 to disable   application during the mixing period
 WARNING: reporting rates for tag release event:  83 applied during the mixing period. This is not advisable!
 Consider setting tag_flags(it,2) = 1 to disable   application during the mixing period
 WARNING: reporting rates for tag release event:  84 applied during the mixing period. This is not advisable!
 Consider setting tag_flags(it,2) = 1 to disable   application during the mixing period
 WARNING: reporting rates for tag release event:  85 applied during the mixing period. This is not advisable!
 Consider setting tag_flags(it,2) = 1 to disable   application during the mixing period
 WARNING: reporting rates for tag release event:  86 applied during the mixing period. This is not advisable!
 Consider setting tag_flags(it,2) = 1 to disable   application during the mixing period
 WARNING: reporting rates for tag release event:  87 applied during the mixing period. This is not advisable!
 Consider setting tag_flags(it,2) = 1 to disable   application during the mixing period
 WARNING: reporting rates for tag release event:  88 applied during the mixing period. This is not advisable!
 Consider setting tag_flags(it,2) = 1 to disable   application during the mixing period
 WARNING: reporting rates for tag release event:  89 applied during the mixing period. This is not advisable!
 Consider setting tag_flags(it,2) = 1 to disable   application during the mixing period
 WARNING: reporting rates for tag release event:  90 applied during the mixing period. This is not advisable!
 Consider setting tag_flags(it,2) = 1 to disable   application during the mixing period
 WARNING: reporting rates for tag release event:  91 applied during the mixing period. This is not advisable!
 Consider setting tag_flags(it,2) = 1 to disable   application during the mixing period
 WARNING: reporting rates for tag release event:  92 applied during the mixing period. This is not advisable!
 Consider setting tag_flags(it,2) = 1 to disable   application during the mixing period
 WARNING: reporting rates for tag release event:  93 applied during the mixing period. This is not advisable!
 Consider setting tag_flags(it,2) = 1 to disable   application during the mixing period
 WARNING: reporting rates for tag release event:  94 applied during the mixing period. This is not advisable!
 Consider setting tag_flags(it,2) = 1 to disable   application during the mixing period
 WARNING: reporting rates for tag release event:  95 applied during the mixing period. This is not advisable!
 Consider setting tag_flags(it,2) = 1 to disable   application during the mixing period
 WARNING: reporting rates for tag release event:  96 applied during the mixing period. This is not advisable!
 Consider setting tag_flags(it,2) = 1 to disable   application during the mixing period
 WARNING: reporting rates for tag release event:  97 applied during the mixing period. This is not advisable!
 Consider setting tag_flags(it,2) = 1 to disable   application during the mixing period
 WARNING: reporting rates for tag release event:  98 applied during the mixing period. This is not advisable!
 Consider setting tag_flags(it,2) = 1 to disable   application during the mixing period
A ubd -0.200000000000
B ubd -0.200000000000
A ubd -0.200000000000
B ubd -0.200000000000
 1 alpha = 1.0000000000000000e+00
FMIN time = 1.4299999999999998e-04
AA ubd -2.0000000000000001e-01
BB ubd -2.0000000000000001e-01
1.1000000000000000e+01 1.9900000000000000e+02
 VV Here 1.5544940447584619e+01
putting in kludge for nya=0 setting it equal to 1
PPPPP   Tot mort penalty 8.4186755431840155e+01  Zmax_flag = 1
need to check out nya=0 case 
VVVV!!! implicit_catch_effort_relationship regression penalty= 0.0000000000000000e+00
Avoided move
BBBBBBBBBBBBBB
After no_penalties pen = 0.000000000000e+00
After good_penalties pen = 0.000000000000e+00
 q0 penalty = 3.021405370573e+01
fishery initial population curvature penalty = 2.037812611808e+00
fishery recruitment trend penalty = 3.492877569909e-02
tmp4 = 14.094383
selmean pen = 0.000000
dome selectivity pen = 0.000000
non decreasing  selectivity pen = 0.000000
Av. F = 0.012485
The fish mort penalty is 7694.070342
After call_penalties pen = 7825.297155075511
Length frequency data    253609.105774134
 tagfit before pooling 7572.608274581
  Empirical variance calculation: 3833.574500483
 tagfit pooling 91.890734559
 Tag data = 7664.499009140293
 Survey index term = -419.468550043522
Total func     268764.415773025365
finished fcomp
==============================================
 f eval 0
calling gradcalc
finished gradcalc

Initial statistics: 468 variables; iteration 0; function evaluation 0
Function value   2.6876442e+05; maximum gradient component mag   2.52648e+01
    1  3.19802e+02 1.79860e+01 :     2  3.19802e+02 8.97663e+00 :     3  3.19802e+02 -1.21252e+01 :     4  3.19802e+02 -8.53329e+00
    5  3.19802e+02 -6.30412e+00 :     6  3.19802e+02 1.01238e+01 :     7  3.19802e+02 9.82299e+00 :     8  3.19802e+02 -8.99917e-01
    9  3.19802e+02 -7.70573e+00 :    10  3.19802e+02 -1.13411e+01 :    11  3.19802e+02 9.89371e+00 :    12  3.19802e+02 7.00814e+00
   13  3.19802e+02 -4.26311e+00 :    14  3.19802e+02 -7.02139e+00 :    15  3.19802e+02 -5.61735e+00 :    16  3.19802e+02 9.68709e+00
   17  3.19802e+02 4.83753e+00 :    18  3.19802e+02 -4.64517e+00 :    19  3.19802e+02 -5.98252e+00 :    20  3.19802e+02 -3.89693e+00
   21  3.19802e+02 8.38959e-01 :    22  3.19802e+02 1.88149e+00 :    23  3.19802e+02 2.34423e+00 :    24  3.19802e+02 -1.74683e+00
   25  3.19802e+02 -3.31784e+00 :    26  3.19802e+02 3.21788e+00 :    27  3.19802e+02 2.48954e+00 :    28  3.19802e+02 -3.52979e+00
   29  3.19802e+02 -3.30597e+00 :    30  3.19802e+02 1.12834e+00 :    31  3.19802e+02 1.36057e+01 :    32  3.19802e+02 1.50902e+01
   33  3.19802e+02 -2.76589e-01 :    34  3.19802e+02 -1.62942e+01 :    35  3.19802e+02 -1.21252e+01 :    36  3.19802e+02 2.91641e+00
   37  3.19802e+02 4.60377e+00 :    38  3.19802e+02 2.76528e+00 :    39  3.19802e+02 -3.23487e+00 :    40  3.19802e+02 -7.05059e+00
   41  3.19802e+02 9.07291e+00 :    42  3.19802e+02 1.33820e+01 :    43  3.19802e+02 4.82272e+00 :    44  3.19802e+02 -1.53629e+01
   45  3.19802e+02 -1.19148e+01 :    46  3.19802e+02 1.40184e+00 :    47  3.19802e+02 1.13798e+00 :    48  3.19802e+02 -3.15404e-01
   49  3.19802e+02 -1.25677e+00 :    50  3.19802e+02 -9.67653e-01 :    51  3.19802e+02 9.59130e+00 :    52  3.19802e+02 1.03345e+01
   53  3.19802e+02 -3.99675e+00 :    54  3.19802e+02 -1.10096e+01 :    55  3.19802e+02 -4.91947e+00 :    56  3.19802e+02 -1.46368e+00
   57  3.19802e+02 -5.96719e-01 :    58  3.19802e+02 -2.96666e-02 :    59  3.19802e+02 9.49968e-01 :    60  3.19802e+02 1.14010e+00
   61  3.19802e+02 3.70414e-01 :    62  3.19802e+02 -5.14645e+00 :    63  3.19802e+02 -1.47028e+00 :    64  3.19802e+02 2.35969e+00
   65  3.19802e+02 3.88663e+00 :  2 alpha = 5.8619411462660011e+01
FMIN time = 3.8900000000000002e-04
AA ubd -2.0000000000000001e-01
BB ubd -2.0000000000000001e-01
1.1000000000000000e+01 1.9900000000000000e+02
 VV Here 1.5543812653106555e+01
putting in kludge for nya=0 setting it equal to 1
PPPPP   Tot mort penalty 1.6389904631159220e+02  Zmax_flag = 1
need to check out nya=0 case 
VVVV!!! implicit_catch_effort_relationship regression penalty= 0.0000000000000000e+00
Avoided move
BBBBBBBBBBBBBB
After no_penalties pen = 0.000000000000e+00
After good_penalties pen = 0.000000000000e+00
 q0 penalty = 3.021405370573e+01
fishery initial population curvature penalty = 2.034699742012e+00
fishery recruitment trend penalty = 3.335123565791e-02
tmp4 = 14.091365
selmean pen = 7.516284
dome selectivity pen = 0.000000
non decreasing  selectivity pen = 0.001836
Av. F = 0.013898
The fish mort penalty is 7110.639632
After call_penalties pen = 7248.571300271196
Length frequency data    246361.233991515
 tagfit before pooling 7392.722771087
  Empirical variance calculation: 3591.712846036
 tagfit pooling 88.483650581
 Tag data = 7481.206421668458
 Survey index term = -499.022186105855
Total func     260756.683575298899
finished fcomp
==============================================
 f eval 0
calling gradcalc
finished gradcalc
 3 alpha = 2.9049493975911709e+00
FMIN time = 9.7000000000000000e-05
AA ubd -2.0000000000000001e-01
BB ubd -2.0000000000000001e-01
1.1000000000000000e+01 1.9900000000000000e+02
 VV Here 1.5540536657155867e+01
putting in kludge for nya=0 setting it equal to 1
PPPPP   Tot mort penalty 2.4767397448609601e+04  Zmax_flag = 1
need to check out nya=0 case 
VVVV!!! implicit_catch_effort_relationship regression penalty= 0.0000000000000000e+00
Avoided move
BBBBBBBBBBBBBB
After no_penalties pen = 0.000000000000e+00
After good_penalties pen = 0.000000000000e+00
 q0 penalty = 3.021405370573e+01
fishery initial population curvature penalty = 2.035114487364e+00
fishery recruitment trend penalty = 2.895957203863e-02
tmp4 = 14.094137
selmean pen = 1250.709093
dome selectivity pen = 0.000000
non decreasing  selectivity pen = 0.111152
Av. F = 0.021459
The fish mort penalty is 4982.684074
After call_penalties pen = 6361.910268336480
Length frequency data    235894.199433989
 tagfit before pooling 7085.947388197
  Empirical variance calculation: 3002.427857369
 tagfit pooling 73.801504741
 Tag data = 7159.748892937990
 Survey index term = 72.234479225981
Total func     274256.275902497175
finished fcomp
==============================================
 f eval 1
calling gradcalc
finished gradcalc
 4 alpha = 1.3590130250633721e+00
FMIN time = 2.8000000000000000e-05
AA ubd -2.0000000000000001e-01
BB ubd -2.0000000000000001e-01
1.1000000000000000e+01 1.9900000000000000e+02
 VV Here 1.5542280019047372e+01
putting in kludge for nya=0 setting it equal to 1
PPPPP   Tot mort penalty 1.3171163933542596e+03  Zmax_flag = 1
need to check out nya=0 case 
VVVV!!! implicit_catch_effort_relationship regression penalty= 0.0000000000000000e+00
Avoided move
BBBBBBBBBBBBBB
After no_penalties pen = 0.000000000000e+00
After good_penalties pen = 0.000000000000e+00
 q0 penalty = 3.021405370573e+01
fishery initial population curvature penalty = 2.033142322597e+00
fishery recruitment trend penalty = 3.126115734833e-02
tmp4 = 14.090525
selmean pen = 203.234450
dome selectivity pen = 0.000000
non decreasing  selectivity pen = 0.024293
Av. F = 0.016685
The fish mort penalty is 6169.444799
After call_penalties pen = 6502.069111398573
Length frequency data    239775.331300856
 tagfit before pooling 7208.796429643
  Empirical variance calculation: 3294.165729422
 tagfit pooling 82.233997473
 Tag data = 7291.030427115977
 Survey index term = -380.525175374881
Total func     254505.813828860060
finished fcomp
==============================================
 f eval 2
calling gradcalc
finished gradcalc
 5 alpha = 2.3590130250633718e+00
START
END
START
END
 2 alpha = 6.9634312474393045e-01
FMIN time = 9.7300000000000002e-04
AA ubd -2.0000000000000001e-01
BB ubd -2.0000000000000001e-01
1.1000000000000000e+01 1.9900000000000000e+02
 VV Here 1.5749116115285432e+01
putting in kludge for nya=0 setting it equal to 1
PPPPP   Tot mort penalty 2.6006853383312733e+02  Zmax_flag = 1
need to check out nya=0 case 
VVVV!!! implicit_catch_effort_relationship regression penalty= 0.0000000000000000e+00
Avoided move
BBBBBBBBBBBBBB
After no_penalties pen = 0.000000000000e+00
After good_penalties pen = 0.000000000000e+00
 q0 penalty = 3.021405370573e+01
fishery initial population curvature penalty = 1.986545524866e+00
fishery recruitment trend penalty = 3.068264739834e-01
tmp4 = 15.378594
selmean pen = 4276.911563
dome selectivity pen = 0.000000
non decreasing  selectivity pen = 0.450077
Av. F = 0.016038
The fish mort penalty is 6367.457456
After call_penalties pen = 10774.175072130993
Length frequency data    233289.725920314
 tagfit before pooling 7141.520606194
  Empirical variance calculation: 2668.741519394
 tagfit pooling 84.717233235
 Tag data = 7226.237839428265
 Survey index term = 215.666352196881
Total func     251766.669867258810
finished fcomp
==============================================
 f eval 3
calling gradcalc
finished gradcalc
 4 alpha = 3.3967797250217130e-01
FMIN time = 2.8000000000000000e-05
AA ubd -2.0000000000000001e-01
BB ubd -2.0000000000000001e-01
1.1000000000000000e+01 1.9900000000000000e+02
 VV Here 1.5643170490618452e+01
putting in kludge for nya=0 setting it equal to 1
PPPPP   Tot mort penalty 1.3584408587309628e+02  Zmax_flag = 1
need to check out nya=0 case 
VVVV!!! implicit_catch_effort_relationship regression penalty= 0.0000000000000000e+00
Avoided move
BBBBBBBBBBBBBB
After no_penalties pen = 0.000000000000e+00
After good_penalties pen = 0.000000000000e+00
 q0 penalty = 3.021405370573e+01
fishery initial population curvature penalty = 2.009033422523e+00
fishery recruitment trend penalty = 3.192894889421e-02
tmp4 = 14.463409
selmean pen = 1298.532346
dome selectivity pen = 0.000000
non decreasing  selectivity pen = 0.141677
Av. F = 0.016028
The fish mort penalty is 6370.548929
After call_penalties pen = 7797.991057998723
Length frequency data    234852.264304880
 tagfit before pooling 7114.395223430
  Empirical variance calculation: 2964.957618396
 tagfit pooling 87.613434410
 Tag data = 7202.008657839910
 Survey index term = -470.146662488414
Total func     249518.756033319165
finished fcomp
==============================================
 f eval 4
calling gradcalc
finished gradcalc
 5 alpha = 3.3967797250217130e-01
START
END
START
END
 2 alpha = 4.8973181933827235e+00
FMIN time = 9.3700000000000001e-04
AA ubd -2.0000000000000001e-01
BB ubd -2.0000000000000001e-01
1.1000000000000000e+01 1.9900000000000000e+02
 VV Here 1.5649162565498413e+01
putting in kludge for nya=0 setting it equal to 1
PPPPP   Tot mort penalty 3.5945017760969250e+02  Zmax_flag = 1
need to check out nya=0 case 
VVVV!!! implicit_catch_effort_relationship regression penalty= 0.0000000000000000e+00
Avoided move
BBBBBBBBBBBBBB
After no_penalties pen = 0.000000000000e+00
After good_penalties pen = 0.000000000000e+00
 q0 penalty = 3.021405370573e+01
fishery initial population curvature penalty = 1.965198909367e+00
fishery recruitment trend penalty = 7.831078130272e-02
tmp4 = 14.153892
selmean pen = 1470.416523
dome selectivity pen = 0.000000
non decreasing  selectivity pen = 0.227378
Av. F = 0.017863
The fish mort penalty is 5835.022344
After call_penalties pen = 7433.902579460609
Length frequency data    233381.556901839
 tagfit before pooling 7042.856247763
  Empirical variance calculation: 2779.260055029
 tagfit pooling 85.791303983
 Tag data = 7128.647551745526
 Survey index term = -463.906602891235
Total func     247840.442873501364
finished fcomp
==============================================
 f eval 5
calling gradcalc
finished gradcalc
 3 alpha = 1.7043492319609936e+00
FMIN time = 2.9999999999999997e-05
AA ubd -2.0000000000000001e-01
BB ubd -2.0000000000000001e-01
1.1000000000000000e+01 1.9900000000000000e+02
 VV Here 1.5659379041348451e+01
putting in kludge for nya=0 setting it equal to 1
PPPPP   Tot mort penalty 1.7850349330946581e+03  Zmax_flag = 1
need to check out nya=0 case 
VVVV!!! implicit_catch_effort_relationship regression penalty= 0.0000000000000000e+00
Avoided move
BBBBBBBBBBBBBB
After no_penalties pen = 0.000000000000e+00
After good_penalties pen = 0.000000000000e+00
 q0 penalty = 3.021405370573e+01
fishery initial population curvature penalty = 1.896661698149e+00
fishery recruitment trend penalty = 2.053059032799e-01
tmp4 = 13.781071
selmean pen = 2048.713346
dome selectivity pen = 0.000000
non decreasing  selectivity pen = 0.452790
Av. F = 0.021268
The fish mort penalty is 5022.588035
After call_penalties pen = 7199.449553388789
Length frequency data    231613.123275566
 tagfit before pooling 6952.814843057
  Empirical variance calculation: 2485.594714172
 tagfit pooling 83.022142204
 Tag data = 7035.836985260777
 Survey index term = -378.579710172928
Total func     247255.652077246545
finished fcomp
==============================================
 f eval 6
calling gradcalc
finished gradcalc
 4 alpha = 1.1584051667257007e+00
FMIN time = 2.9000000000000000e-05
AA ubd -2.0000000000000001e-01
BB ubd -2.0000000000000001e-01
1.1000000000000000e+01 1.9900000000000000e+02
 VV Here 1.5656105929566605e+01
putting in kludge for nya=0 setting it equal to 1
PPPPP   Tot mort penalty 1.1012818937036247e+03  Zmax_flag = 1
need to check out nya=0 case 
VVVV!!! implicit_catch_effort_relationship regression penalty= 0.0000000000000000e+00
Avoided move
BBBBBBBBBBBBBB
After no_penalties pen = 0.000000000000e+00
After good_penalties pen = 0.000000000000e+00
 q0 penalty = 3.021405370573e+01
fishery initial population curvature penalty = 1.917767370365e+00
fishery recruitment trend penalty = 1.579982229390e-01
tmp4 = 13.879277
selmean pen = 1818.819784
dome selectivity pen = 0.000000
non decreasing  selectivity pen = 0.368348
Av. F = 0.020161
The fish mort penalty is 5265.108032
After call_penalties pen = 7212.114626199951
Length frequency data    232087.233817600
 tagfit before pooling 6976.939913379
  Empirical variance calculation: 2576.252322557
 tagfit pooling 83.831101883
 Tag data = 7060.771015261478
 Survey index term = -417.811807310281
Total func     247044.378414794046
finished fcomp
==============================================
 f eval 7
calling gradcalc
finished gradcalc
 5 alpha = 2.1584051667257009e+00
START
END
START
END
 2 alpha = 9.5508152773209420e-01
FMIN time = 9.5799999999999998e-04
AA ubd -2.0000000000000001e-01
BB ubd -2.0000000000000001e-01
1.1000000000000000e+01 1.9900000000000000e+02
 VV Here 1.5666741819353383e+01
putting in kludge for nya=0 setting it equal to 1
PPPPP   Tot mort penalty 3.0848244348829758e+02  Zmax_flag = 1
need to check out nya=0 case 
VVVV!!! implicit_catch_effort_relationship regression penalty= 0.0000000000000000e+00
Avoided move
BBBBBBBBBBBBBB
After no_penalties pen = 0.000000000000e+00
After good_penalties pen = 0.000000000000e+00
 q0 penalty = 3.021405370573e+01
fishery initial population curvature penalty = 1.861184415633e+00
fishery recruitment trend penalty = 3.122378882860e-01
tmp4 = 13.779507
selmean pen = 1581.312927
dome selectivity pen = 0.000000
non decreasing  selectivity pen = 0.581746
Av. F = 0.020838
The fish mort penalty is 5114.609956
After call_penalties pen = 6824.756171892676
Length frequency data    230668.271895592
 tagfit before pooling 7039.316349911
  Empirical variance calculation: 2220.196642382
 tagfit pooling 88.597855695
 Tag data = 7127.914205606102
 Survey index term = -198.380782277723
Total func     244731.839016646030
finished fcomp
==============================================
 f eval 8
calling gradcalc
finished gradcalc
 5 alpha = 9.5508152773209420e-01
START
END
START
END
 2 alpha = 2.2752416170717797e+00
FMIN time = 9.4899999999999997e-04
AA ubd -2.0000000000000001e-01
BB ubd -2.0000000000000001e-01
1.1000000000000000e+01 1.9900000000000000e+02
 VV Here 1.5654435880140532e+01
putting in kludge for nya=0 setting it equal to 1
