START expA-exc-tau1.2-K0.1: 2026-08-18T18:35:54Z
Prepared and verified expA-exc-tau1.2-K0.1: Experiment A | exc | tau=1.2 | K=0.1 | h/M0/creep at ensemble median
Verified exact experiment inputs for expA-exc-tau1.2-K0.1.
PHASE 10/11 convergence criterion: -4
Regional recruitment-distribution penalty: 0.1 (age flag 110=0)
DM controls: Nmax=25; grouped fish_pars(22) fixed at 7; fish_pars(23) estimated
Model: Diagnostic
Fixed steepness: 8.7865322485892505e-01 (INI sv(29); age flag 162=0)
Tag overdispersion: tau fixed at 1.2e+00 under the direct parameterization (parest 305=1; fish_pars(4)=-1.6094379124341001e+00; fish flags 43/44=0)
Selectivity model: Diagnostic - Diagnostic: F10 and F33 weak non-decreasing
Starting 1
5
./mfclo64
opened file argv
Starting 2
/home/user/ofp-sam-bet-2026-ensemble/runs/experiments/expA-exc-tau1.2-K0.1
input (.frq) file: bet.frq
 GRADSTACK_BUFFER_SIZE read in and set equal to 100000000
 CMPDIF_BUFFER_SIZE read in and set equal to 850000000
 array memblock size read in and set equal to 1500000000
10
1570
Making a copy of an unallocated dvector
Making a copy of an unallocated dvector
Making a copy of an unallocated dvector
Making a copy of an unallocated dvector
Making a copy of an unallocated dvector
Making a copy of an unallocated dvector
Making a copy of an unallocated dvector
Making a copy of an unallocated dvector
Making a copy of an unallocated dvector
Making a copy of an unallocated dvector
Making a copy of an unallocated dvector
Making a copy of an unallocated dvector
Making a copy of an unallocated dvector
Making a copy of an unallocated dvector
Making a copy of an unallocated dvector
Making a copy of an unallocated dvector
Making a copy of an unallocated dvector
Making a copy of an unallocated dvector
Making a copy of an unallocated dvector
Making a copy of an unallocated dvector
Making a copy of an unallocated dvector
Making a copy of an unallocated dvector
Making a copy of an unallocated dvector
Making a copy of an unallocated dvector
Making a copy of an unallocated dvector
Making a copy of an unallocated dvector
Making a copy of an unallocated dvector
Making a copy of an unallocated dvector
Making a copy of an unallocated dvector
Making a copy of an unallocated dvector
Making a copy of an unallocated dvector
Making a copy of an unallocated dvector
Making a copy of an unallocated dvector
Making a copy of an unallocated dvector
Making a copy of an unallocated dvector
Making a copy of an unallocated dvector
Making a copy of an unallocated dvector
Making a copy of an unallocated dvector
Making a copy of an unallocated dvector
Making a copy of an unallocated dvector
Making a copy of an unallocated dvector
Making a copy of an unallocated dvector
Making a copy of an unallocated dvector
Making a copy of an unallocated dvector
Making a copy of an unallocated dvector
Making a copy of an unallocated dvector
Making a copy of an unallocated dvector
making a copy of an unallocated age_length_record_array
Making a copy of an unallocated dvector
Making a copy of an unallocated dvector
Making a copy of an unallocated dvector
Making a copy of an unallocated dvector
 initial_tag_year(2) 157
Error trying to open selblocks.dat 
Input solution .par was generated by an unknown version
Check the version number in the plot.rep file
tag3.cpp 1
testing threaded tag_catch_equations
enter 1 for test or 0 for no test
A ubd -0.2
B ubd -0.2
A ubd -0.2
B ubd -0.2
AA ubd -0.2
BB ubd -0.2
PARFILE NAME AT BBB: 00.par
Phase 0 tau=1.2e+00 value audit: passed (estimation switches are applied in Phase 1).
Phase 0 fixed-steepness audit: 8.7865322485892505e-01 passed.
Phase 0 fixed-M audit: log(M0)=-2.54929635450670e+00 and Lorenzen slope=-1 passed.
Phase 0 fixed-DM concentration audit: 33 fish_pars(22)=7 passed.
Starting 1
6
./mfclo64
opened file argv
Starting 2
/home/user/ofp-sam-bet-2026-ensemble/runs/experiments/expA-exc-tau1.2-K0.1
optfile.cpp  1 351 0 0 0
optfile.cpp  1 192 0 0 0
optfile.cpp  1 32 7 0 0
optfile.cpp  1 226 0 0 0
optfile.cpp  1 227 0 0 0
optfile.cpp  1 373 1 0 0
optfile.cpp  1 393 0 0 0
optfile.cpp  2 92 2 0 0
optfile.cpp  2 116 70 0 0
optfile.cpp  2 189 80 0 0
optfile.cpp  1 382 300 0 0
optfile.cpp  -999 1 0 0 0
optfile.cpp  -999 4 0 0 0
optfile.cpp  -999 10 0 0 0
optfile.cpp  -999 15 0 0 0
optfile.cpp  -999 13 0 0 0
optfile.cpp  -29 94 1 0 0
optfile.cpp  -29 92 35 0 0
optfile.cpp  -29 66 1 0 0
optfile.cpp  -30 94 1 0 0
optfile.cpp  -30 92 24 0 0
optfile.cpp  -30 66 1 0 0
optfile.cpp  -31 94 1 0 0
optfile.cpp  -31 92 21 0 0
optfile.cpp  -31 66 1 0 0
optfile.cpp  -32 94 1 0 0
optfile.cpp  -32 92 24 0 0
optfile.cpp  -32 66 1 0 0
optfile.cpp  -33 94 1 0 0
optfile.cpp  -33 92 23 0 0
optfile.cpp  -33 66 1 0 0
optfile.cpp  -1 99 1 0 0
optfile.cpp  -2 99 2 0 0
optfile.cpp  -3 99 3 0 0
optfile.cpp  -4 99 4 0 0
optfile.cpp  -5 99 5 0 0
optfile.cpp  -6 99 6 0 0
optfile.cpp  -7 99 7 0 0
optfile.cpp  -8 99 8 0 0
optfile.cpp  -9 99 9 0 0
optfile.cpp  -10 99 10 0 0
optfile.cpp  -11 99 11 0 0
optfile.cpp  -12 99 12 0 0
optfile.cpp  -13 99 13 0 0
optfile.cpp  -14 99 14 0 0
optfile.cpp  -15 99 15 0 0
optfile.cpp  -16 99 16 0 0
optfile.cpp  -17 99 17 0 0
optfile.cpp  -18 99 18 0 0
optfile.cpp  -19 99 19 0 0
optfile.cpp  -20 99 20 0 0
optfile.cpp  -21 99 21 0 0
optfile.cpp  -22 99 22 0 0
optfile.cpp  -23 99 23 0 0
optfile.cpp  -24 99 24 0 0
optfile.cpp  -25 99 25 0 0
optfile.cpp  -26 99 26 0 0
optfile.cpp  -27 99 27 0 0
optfile.cpp  -28 99 28 0 0
optfile.cpp  -29 99 29 0 0
optfile.cpp  -30 99 29 0 0
optfile.cpp  -31 99 29 0 0
optfile.cpp  -32 99 29 0 0
optfile.cpp  -33 99 29 0 0
optfile.cpp  1 149 100 0 0
optfile.cpp  1 400 6 0 0
optfile.cpp  2 162 0 0 0
optfile.cpp  1 398 1 0 0
optfile.cpp  2 177 1 0 0
optfile.cpp  2 110 0 0 0
optfile.cpp  2 32 1 0 0
optfile.cpp  2 93 4 0 0
optfile.cpp  2 57 4 0 0
optfile.cpp  2 94 1 0 0
optfile.cpp  2 128 100 0 0
optfile.cpp  1 111 4 0 0
optfile.cpp  1 305 1 0 0
optfile.cpp  1 306 0 0 0
optfile.cpp  1 141 11 0 0
optfile.cpp  1 139 3 0 0
optfile.cpp  -999 49 20 0 0
optfile.cpp  -999 50 20 0 0
optfile.cpp  -1 49 40 0 0
optfile.cpp  -1 50 40 0 0
optfile.cpp  -2 49 40 0 0
optfile.cpp  -2 50 40 0 0
optfile.cpp  -4 49 40 0 0
optfile.cpp  -4 50 40 0 0
optfile.cpp  -6 49 40 0 0
optfile.cpp  -6 50 40 0 0
optfile.cpp  -7 49 40 0 0
optfile.cpp  -7 50 40 0 0
optfile.cpp  -8 49 40 0 0
optfile.cpp  -8 50 40 0 0
optfile.cpp  -10 49 40 0 0
optfile.cpp  -10 50 40 0 0
optfile.cpp  -29 49 40 0 0
optfile.cpp  -29 50 40 0 0
optfile.cpp  -30 49 40 0 0
optfile.cpp  -30 50 40 0 0
optfile.cpp  -31 49 40 0 0
optfile.cpp  -31 50 40 0 0
optfile.cpp  -32 49 40 0 0
optfile.cpp  -32 50 40 0 0
optfile.cpp  -33 49 40 0 0
optfile.cpp  -33 50 40 0 0
optfile.cpp  1 33 99 0 0
optfile.cpp  2 96 30 0 0
optfile.cpp  2 198 1 0 0
optfile.cpp  -999 43 0 0 0
optfile.cpp  -999 44 0 0 0
optfile.cpp  -1 32 1 0 0
optfile.cpp  -2 32 2 0 0
optfile.cpp  -3 32 3 0 0
optfile.cpp  -4 32 4 0 0
optfile.cpp  -5 32 5 0 0
optfile.cpp  -6 32 6 0 0
optfile.cpp  -7 32 7 0 0
optfile.cpp  -8 32 8 0 0
optfile.cpp  -9 32 9 0 0
optfile.cpp  -10 32 10 0 0
optfile.cpp  -11 32 11 0 0
optfile.cpp  -12 32 12 0 0
optfile.cpp  -13 32 13 0 0
optfile.cpp  -14 32 14 0 0
optfile.cpp  -15 32 14 0 0
optfile.cpp  -16 32 15 0 0
optfile.cpp  -17 32 14 0 0
optfile.cpp  -18 32 14 0 0
optfile.cpp  -19 32 16 0 0
optfile.cpp  -20 32 16 0 0
optfile.cpp  -21 32 14 0 0
optfile.cpp  -22 32 14 0 0
optfile.cpp  -23 32 17 0 0
optfile.cpp  -24 32 18 0 0
optfile.cpp  -25 32 19 0 0
optfile.cpp  -26 32 20 0 0
optfile.cpp  -27 32 19 0 0
optfile.cpp  -28 32 20 0 0
optfile.cpp  -29 32 21 0 0
optfile.cpp  -30 32 21 0 0
optfile.cpp  -31 32 21 0 0
optfile.cpp  -32 32 21 0 0
optfile.cpp  -33 32 21 0 0
optfile.cpp  -999 3 37 0 0
optfile.cpp  -999 26 2 0 0
optfile.cpp  -999 57 3 0 0
optfile.cpp  -999 61 5 0 0
optfile.cpp  -10 16 1 0 0
optfile.cpp  -10 56 10000 0 0
optfile.cpp  -1 24 1 0 0
optfile.cpp  -2 24 2 0 0
optfile.cpp  -3 24 3 0 0
optfile.cpp  -4 24 4 0 0
optfile.cpp  -5 24 5 0 0
optfile.cpp  -6 24 6 0 0
optfile.cpp  -7 24 7 0 0
optfile.cpp  -8 24 8 0 0
optfile.cpp  -9 24 9 0 0
optfile.cpp  -10 24 10 0 0
optfile.cpp  -11 24 11 0 0
optfile.cpp  -12 24 12 0 0
optfile.cpp  -13 24 13 0 0
optfile.cpp  -14 24 14 0 0
optfile.cpp  -15 24 15 0 0
optfile.cpp  -16 24 16 0 0
optfile.cpp  -17 24 17 0 0
optfile.cpp  -18 24 18 0 0
optfile.cpp  -19 24 19 0 0
optfile.cpp  -20 24 20 0 0
optfile.cpp  -21 24 21 0 0
optfile.cpp  -22 24 22 0 0
optfile.cpp  -23 24 23 0 0
optfile.cpp  -24 24 24 0 0
optfile.cpp  -25 24 25 0 0
optfile.cpp  -26 24 26 0 0
optfile.cpp  -27 24 27 0 0
optfile.cpp  -28 24 28 0 0
optfile.cpp  -29 24 29 0 0
optfile.cpp  -30 24 29 0 0
optfile.cpp  -31 24 29 0 0
optfile.cpp  -32 24 29 0 0
optfile.cpp  -33 24 29 0 0
optfile.cpp  -2 75 2 0 0
optfile.cpp  -4 75 2 0 0
optfile.cpp  -5 75 2 0 0
optfile.cpp  -7 75 2 0 0
optfile.cpp  -8 75 2 0 0
optfile.cpp  -9 75 2 0 0
optfile.cpp  -10 75 2 0 0
optfile.cpp  -14 75 5 0 0
optfile.cpp  -15 75 5 0 0
optfile.cpp  -19 16 0 0 0
optfile.cpp  -19 3 25 0 0
optfile.cpp  -25 16 0 0 0
optfile.cpp  -25 3 25 0 0
optfile.cpp  -26 16 0 0 0
optfile.cpp  -26 3 25 0 0
optfile.cpp  -27 16 0 0 0
optfile.cpp  -27 3 30 0 0
optfile.cpp  -17 16 0 0 0
optfile.cpp  -17 3 25 0 0
optfile.cpp  -18 16 0 0 0
optfile.cpp  -18 3 25 0 0
optfile.cpp  -12 16 0 0 0
optfile.cpp  -12 3 25 0 0
optfile.cpp  -13 16 0 0 0
optfile.cpp  -13 3 30 0 0
optfile.cpp  -22 16 0 0 0
optfile.cpp  -22 3 7 0 0
optfile.cpp  -24 16 0 0 0
optfile.cpp  -24 3 25 0 0
optfile.cpp  -21 16 0 0 0
optfile.cpp  -21 3 10 0 0
optfile.cpp  -16 16 0 0 0
optfile.cpp  -16 3 25 0 0
optfile.cpp  -23 16 0 0 0
optfile.cpp  -23 3 6 0 0
optfile.cpp  2 188 2 0 0
optfile.cpp  2 109 3 0 0
optfile.cpp  1 121 0 0 0
optfile.cpp  1 311 1 0 0
optfile.cpp  1 301 1 0 0
optfile.cpp  1 313 0 0 0
optfile.cpp  1 303 0 0 0
optfile.cpp  1 312 50 0 0
optfile.cpp  1 302 50 0 0
optfile.cpp  1 34 0 0 0
optfile.cpp  -15 16 0 0 0
optfile.cpp  -15 3 25 0 0
optfile.cpp  -25 61 7 0 0
optfile.cpp  -25 75 0 0 0
optfile.cpp  -26 61 7 0 0
optfile.cpp  -26 75 0 0 0
optfile.cpp  -1 75 2 0 0
optfile.cpp  -3 75 2 0 0
optfile.cpp  -6 75 2 0 0
optfile.cpp  -11 75 2 0 0
optfile.cpp  -12 75 2 0 0
optfile.cpp  -13 75 1 0 0
optfile.cpp  -29 75 2 0 0
optfile.cpp  -30 75 2 0 0
optfile.cpp  -31 75 2 0 0
optfile.cpp  -32 75 2 0 0
optfile.cpp  -33 75 2 0 0
optfile.cpp  1 320 5 0 0
optfile.cpp  1 342 25 0 0
optfile.cpp  -1 68 1 0 0
optfile.cpp  -2 68 1 0 0
optfile.cpp  -3 68 1 0 0
optfile.cpp  -4 68 1 0 0
optfile.cpp  -5 68 2 0 0
optfile.cpp  -6 68 1 0 0
optfile.cpp  -7 68 1 0 0
optfile.cpp  -8 68 1 0 0
optfile.cpp  -9 68 2 0 0
optfile.cpp  -10 68 1 0 0
optfile.cpp  -11 68 1 0 0
optfile.cpp  -12 68 3 0 0
optfile.cpp  -13 68 7 0 0
optfile.cpp  -14 68 6 0 0
optfile.cpp  -15 68 6 0 0
optfile.cpp  -16 68 7 0 0
optfile.cpp  -17 68 3 0 0
optfile.cpp  -18 68 3 0 0
optfile.cpp  -19 68 4 0 0
optfile.cpp  -20 68 5 0 0
optfile.cpp  -21 68 7 0 0
optfile.cpp  -22 68 7 0 0
optfile.cpp  -23 68 7 0 0
optfile.cpp  -24 68 7 0 0
optfile.cpp  -25 68 4 0 0
optfile.cpp  -26 68 4 0 0
optfile.cpp  -27 68 5 0 0
optfile.cpp  -28 68 5 0 0
optfile.cpp  -29 68 8 0 0
optfile.cpp  -30 68 8 0 0
optfile.cpp  -31 68 8 0 0
optfile.cpp  -32 68 8 0 0
optfile.cpp  -33 68 8 0 0
optfile.cpp  -999 69 0 0 0
optfile.cpp  -999 89 0 0 0
optfile.cpp  -1 16 0 0 0
optfile.cpp  -1 24 1 0 0
optfile.cpp  -1 56 0 0 0
optfile.cpp  -1 57 3 0 0
optfile.cpp  -1 61 5 0 0
optfile.cpp  -2 16 0 0 0
optfile.cpp  -2 24 2 0 0
optfile.cpp  -2 56 0 0 0
optfile.cpp  -2 57 3 0 0
optfile.cpp  -2 61 5 0 0
optfile.cpp  -3 16 0 0 0
optfile.cpp  -3 24 3 0 0
optfile.cpp  -3 56 0 0 0
optfile.cpp  -3 57 3 0 0
optfile.cpp  -3 61 5 0 0
optfile.cpp  -4 16 0 0 0
optfile.cpp  -4 24 4 0 0
optfile.cpp  -4 56 0 0 0
optfile.cpp  -4 57 3 0 0
optfile.cpp  -4 61 5 0 0
optfile.cpp  -5 16 0 0 0
optfile.cpp  -5 24 5 0 0
optfile.cpp  -5 56 0 0 0
optfile.cpp  -5 57 3 0 0
optfile.cpp  -5 61 5 0 0
optfile.cpp  -6 16 0 0 0
optfile.cpp  -6 24 6 0 0
optfile.cpp  -6 56 0 0 0
optfile.cpp  -6 57 3 0 0
optfile.cpp  -6 61 5 0 0
optfile.cpp  -7 16 0 0 0
optfile.cpp  -7 24 7 0 0
optfile.cpp  -7 56 0 0 0
optfile.cpp  -7 57 3 0 0
optfile.cpp  -7 61 5 0 0
optfile.cpp  -8 16 0 0 0
optfile.cpp  -8 24 8 0 0
optfile.cpp  -8 56 0 0 0
optfile.cpp  -8 57 3 0 0
optfile.cpp  -8 61 5 0 0
optfile.cpp  -9 16 0 0 0
optfile.cpp  -9 24 9 0 0
optfile.cpp  -9 56 0 0 0
optfile.cpp  -9 57 3 0 0
optfile.cpp  -9 61 5 0 0
optfile.cpp  -10 16 1 0 0
optfile.cpp  -10 24 10 0 0
optfile.cpp  -10 56 10000 0 0
optfile.cpp  -10 57 3 0 0
optfile.cpp  -10 61 5 0 0
optfile.cpp  -11 16 0 0 0
optfile.cpp  -11 24 11 0 0
optfile.cpp  -11 56 0 0 0
optfile.cpp  -11 57 3 0 0
optfile.cpp  -11 61 5 0 0
optfile.cpp  -12 16 0 0 0
optfile.cpp  -12 24 12 0 0
optfile.cpp  -12 56 0 0 0
optfile.cpp  -12 57 3 0 0
optfile.cpp  -12 61 5 0 0
optfile.cpp  -13 16 0 0 0
optfile.cpp  -13 24 13 0 0
optfile.cpp  -13 56 0 0 0
optfile.cpp  -13 57 3 0 0
optfile.cpp  -13 61 5 0 0
optfile.cpp  -14 16 0 0 0
optfile.cpp  -14 24 14 0 0
optfile.cpp  -14 56 0 0 0
optfile.cpp  -14 57 3 0 0
optfile.cpp  -14 61 5 0 0
optfile.cpp  -15 16 0 0 0
optfile.cpp  -15 24 15 0 0
optfile.cpp  -15 56 0 0 0
optfile.cpp  -15 57 3 0 0
optfile.cpp  -15 61 5 0 0
optfile.cpp  -16 16 0 0 0
optfile.cpp  -16 24 16 0 0
optfile.cpp  -16 56 0 0 0
optfile.cpp  -16 57 3 0 0
optfile.cpp  -16 61 5 0 0
optfile.cpp  -17 16 0 0 0
optfile.cpp  -17 24 17 0 0
optfile.cpp  -17 56 0 0 0
optfile.cpp  -17 57 3 0 0
optfile.cpp  -17 61 5 0 0
optfile.cpp  -18 16 0 0 0
optfile.cpp  -18 24 18 0 0
optfile.cpp  -18 56 0 0 0
optfile.cpp  -18 57 3 0 0
optfile.cpp  -18 61 5 0 0
optfile.cpp  -19 16 0 0 0
optfile.cpp  -19 24 19 0 0
optfile.cpp  -19 56 0 0 0
optfile.cpp  -19 57 3 0 0
optfile.cpp  -19 61 5 0 0
optfile.cpp  -20 16 0 0 0
optfile.cpp  -20 24 20 0 0
optfile.cpp  -20 56 0 0 0
optfile.cpp  -20 57 3 0 0
optfile.cpp  -20 61 5 0 0
optfile.cpp  -21 16 0 0 0
optfile.cpp  -21 24 21 0 0
optfile.cpp  -21 56 0 0 0
optfile.cpp  -21 57 3 0 0
optfile.cpp  -21 61 5 0 0
optfile.cpp  -22 16 0 0 0
optfile.cpp  -22 24 22 0 0
optfile.cpp  -22 56 0 0 0
optfile.cpp  -22 57 3 0 0
optfile.cpp  -22 61 5 0 0
optfile.cpp  -23 16 0 0 0
optfile.cpp  -23 24 23 0 0
optfile.cpp  -23 56 0 0 0
optfile.cpp  -23 57 3 0 0
optfile.cpp  -23 61 5 0 0
optfile.cpp  -24 16 0 0 0
optfile.cpp  -24 24 24 0 0
optfile.cpp  -24 56 0 0 0
optfile.cpp  -24 57 3 0 0
optfile.cpp  -24 61 5 0 0
optfile.cpp  -25 16 0 0 0
optfile.cpp  -25 24 25 0 0
optfile.cpp  -25 56 0 0 0
optfile.cpp  -25 57 3 0 0
optfile.cpp  -25 61 7 0 0
optfile.cpp  -26 16 0 0 0
optfile.cpp  -26 24 26 0 0
optfile.cpp  -26 56 0 0 0
optfile.cpp  -26 57 3 0 0
optfile.cpp  -26 61 7 0 0
optfile.cpp  -27 16 0 0 0
optfile.cpp  -27 24 27 0 0
optfile.cpp  -27 56 0 0 0
optfile.cpp  -27 57 3 0 0
optfile.cpp  -27 61 5 0 0
optfile.cpp  -28 16 0 0 0
optfile.cpp  -28 24 28 0 0
optfile.cpp  -28 56 0 0 0
optfile.cpp  -28 57 3 0 0
optfile.cpp  -28 61 5 0 0
optfile.cpp  -29 16 0 0 0
optfile.cpp  -29 24 29 0 0
optfile.cpp  -29 56 0 0 0
optfile.cpp  -29 57 3 0 0
optfile.cpp  -29 61 5 0 0
optfile.cpp  -30 16 0 0 0
optfile.cpp  -30 24 30 0 0
optfile.cpp  -30 56 0 0 0
optfile.cpp  -30 57 3 0 0
optfile.cpp  -30 61 5 0 0
optfile.cpp  -31 16 0 0 0
optfile.cpp  -31 24 31 0 0
optfile.cpp  -31 56 0 0 0
optfile.cpp  -31 57 3 0 0
optfile.cpp  -31 61 5 0 0
optfile.cpp  -32 16 0 0 0
optfile.cpp  -32 24 32 0 0
optfile.cpp  -32 56 0 0 0
optfile.cpp  -32 57 3 0 0
optfile.cpp  -32 61 5 0 0
optfile.cpp  -33 16 1 0 0
optfile.cpp  -33 24 33 0 0
optfile.cpp  -33 56 10000 0 0
optfile.cpp  -33 57 3 0 0
optfile.cpp  -33 61 5 0 0
number of options was 447
input (.frq) file: bet.frq
 GRADSTACK_BUFFER_SIZE read in and set equal to 100000000
 CMPDIF_BUFFER_SIZE read in and set equal to 850000000
 array memblock size read in and set equal to 1500000000
10
1570
Making a copy of an unallocated dvector
Making a copy of an unallocated dvector
Making a copy of an unallocated dvector
Making a copy of an unallocated dvector
Making a copy of an unallocated dvector
Making a copy of an unallocated dvector
Making a copy of an unallocated dvector
Making a copy of an unallocated dvector
Making a copy of an unallocated dvector
Making a copy of an unallocated dvector
Making a copy of an unallocated dvector
Making a copy of an unallocated dvector
Making a copy of an unallocated dvector
Making a copy of an unallocated dvector
Making a copy of an unallocated dvector
Making a copy of an unallocated dvector
Making a copy of an unallocated dvector
Making a copy of an unallocated dvector
Making a copy of an unallocated dvector
Making a copy of an unallocated dvector
Making a copy of an unallocated dvector
Making a copy of an unallocated dvector
Making a copy of an unallocated dvector
Making a copy of an unallocated dvector
Making a copy of an unallocated dvector
Making a copy of an unallocated dvector
Making a copy of an unallocated dvector
Making a copy of an unallocated dvector
Making a copy of an unallocated dvector
Making a copy of an unallocated dvector
Making a copy of an unallocated dvector
Making a copy of an unallocated dvector
Making a copy of an unallocated dvector
Making a copy of an unallocated dvector
Making a copy of an unallocated dvector
Making a copy of an unallocated dvector
Making a copy of an unallocated dvector
Making a copy of an unallocated dvector
Making a copy of an unallocated dvector
Making a copy of an unallocated dvector
Making a copy of an unallocated dvector
Making a copy of an unallocated dvector
Making a copy of an unallocated dvector
Making a copy of an unallocated dvector
Making a copy of an unallocated dvector
Making a copy of an unallocated dvector
Making a copy of an unallocated dvector
making a copy of an unallocated age_length_record_array
Making a copy of an unallocated dvector
Making a copy of an unallocated dvector
Making a copy of an unallocated dvector
Making a copy of an unallocated dvector
Minttp report
1 183 183 2
2 183 183 2
3 183 183 2
4 183 183 2
5 183 183 2
Bounds error reading cpmature_at_length(1) in par file 
 value is 1.96075e-09
 Has been reset to: 1e-08
Bounds error reading cpmature_at_length(2) in par file 
 value is 3.62989e-09
 Has been reset to: 1e-08
Bounds error reading cpmature_at_length(3) in par file 
 value is 6.46139e-09
 Has been reset to: 1e-08
Error trying to open selblocks.dat 
Input solution .par was generated by the current version
sample size of 35 is less than minimum of 50
setting length sample size to zero
sample size of 25 is less than minimum of 50
setting length sample size to zero
sample size of 30 is less than minimum of 50
setting length sample size to zero
sample size of 37.4349 is less than minimum of 50
setting length sample size to zero
sample size of 35.4882 is less than minimum of 50
setting length sample size to zero
sample size of 43 is less than minimum of 50
setting length sample size to zero
sample size of 6 is less than minimum of 50
setting length sample size to zero
sample size of 41 is less than minimum of 50
setting length sample size to zero
Only one non zero slot in this sample
setting length sample size to zero
sample size of 40 is less than minimum of 50
setting length sample size to zero
sample size of 21 is less than minimum of 50
setting length sample size to zero
sample size of 15 is less than minimum of 50
setting length sample size to zero
sample size of 10 is less than minimum of 50
setting length sample size to zero
sample size of 2 is less than minimum of 50
setting length sample size to zero
sample size of 14 is less than minimum of 50
setting length sample size to zero
sample size of 15 is less than minimum of 50
setting length sample size to zero
sample size of 13 is less than minimum of 50
setting length sample size to zero
sample size of 3 is less than minimum of 50
setting length sample size to zero
sample size of 5 is less than minimum of 50
setting length sample size to zero
sample size of 3 is less than minimum of 50
setting length sample size to zero
Only one non zero slot in this sample
setting length sample size to zero
sample size of 4 is less than minimum of 50
setting length sample size to zero
sample size of 2 is less than minimum of 50
setting length sample size to zero
sample size of 42.6227 is less than minimum of 50
setting length sample size to zero
sample size of 40.3817 is less than minimum of 50
setting length sample size to zero
sample size of 36.1407 is less than minimum of 50
setting length sample size to zero
sample size of 21.2462 is less than minimum of 50
setting length sample size to zero
sample size of 44.7209 is less than minimum of 50
setting length sample size to zero
sample size of 35.4387 is less than minimum of 50
setting length sample size to zero
sample size of 34.263 is less than minimum of 50
setting length sample size to zero
sample size of 31.5782 is less than minimum of 50
setting length sample size to zero
sample size of 36.1349 is less than minimum of 50
setting length sample size to zero
sample size of 32.4981 is less than minimum of 50
setting length sample size to zero
sample size of 44.506 is less than minimum of 50
setting length sample size to zero
sample size of 47.3251 is less than minimum of 50
setting length sample size to zero
sample size of 25.965 is less than minimum of 50
setting length sample size to zero
sample size of 45.7211 is less than minimum of 50
setting length sample size to zero
sample size of 35 is less than minimum of 50
setting length sample size to zero
sample size of 49.0375 is less than minimum of 50
setting length sample size to zero
sample size of 25 is less than minimum of 50
setting length sample size to zero
sample size of 3 is less than minimum of 50
setting length sample size to zero
sample size of 2 is less than minimum of 50
setting length sample size to zero
sample size of 3 is less than minimum of 50
setting length sample size to zero
sample size of 16 is less than minimum of 50
setting length sample size to zero
sample size of 4 is less than minimum of 50
setting length sample size to zero
Only one non zero slot in this sample
setting length sample size to zero
sample size of 40 is less than minimum of 50
setting length sample size to zero
sample size of 5 is less than minimum of 50
setting length sample size to zero
sample size of 4 is less than minimum of 50
setting length sample size to zero
sample size of 42 is less than minimum of 50
setting length sample size to zero
sample size of 33.1143 is less than minimum of 50
setting length sample size to zero
sample size of 15 is less than minimum of 50
setting length sample size to zero
sample size of 7 is less than minimum of 50
setting length sample size to zero
sample size of 35 is less than minimum of 50
setting length sample size to zero
sample size of 24 is less than minimum of 50
setting length sample size to zero
sample size of 31 is less than minimum of 50
setting length sample size to zero
sample size of 44 is less than minimum of 50
setting length sample size to zero
sample size of 29 is less than minimum of 50
setting length sample size to zero
sample size of 29 is less than minimum of 50
setting length sample size to zero
sample size of 4 is less than minimum of 50
setting length sample size to zero
sample size of 35.4142 is less than minimum of 50
setting length sample size to zero
sample size of 8 is less than minimum of 50
setting length sample size to zero
sample size of 38 is less than minimum of 50
setting length sample size to zero
sample size of 42 is less than minimum of 50
setting length sample size to zero
sample size of 8 is less than minimum of 50
setting length sample size to zero
sample size of 46 is less than minimum of 50
setting length sample size to zero
sample size of 40.3972 is less than minimum of 50
setting length sample size to zero
sample size of 35.2168 is less than minimum of 50
setting length sample size to zero
sample size of 13 is less than minimum of 50
setting length sample size to zero
sample size of 46 is less than minimum of 50
setting length sample size to zero
sample size of 15 is less than minimum of 50
setting length sample size to zero
sample size of 2 is less than minimum of 50
setting length sample size to zero
sample size of 7 is less than minimum of 50
setting length sample size to zero
sample size of 18 is less than minimum of 50
setting length sample size to zero
sample size of 2 is less than minimum of 50
setting length sample size to zero
sample size of 39 is less than minimum of 50
setting length sample size to zero
sample size of 41 is less than minimum of 50
setting length sample size to zero
sample size of 27 is less than minimum of 50
setting length sample size to zero
sample size of 43 is less than minimum of 50
setting length sample size to zero
sample size of 26.1022 is less than minimum of 50
setting length sample size to zero
sample size of 35 is less than minimum of 50
setting length sample size to zero
sample size of 49.8675 is less than minimum of 50
setting length sample size to zero
sample size of 20 is less than minimum of 50
setting length sample size to zero
sample size of 16 is less than minimum of 50
setting length sample size to zero
sample size of 4 is less than minimum of 50
setting length sample size to zero
sample size of 21 is less than minimum of 50
setting length sample size to zero
sample size of 36.9749 is less than minimum of 50
setting length sample size to zero
sample size of 18 is less than minimum of 50
setting length sample size to zero
sample size of 20 is less than minimum of 50
setting length sample size to zero
sample size of 7 is less than minimum of 50
setting length sample size to zero
sample size of 39.4987 is less than minimum of 50
setting length sample size to zero
sample size of 48 is less than minimum of 50
setting length sample size to zero
sample size of 39 is less than minimum of 50
setting length sample size to zero
sample size of 38.2831 is less than minimum of 50
setting length sample size to zero
sample size of 47 is less than minimum of 50
setting length sample size to zero
sample size of 42 is less than minimum of 50
setting length sample size to zero
sample size of 9 is less than minimum of 50
setting length sample size to zero
sample size of 28 is less than minimum of 50
setting length sample size to zero
sample size of 35 is less than minimum of 50
setting length sample size to zero
sample size of 29 is less than minimum of 50
setting length sample size to zero
sample size of 4 is less than minimum of 50
setting length sample size to zero
sample size of 46 is less than minimum of 50
setting length sample size to zero
sample size of 18 is less than minimum of 50
setting length sample size to zero
sample size of 32.0188 is less than minimum of 50
setting length sample size to zero
sample size of 18 is less than minimum of 50
setting length sample size to zero
sample size of 15 is less than minimum of 50
setting length sample size to zero
sample size of 31 is less than minimum of 50
setting length sample size to zero
sample size of 13 is less than minimum of 50
setting length sample size to zero
sample size of 42 is less than minimum of 50
setting length sample size to zero
sample size of 36 is less than minimum of 50
setting length sample size to zero
sample size of 3 is less than minimum of 50
setting length sample size to zero
sample size of 39 is less than minimum of 50
setting length sample size to zero
sample size of 29 is less than minimum of 50
setting length sample size to zero
sample size of 41 is less than minimum of 50
setting length sample size to zero
sample size of 33 is less than minimum of 50
setting length sample size to zero
sample size of 23 is less than minimum of 50
setting length sample size to zero
sample size of 48 is less than minimum of 50
setting length sample size to zero
sample size of 12 is less than minimum of 50
setting length sample size to zero
sample size of 26 is less than minimum of 50
setting length sample size to zero
sample size of 42 is less than minimum of 50
setting length sample size to zero
sample size of 24 is less than minimum of 50
setting length sample size to zero
sample size of 7 is less than minimum of 50
setting length sample size to zero
sample size of 20 is less than minimum of 50
setting length sample size to zero
sample size of 46 is less than minimum of 50
setting length sample size to zero
sample size of 39 is less than minimum of 50
setting length sample size to zero
sample size of 28 is less than minimum of 50
setting length sample size to zero
sample size of 14 is less than minimum of 50
setting length sample size to zero
sample size of 7 is less than minimum of 50
setting length sample size to zero
sample size of 35 is less than minimum of 50
setting length sample size to zero
sample size of 22 is less than minimum of 50
setting length sample size to zero
sample size of 35 is less than minimum of 50
setting length sample size to zero
sample size of 6 is less than minimum of 50
setting length sample size to zero
sample size of 43 is less than minimum of 50
setting length sample size to zero
sample size of 26 is less than minimum of 50
setting length sample size to zero
sample size of 10 is less than minimum of 50
setting length sample size to zero
sample size of 18 is less than minimum of 50
setting length sample size to zero
sample size of 41.4627 is less than minimum of 50
setting length sample size to zero
sample size of 41 is less than minimum of 50
setting length sample size to zero
sample size of 32 is less than minimum of 50
setting length sample size to zero
sample size of 9 is less than minimum of 50
setting length sample size to zero
sample size of 22 is less than minimum of 50
setting length sample size to zero
Only one non zero slot in this sample
setting length sample size to zero
sample size of 6 is less than minimum of 50
setting length sample size to zero
sample size of 23 is less than minimum of 50
setting length sample size to zero
sample size of 8 is less than minimum of 50
setting length sample size to zero
sample size of 39 is less than minimum of 50
setting length sample size to zero
sample size of 45 is less than minimum of 50
setting length sample size to zero
sample size of 46 is less than minimum of 50
setting length sample size to zero
sample size of 30 is less than minimum of 50
setting length sample size to zero
sample size of 37 is less than minimum of 50
setting length sample size to zero
sample size of 22 is less than minimum of 50
setting length sample size to zero
sample size of 40 is less than minimum of 50
setting length sample size to zero
sample size of 43.1366 is less than minimum of 50
setting length sample size to zero
sample size of 45 is less than minimum of 50
setting length sample size to zero
sample size of 46 is less than minimum of 50
setting length sample size to zero
sample size of 35 is less than minimum of 50
setting length sample size to zero
sample size of 49 is less than minimum of 50
setting length sample size to zero
sample size of 40 is less than minimum of 50
setting length sample size to zero
sample size of 14 is less than minimum of 50
setting length sample size to zero
sample size of 39 is less than minimum of 50
setting length sample size to zero
sample size of 35 is less than minimum of 50
setting length sample size to zero
sample size of 37 is less than minimum of 50
setting length sample size to zero
sample size of 9 is less than minimum of 50
setting length sample size to zero
sample size of 32 is less than minimum of 50
setting length sample size to zero
sample size of 35 is less than minimum of 50
setting length sample size to zero
sample size of 10 is less than minimum of 50
setting length sample size to zero
sample size of 47 is less than minimum of 50
setting length sample size to zero
sample size of 23 is less than minimum of 50
setting length sample size to zero
sample size of 38 is less than minimum of 50
setting length sample size to zero
sample size of 39 is less than minimum of 50
setting length sample size to zero
sample size of 36 is less than minimum of 50
setting length sample size to zero
sample size of 28 is less than minimum of 50
setting length sample size to zero
sample size of 29 is less than minimum of 50
setting length sample size to zero
sample size of 12 is less than minimum of 50
setting length sample size to zero
sample size of 9 is less than minimum of 50
setting length sample size to zero
sample size of 31.8502 is less than minimum of 50
setting length sample size to zero
sample size of 9 is less than minimum of 50
setting length sample size to zero
sample size of 12 is less than minimum of 50
setting length sample size to zero
sample size of 10 is less than minimum of 50
setting length sample size to zero
sample size of 29 is less than minimum of 50
setting length sample size to zero
sample size of 10 is less than minimum of 50
setting length sample size to zero
sample size of 28 is less than minimum of 50
setting length sample size to zero
sample size of 2 is less than minimum of 50
setting length sample size to zero
sample size of 47 is less than minimum of 50
setting length sample size to zero
sample size of 8 is less than minimum of 50
setting length sample size to zero
sample size of 42.6909 is less than minimum of 50
setting length sample size to zero
sample size of 44.6677 is less than minimum of 50
setting length sample size to zero
sample size of 34.8474 is less than minimum of 50
setting length sample size to zero
sample size of 39.0644 is less than minimum of 50
setting length sample size to zero
sample size of 45.1773 is less than minimum of 50
setting length sample size to zero
sample size of 31.7291 is less than minimum of 50
setting length sample size to zero
sample size of 27.9085 is less than minimum of 50
setting length sample size to zero
sample size of 49.1552 is less than minimum of 50
setting length sample size to zero
sample size of 8 is less than minimum of 50
setting length sample size to zero
sample size of 49 is less than minimum of 50
setting length sample size to zero
Only one non zero slot in this sample
setting length sample size to zero
sample size of 15 is less than minimum of 50
setting length sample size to zero
sample size of 6 is less than minimum of 50
setting length sample size to zero
sample size of 6 is less than minimum of 50
setting length sample size to zero
sample size of 5 is less than minimum of 50
setting length sample size to zero
sample size of 13 is less than minimum of 50
setting length sample size to zero
sample size of 20 is less than minimum of 50
setting length sample size to zero
sample size of 5 is less than minimum of 50
setting length sample size to zero
sample size of 30 is less than minimum of 50
setting length sample size to zero
sample size of 36 is less than minimum of 50
setting length sample size to zero
sample size of 13 is less than minimum of 50
setting length sample size to zero
sample size of 32 is less than minimum of 50
setting length sample size to zero
sample size of 12 is less than minimum of 50
setting length sample size to zero
sample size of 10 is less than minimum of 50
setting length sample size to zero
sample size of 3 is less than minimum of 50
setting length sample size to zero
sample size of 37 is less than minimum of 50
setting length sample size to zero
sample size of 15 is less than minimum of 50
setting length sample size to zero
sample size of 28.1943 is less than minimum of 50
setting length sample size to zero
sample size of 40.8292 is less than minimum of 50
setting length sample size to zero
sample size of 21.9422 is less than minimum of 50
setting length sample size to zero
tag3.cpp 1
testing threaded tag_catch_equations
enter 1 for test or 0 for no test
calling fsh.set_shark_no_vonb_var_control_switches
Warning -- Error in input parameter file -- fish_flags(1,3) is not equal to 39
Warning -- Error in input parameter file -- fish_flags(2,3) is not equal to 39
Warning -- Error in input parameter file -- fish_flags(3,3) is not equal to 39
Warning -- Error in input parameter file -- fish_flags(4,3) is not equal to 39
Warning -- Error in input parameter file -- fish_flags(5,3) is not equal to 39
Warning -- Error in input parameter file -- fish_flags(6,3) is not equal to 39
Warning -- Error in input parameter file -- fish_flags(7,3) is not equal to 39
Warning -- Error in input parameter file -- fish_flags(8,3) is not equal to 39
Warning -- Error in input parameter file -- fish_flags(9,3) is not equal to 39
Warning -- Error in input parameter file -- fish_flags(10,3) is not equal to 39
Warning -- Error in input parameter file -- fish_flags(11,3) is not equal to 39
Warning -- Error in input parameter file -- fish_flags(12,3) is not equal to 39
Warning -- Error in input parameter file -- fish_flags(13,3) is not equal to 39
Warning -- Error in input parameter file -- fish_flags(14,3) is not equal to 39
Warning -- Error in input parameter file -- fish_flags(15,3) is not equal to 39
Warning -- Error in input parameter file -- fish_flags(16,3) is not equal to 39
Warning -- Error in input parameter file -- fish_flags(17,3) is not equal to 39
Warning -- Error in input parameter file -- fish_flags(18,3) is not equal to 39
Warning -- Error in input parameter file -- fish_flags(19,3) is not equal to 39
Warning -- Error in input parameter file -- fish_flags(20,3) is not equal to 39
Warning -- Error in input parameter file -- fish_flags(21,3) is not equal to 39
Warning -- Error in input parameter file -- fish_flags(22,3) is not equal to 39
Warning -- Error in input parameter file -- fish_flags(23,3) is not equal to 39
Warning -- Error in input parameter file -- fish_flags(24,3) is not equal to 39
Warning -- Error in input parameter file -- fish_flags(25,3) is not equal to 39
Warning -- Error in input parameter file -- fish_flags(26,3) is not equal to 39
Warning -- Error in input parameter file -- fish_flags(27,3) is not equal to 39
Warning -- Error in input parameter file -- fish_flags(28,3) is not equal to 39
Warning -- Error in input parameter file -- fish_flags(29,3) is not equal to 39
Warning -- Error in input parameter file -- fish_flags(30,3) is not equal to 39
Warning -- Error in input parameter file -- fish_flags(31,3) is not equal to 39
Warning -- Error in input parameter file -- fish_flags(32,3) is not equal to 39
Warning -- Error in input parameter file -- fish_flags(33,3) is not equal to 39
A ubd -0.2
B ubd -0.2
A ubd -0.2
B ubd -0.2
 1 alpha = 1.0000000000000000e+00
FMIN time = 1.5400000000000000e-04
AA ubd -2.0000000000000001e-01
BB ubd -2.0000000000000001e-01
1.1000000000000000e+01 1.9900000000000000e+02
 VV Here 1.6169651697923864e+01
putting in kludge for nya=0 setting it equal to 1
PPPPP   Tot mort penalty 8.6758006734759027e-03  Zmax_flag = 0
need to check out nya=0 case 
VVVV!!! implicit_catch_effort_relationship regression penalty= 0.0000000000000000e+00
Avoided move
BBBBBBBBBBBBBB
After no_penalties pen = 0.000000000000e+00
After good_penalties pen = 0.000000000000e+00
 q0 penalty = 3.021405370573e+02
fishery initial population curvature penalty = 1.449777771269e+00
fishery recruitment trend penalty = 0.000000000000e+00
tmp4 = 0.000000
selmean pen = 0.000000
dome selectivity pen = 0.000000
non decreasing  selectivity pen = 0.000000
Av. F = 0.007673
The fish mort penalty is 10631.181413
After call_penalties pen = 10942.649092637408
Length frequency data    255035.085130495
 tagfit before pooling 9088.378229185
  Empirical variance calculation: 7840.766660162
 tagfit pooling 90.844381599
 Tag data = 9179.222610784536
 Survey index term = 538.279623290503
Total func     275695.348862157902
finished fcomp
==============================================
 f eval 0
calling gradcalc
finished gradcalc

Initial statistics: 298 variables; iteration 0; function evaluation 0
Function value   2.7569535e+05; maximum gradient component mag   1.75101e+01
    1  0.00000e+00 -1.02507e+01 :     2  0.00000e+00 -1.05548e+01 :     3  0.00000e+00 -1.07065e+01 :     4  0.00000e+00 -1.12117e+01
    5  0.00000e+00 -2.79975e+00 :     6  0.00000e+00 -2.81478e+00 :     7  0.00000e+00 -2.92356e+00 :     8  0.00000e+00 -3.14584e+00
    9  0.00000e+00 -3.32874e+00 :    10  0.00000e+00 -3.54672e+00 :    11  0.00000e+00 -3.71272e+00 :    12  0.00000e+00 -3.84590e+00
   13  0.00000e+00 -3.80851e+00 :    14  0.00000e+00 -3.31904e+00 :    15  0.00000e+00 -2.54329e+00 :    16  0.00000e+00 -1.95098e+00
   17  0.00000e+00 -1.34665e+00 :    18  0.00000e+00 -5.41565e-01 :    19  0.00000e+00 -5.21890e-01 :    20  0.00000e+00 -2.51411e-01
   21  0.00000e+00 3.05667e-02 :    22  0.00000e+00 -1.87072e-01 :    23  0.00000e+00 -4.46890e-01 :    24  0.00000e+00 -3.17399e-01
   25  0.00000e+00 -6.60828e-01 :    26  0.00000e+00 -1.19669e+00 :    27  0.00000e+00 -1.62924e+00 :    28  0.00000e+00 -1.98450e+00
   29  0.00000e+00 -2.17199e+00 :    30  0.00000e+00 -2.68372e+00 :    31  0.00000e+00 -2.65227e+00 :    32  0.00000e+00 -2.71729e+00
   33  0.00000e+00 -2.68817e+00 :    34  0.00000e+00 -2.50076e+00 :    35  0.00000e+00 -2.14178e+00 :    36  0.00000e+00 -1.72513e+00
   37  0.00000e+00 -1.05971e+00 :    38  0.00000e+00 1.35017e-01 :    39  0.00000e+00 6.07574e-02 :    40  0.00000e+00 -3.11807e-01
   41  0.00000e+00 -4.12130e-01 :    42  0.00000e+00 -4.97428e-01 :    43  0.00000e+00 -7.32617e-01 :    44  0.00000e+00 -9.29450e-01
   45  0.00000e+00 -6.61627e-01 :    46  0.00000e+00 -8.80332e-01 :    47  0.00000e+00 -1.20685e+00 :    48  0.00000e+00 -1.23582e+00
   49  0.00000e+00 -7.29344e-01 :    50  0.00000e+00 -4.56560e-02 :    51  0.00000e+00 4.14189e-01 :    52  0.00000e+00 6.72343e-01
   53  0.00000e+00 1.01349e+00 :    54  0.00000e+00 1.30168e+00 :    55  0.00000e+00 1.34408e+00 :    56  0.00000e+00 7.22027e-01
   57  0.00000e+00 -1.06024e-01 :    58  0.00000e+00 -3.81170e-01 :    59  0.00000e+00 -6.14592e-01 :    60  0.00000e+00 -1.15809e+00
   61  0.00000e+00 -3.21436e-01 :    62  0.00000e+00 9.94416e-02 :    63  0.00000e+00 -2.52856e-01 :    64  0.00000e+00 -6.06166e-01
   65  0.00000e+00 -4.47059e-01 :  2 alpha = 3.6986357126551223e+02
FMIN time = 2.0200000000000000e-04
AA ubd -2.0000000000000001e-01
BB ubd -2.0000000000000001e-01
1.1000000000000000e+01 1.9900000000000000e+02
 VV Here 1.6122967412650993e+01
putting in kludge for nya=0 setting it equal to 1
PPPPP   Tot mort penalty 1.6301920301328451e-01  Zmax_flag = 0
need to check out nya=0 case 
VVVV!!! implicit_catch_effort_relationship regression penalty= 0.0000000000000000e+00
Avoided move
BBBBBBBBBBBBBB
After no_penalties pen = 0.000000000000e+00
After good_penalties pen = 0.000000000000e+00
 q0 penalty = 3.021405370573e+02
fishery initial population curvature penalty = 1.460502393094e+00
fishery recruitment trend penalty = 4.160452696136e-01
tmp4 = 1.139011
selmean pen = 0.000000
dome selectivity pen = 0.000000
non decreasing  selectivity pen = 0.000000
Av. F = 0.007991
The fish mort penalty is 10368.512241
After call_penalties pen = 10681.605803228806
Length frequency data    254647.954575885
 tagfit before pooling 8953.756088592
  Empirical variance calculation: 7833.407558530
 tagfit pooling 93.393903653
 Tag data = 9047.149992244937
 Survey index term = -28.902319341279
Total func     274348.074800376897
finished fcomp
==============================================
 f eval 0
calling gradcalc
finished gradcalc
 3 alpha = 4.0873962678957607e+00
FMIN time = 3.5000000000000004e-05
AA ubd -2.0000000000000001e-01
BB ubd -2.0000000000000001e-01
1.1000000000000000e+01 1.9900000000000000e+02
 VV Here 1.5932048920239250e+01
putting in kludge for nya=0 setting it equal to 1
PPPPP   Tot mort penalty 4.2553379163510527e+01  Zmax_flag = 0
need to check out nya=0 case 
VVVV!!! implicit_catch_effort_relationship regression penalty= 0.0000000000000000e+00
Avoided move
BBBBBBBBBBBBBB
After no_penalties pen = 0.000000000000e+00
After good_penalties pen = 0.000000000000e+00
 q0 penalty = 3.021405370573e+02
fishery initial population curvature penalty = 1.862649926743e+00
fishery recruitment trend penalty = 1.053864266296e+01
tmp4 = 29.475756
selmean pen = 0.000000
dome selectivity pen = 0.000000
non decreasing  selectivity pen = 0.000000
Av. F = 0.008534
The fish mort penalty is 9949.583200
After call_penalties pen = 10303.050281094287
Length frequency data    254057.618730541
 tagfit before pooling 8453.127065171
  Empirical variance calculation: 7803.581962178
 tagfit pooling 93.246162369
 Tag data = 8546.373227540715
 Survey index term = -248.366417384240
Total func     272701.332930137170
finished fcomp
==============================================
 f eval 1
calling gradcalc
finished gradcalc
 4 alpha = 2.9963549658248438e+00
FMIN time = 2.9999999999999997e-05
AA ubd -2.0000000000000001e-01
BB ubd -2.0000000000000001e-01
1.1000000000000000e+01 1.9900000000000000e+02
 VV Here 1.5983020599240602e+01
putting in kludge for nya=0 setting it equal to 1
PPPPP   Tot mort penalty 1.4485905885121701e+01  Zmax_flag = 0
need to check out nya=0 case 
VVVV!!! implicit_catch_effort_relationship regression penalty= 0.0000000000000000e+00
Avoided move
BBBBBBBBBBBBBB
After no_penalties pen = 0.000000000000e+00
After good_penalties pen = 0.000000000000e+00
 q0 penalty = 3.021405370573e+02
fishery initial population curvature penalty = 1.699613915516e+00
fishery recruitment trend penalty = 6.548064995168e+00
tmp4 = 18.188357
selmean pen = 0.000000
dome selectivity pen = 0.000000
non decreasing  selectivity pen = 0.000000
Av. F = 0.008551
The fish mort penalty is 9937.073151
After call_penalties pen = 10274.494653574500
Length frequency data    254005.421512320
 tagfit before pooling 8576.063341967
  Empirical variance calculation: 7811.504078243
 tagfit pooling 95.708412314
 Tag data = 8671.771754280777
 Survey index term = -577.423821886563
Total func     272388.853733349242
finished fcomp
==============================================
 f eval 2
calling gradcalc
finished gradcalc
 5 alpha = 3.9963549658248438e+00
START
END
START
END
 2 alpha = 1.0032421992729855e+01
FMIN time = 4.1099999999999996e-04
AA ubd -2.0000000000000001e-01
BB ubd -2.0000000000000001e-01
1.1000000000000000e+01 1.9900000000000000e+02
 VV Here 1.5932825997672309e+01
putting in kludge for nya=0 setting it equal to 1
PPPPP   Tot mort penalty 2.8806803160091025e+01  Zmax_flag = 0
need to check out nya=0 case 
VVVV!!! implicit_catch_effort_relationship regression penalty= 0.0000000000000000e+00
Avoided move
BBBBBBBBBBBBBB
After no_penalties pen = 0.000000000000e+00
After good_penalties pen = 0.000000000000e+00
 q0 penalty = 3.021405370573e+02
fishery initial population curvature penalty = 1.445212524459e+00
fishery recruitment trend penalty = 7.990042968814e+00
tmp4 = 21.487257
selmean pen = 0.000000
dome selectivity pen = 0.000000
non decreasing  selectivity pen = 0.000000
Av. F = 0.009252
The fish mort penalty is 9446.203930
After call_penalties pen = 9788.769474945510
Length frequency data    254084.829664789
 tagfit before pooling 8486.053093812
  Empirical variance calculation: 7806.935641233
 tagfit pooling 95.714896044
 Tag data = 8581.767989855334
 Survey index term = -676.256001300269
Total func     271808.021660632628
finished fcomp
==============================================
 f eval 3
calling gradcalc
finished gradcalc
 3 alpha = 3.1264194489603323e+00
FMIN time = 2.5999999999999998e-05
AA ubd -2.0000000000000001e-01
BB ubd -2.0000000000000001e-01
1.1000000000000000e+01 1.9900000000000000e+02
 VV Here 1.5775851013204534e+01
putting in kludge for nya=0 setting it equal to 1
PPPPP   Tot mort penalty 2.7196664654874473e+02  Zmax_flag = 1
need to check out nya=0 case 
VVVV!!! implicit_catch_effort_relationship regression penalty= 0.0000000000000000e+00
Avoided move
BBBBBBBBBBBBBB
After no_penalties pen = 0.000000000000e+00
After good_penalties pen = 0.000000000000e+00
 q0 penalty = 3.021405370573e+02
fishery initial population curvature penalty = 2.047249235904e+00
fishery recruitment trend penalty = 1.334670420326e+01
tmp4 = 39.334921
selmean pen = 0.000000
dome selectivity pen = 0.000000
non decreasing  selectivity pen = 0.000000
Av. F = 0.011850
The fish mort penalty is 7986.315407
After call_penalties pen = 8356.034979441441
Length frequency data    254945.375562102
 tagfit before pooling 8279.139944315
  Empirical variance calculation: 7792.957646992
 tagfit pooling 87.898808746
 Tag data = 8367.038753060766
 Survey index term = -564.074919753377
Total func     271376.444750610332
finished fcomp
==============================================
 f eval 4
calling gradcalc
finished gradcalc
 4 alpha = 2.1313326096597729e+00
FMIN time = 4.4999999999999996e-05
AA ubd -2.0000000000000001e-01
BB ubd -2.0000000000000001e-01
1.1000000000000000e+01 1.9900000000000000e+02
 VV Here 1.5825819166508351e+01
putting in kludge for nya=0 setting it equal to 1
PPPPP   Tot mort penalty 1.2194721496586833e+02  Zmax_flag = 1
need to check out nya=0 case 
VVVV!!! implicit_catch_effort_relationship regression penalty= 0.0000000000000000e+00
Avoided move
BBBBBBBBBBBBBB
After no_penalties pen = 0.000000000000e+00
After good_penalties pen = 0.000000000000e+00
 q0 penalty = 3.021405370573e+02
fishery initial population curvature penalty = 1.625373662583e+00
fishery recruitment trend penalty = 1.150463737411e+01
tmp4 = 32.415133
selmean pen = 0.000000
dome selectivity pen = 0.000000
non decreasing  selectivity pen = 0.000000
Av. F = 0.010918
The fish mort penalty is 8455.928769
After call_penalties pen = 8815.185390788229
Length frequency data    254533.845539629
 tagfit before pooling 8327.705724620
  Empirical variance calculation: 7797.356829556
 tagfit pooling 91.966929090
 Tag data = 8419.672653709566
 Survey index term = -692.194453112405
Total func     271198.560075181769
finished fcomp
==============================================
 f eval 5
calling gradcalc
finished gradcalc
 5 alpha = 3.1313326096597729e+00
START
END
START
END
 2 alpha = 3.5400930199443343e+00
FMIN time = 3.9800000000000002e-04
AA ubd -2.0000000000000001e-01
BB ubd -2.0000000000000001e-01
1.1000000000000000e+01 1.9900000000000000e+02
 VV Here 1.5822331623313239e+01
putting in kludge for nya=0 setting it equal to 1
PPPPP   Tot mort penalty 6.6718771629708215e+01  Zmax_flag = 1
need to check out nya=0 case 
VVVV!!! implicit_catch_effort_relationship regression penalty= 0.0000000000000000e+00
Avoided move
BBBBBBBBBBBBBB
After no_penalties pen = 0.000000000000e+00
After good_penalties pen = 0.000000000000e+00
 q0 penalty = 3.021405370573e+02
fishery initial population curvature penalty = 2.043736073798e+00
fishery recruitment trend penalty = 8.275078257479e+00
tmp4 = 30.928874
selmean pen = 0.000000
dome selectivity pen = 0.000000
non decreasing  selectivity pen = 0.000000
Av. F = 0.011071
The fish mort penalty is 8375.386976
After call_penalties pen = 8731.528515324975
Length frequency data    254287.591562178
 tagfit before pooling 8353.942107614
  Empirical variance calculation: 7801.935545298
 tagfit pooling 99.485141020
 Tag data = 8453.427248634074
 Survey index term = -700.695556000843
Total func     270838.674270975869
finished fcomp
==============================================
 f eval 6
calling gradcalc
finished gradcalc
 5 alpha = 1.0000000000000000e+00
START
END
START
END
 2 alpha = 2.2978371721701434e+00
FMIN time = 3.8800000000000000e-04
AA ubd -2.0000000000000001e-01
BB ubd -2.0000000000000001e-01
1.1000000000000000e+01 1.9900000000000000e+02
 VV Here 1.5769904376591390e+01
putting in kludge for nya=0 setting it equal to 1
PPPPP   Tot mort penalty 9.7447872320933939e+01  Zmax_flag = 1
need to check out nya=0 case 
VVVV!!! implicit_catch_effort_relationship regression penalty= 0.0000000000000000e+00
Avoided move
BBBBBBBBBBBBBB
After no_penalties pen = 0.000000000000e+00
After good_penalties pen = 0.000000000000e+00
 q0 penalty = 3.021405370573e+02
fishery initial population curvature penalty = 2.540287485939e+00
fishery recruitment trend penalty = 8.267519807868e+00
tmp4 = 40.247114
selmean pen = 0.000000
dome selectivity pen = 0.000000
non decreasing  selectivity pen = 0.000000
Av. F = 0.011647
The fish mort penalty is 8084.060510
After call_penalties pen = 8452.899132092181
Length frequency data    254256.734684645
 tagfit before pooling 8303.741553045
  Empirical variance calculation: 7802.981389946
 tagfit pooling 101.990799941
 Tag data = 8405.732352986339
 Survey index term = -609.887502171855
Total func     270603.030269099283
finished fcomp
==============================================
 f eval 7
calling gradcalc
finished gradcalc
 3 alpha = 9.5578980723498674e-01
FMIN time = 2.5999999999999998e-05
AA ubd -2.0000000000000001e-01
BB ubd -2.0000000000000001e-01
1.1000000000000000e+01 1.9900000000000000e+02
 VV Here 1.5719791762811106e+01
putting in kludge for nya=0 setting it equal to 1
PPPPP   Tot mort penalty 1.6020042606989887e+02  Zmax_flag = 1
need to check out nya=0 case 
VVVV!!! implicit_catch_effort_relationship regression penalty= 0.0000000000000000e+00
Avoided move
BBBBBBBBBBBBBB
After no_penalties pen = 0.000000000000e+00
After good_penalties pen = 0.000000000000e+00
 q0 penalty = 3.021405370573e+02
fishery initial population curvature penalty = 3.185349746432e+00
fishery recruitment trend penalty = 8.247481766244e+00
tmp4 = 51.169712
selmean pen = 0.000000
dome selectivity pen = 0.000000
non decreasing  selectivity pen = 0.000000
Av. F = 0.012201
The fish mort penalty is 7822.043843
After call_penalties pen = 8205.833233683821
Length frequency data    254279.193651105
 tagfit before pooling 8267.831822644
  Empirical variance calculation: 7804.247527131
 tagfit pooling 104.449525813
 Tag data = 8372.281348456869
 Survey index term = -470.504187908068
Total func     270547.108200650488
finished fcomp
==============================================
 f eval 8
calling gradcalc
finished gradcalc
 5 alpha = 1.9557898072349866e+00
START
END
START
END
 2 alpha = 1.5818215048469644e+00
FMIN time = 4.3800000000000002e-04
AA ubd -2.0000000000000001e-01
BB ubd -2.0000000000000001e-01
1.1000000000000000e+01 1.9900000000000000e+02
 VV Here 1.5718638778168167e+01
putting in kludge for nya=0 setting it equal to 1
PPPPP   Tot mort penalty 8.8656629505080943e+01  Zmax_flag = 1
need to check out nya=0 case 
VVVV!!! implicit_catch_effort_relationship regression penalty= 0.0000000000000000e+00
Avoided move
BBBBBBBBBBBBBB
After no_penalties pen = 0.000000000000e+00
After good_penalties pen = 0.000000000000e+00
 q0 penalty = 3.021405370573e+02
fishery initial population curvature penalty = 3.397788815502e+00
fishery recruitment trend penalty = 6.536815201799e+00
tmp4 = 53.416848
selmean pen = 0.000000
dome selectivity pen = 0.000000
non decreasing  selectivity pen = 0.000000
Av. F = 0.011909
The fish mort penalty is 7957.952375
After call_penalties pen = 8344.773892654401
Length frequency data    254013.982951676
 tagfit before pooling 8243.823645943
  Empirical variance calculation: 7811.614348735
 tagfit pooling 106.503040024
 Tag data = 8350.326685967513
 Survey index term = -513.919473362583
Total func     270283.924415693851
finished fcomp
==============================================
 f eval 9
calling gradcalc
finished gradcalc
 3 alpha = 8.5540346705601022e-01
FMIN time = 9.2000000000000000e-05
AA ubd -2.0000000000000001e-01
BB ubd -2.0000000000000001e-01
1.1000000000000000e+01 1.9900000000000000e+02
 VV Here 1.5717652374721082e+01
putting in kludge for nya=0 setting it equal to 1
PPPPP   Tot mort penalty 5.5445102244618298e+01  Zmax_flag = 0
need to check out nya=0 case 
VVVV!!! implicit_catch_effort_relationship regression penalty= 0.0000000000000000e+00
Avoided move
BBBBBBBBBBBBBB
After no_penalties pen = 0.000000000000e+00
After good_penalties pen = 0.000000000000e+00
 q0 penalty = 3.021405370573e+02
fishery initial population curvature penalty = 3.647471435797e+00
fishery recruitment trend penalty = 5.226857278614e+00
tmp4 = 56.256662
selmean pen = 0.000000
dome selectivity pen = 0.000000
non decreasing  selectivity pen = 0.000000
Av. F = 0.011666
The fish mort penalty is 8074.804357
After call_penalties pen = 8465.535750594572
Length frequency data    253832.741268293
 tagfit before pooling 8228.063371838
  Empirical variance calculation: 7818.071419391
 tagfit pooling 107.693920835
 Tag data = 8335.757292673550
 Survey index term = -492.766962266863
Total func     270196.816180802183
finished fcomp
==============================================
 f eval 10
calling gradcalc
finished gradcalc
 5 alpha = 1.8554034670560102e+00
START
END
START
END

Intermediate statistics: 298 variables; iteration 5; function evaluation 11
Function value   2.7019682e+05; maximum gradient component mag   4.57711e+00
    1  2.54083e+01 -6.79432e-01 :     2  2.67175e+01 -9.55331e-01 :     3  1.78178e+01 -5.84263e-01 :     4  1.22553e+01 -8.62052e-01
    5  1.45164e+01 1.00028e-01 :     6  1.50810e+01 1.35321e-01 :     7  1.71985e+01 1.24217e-01 :     8  2.14536e+01 3.77416e-02
    9  2.52364e+01 4.10276e-03 :    10  3.01288e+01 -5.72055e-02 :    11  3.44394e+01 -6.43837e-02 :    12  3.84015e+01 -8.09430e-02
   13  3.88868e+01 -3.00784e-02 :    14  3.00608e+01 2.32169e-01 :    15  1.78748e+01 3.71560e-01 :    16  1.08779e+01 3.16498e-01
   17  4.66893e+00 2.53992e-01 :    18  -4.79821e+00 3.19186e-01 :    19  -5.21171e+00 2.71591e-01 :    20  -8.45688e+00 2.88310e-01
   21  -1.17035e+01 3.21361e-01 :    22  -1.00946e+01 3.45745e-01 :    23  -8.51199e+00 4.24906e-01 :    24  -1.10903e+01 5.41858e-01
   25  -6.80922e+00 5.15127e-01 :    26  6.26285e-01 4.15395e-01 :    27  7.44126e+00 2.82408e-01 :    28  1.37001e+01 1.12479e-01
   29  1.70184e+01 6.53832e-02 :    30  2.79276e+01 -4.52724e-01 :    31  2.64221e+01 -1.94396e-01 :    32  2.74475e+01 -1.37269e-01
   33  2.68780e+01 -6.28259e-02 :    34  2.37916e+01 1.37744e-02 :    35  1.83741e+01 7.35344e-02 :    36  1.30522e+01 5.08829e-02
   37  3.86142e+00 1.44198e-01 :    38  -1.20878e+01 3.73987e-01 :    39  -1.03868e+01 2.83790e-01 :    40  -4.00479e+00 5.61510e-02
   41  -1.80806e+00 -4.25916e-02 :    42  -7.55325e-01 -3.38146e-02 :    43  2.84562e+00 -1.18088e-01 :    44  6.31041e+00 -2.39898e-01
   45  1.34713e+00 1.61527e-02 :    46  5.04652e+00 -8.48482e-02 :    47  1.14966e+01 -3.74880e-01 :    48  1.32394e+01 -5.37432e-01
   49  4.87309e+00 -2.46778e-01 :    50  -5.32611e+00 -2.07745e-02 :    51  -1.05058e+01 -3.85069e-02 :    52  -1.22633e+01 -1.62503e-01
   53  -1.64182e+01 -1.03659e-01 :    54  -2.11054e+01 7.11763e-02 :    55  -2.28382e+01 1.98517e-01 :    56  -1.48787e+01 6.43527e-02
   57  -1.94971e+00 -3.57114e-01 :    58  1.40177e+00 -3.44702e-01 :    59  3.84814e+00 -2.68601e-01 :    60  1.43425e+01 -7.99852e-01
   61  -2.03346e+00 -1.73529e-02 :    62  -8.64625e+00 1.26497e-01 :    63  -2.80352e+00 -7.65978e-02 :    64  3.62454e+00 -3.55584e-01
   65  2.63139e-01 -1.58712e-01 :  2 alpha = 4.5625207729192265e+00
FMIN time = 5.2200000000000000e-04
AA ubd -2.0000000000000001e-01
BB ubd -2.0000000000000001e-01
1.1000000000000000e+01 1.9900000000000000e+02
 VV Here 1.5687804903524125e+01
putting in kludge for nya=0 setting it equal to 1
PPPPP   Tot mort penalty 6.0077143314974570e+01  Zmax_flag = 0
need to check out nya=0 case 
VVVV!!! implicit_catch_effort_relationship regression penalty= 0.0000000000000000e+00
Avoided move
BBBBBBBBBBBBBB
After no_penalties pen = 0.000000000000e+00
After good_penalties pen = 0.000000000000e+00
 q0 penalty = 3.021405370573e+02
fishery initial population curvature penalty = 4.056876114943e+00
fishery recruitment trend penalty = 4.680171041413e+00
tmp4 = 63.288601
selmean pen = 0.000000
dome selectivity pen = 0.000000
non decreasing  selectivity pen = 0.000000
Av. F = 0.011872
The fish mort penalty is 7975.891636
After call_penalties pen = 8377.717222546162
Length frequency data    253809.841416239
 tagfit before pooling 8176.747859994
  Empirical variance calculation: 7825.443447905
 tagfit pooling 106.676394817
 Tag data = 8283.424254810590
 Survey index term = -460.308668754776
Total func     270070.855097435939
finished fcomp
==============================================
 f eval 11
calling gradcalc
finished gradcalc
 3 alpha = 1.7861466384233262e+00
FMIN time = 2.9000000000000000e-05
AA ubd -2.0000000000000001e-01
BB ubd -2.0000000000000001e-01
1.1000000000000000e+01 1.9900000000000000e+02
 VV Here 1.5634492564081627e+01
putting in kludge for nya=0 setting it equal to 1
PPPPP   Tot mort penalty 6.8192991029570777e+01  Zmax_flag = 0
need to check out nya=0 case 
VVVV!!! implicit_catch_effort_relationship regression penalty= 0.0000000000000000e+00
Avoided move
BBBBBBBBBBBBBB
After no_penalties pen = 0.000000000000e+00
After good_penalties pen = 0.000000000000e+00
 q0 penalty = 3.021405370573e+02
fishery initial population curvature penalty = 5.045805807977e+00
fishery recruitment trend penalty = 3.769174740908e+00
tmp4 = 78.235009
selmean pen = 0.000000
dome selectivity pen = 0.000000
non decreasing  selectivity pen = 0.000000
Av. F = 0.012179
The fish mort penalty is 7832.085009
After call_penalties pen = 8257.686006327078
Length frequency data    253827.323459146
 tagfit before pooling 8094.192527977
  Empirical variance calculation: 7839.547416769
 tagfit pooling 104.754246354
 Tag data = 8198.946774330952
 Survey index term = -370.078393862968
Total func     269982.174566282250
finished fcomp
==============================================
 f eval 12
calling gradcalc
finished gradcalc
 5 alpha = 2.7861466384233262e+00
START
END
START
END
 2 alpha = 2.9991483987915482e+00
FMIN time = 3.9100000000000002e-04
AA ubd -2.0000000000000001e-01
BB ubd -2.0000000000000001e-01
1.1000000000000000e+01 1.9900000000000000e+02
 VV Here 1.5613195279167366e+01
putting in kludge for nya=0 setting it equal to 1
PPPPP   Tot mort penalty 8.1518738302558006e+01  Zmax_flag = 1
need to check out nya=0 case 
VVVV!!! implicit_catch_effort_relationship regression penalty= 0.0000000000000000e+00
Avoided move
BBBBBBBBBBBBBB
After no_penalties pen = 0.000000000000e+00
After good_penalties pen = 0.000000000000e+00
 q0 penalty = 3.021405370573e+02
fishery initial population curvature penalty = 4.848896938106e+00
fishery recruitment trend penalty = 3.282879966267e+00
tmp4 = 81.038494
selmean pen = 0.000000
dome selectivity pen = 0.000000
non decreasing  selectivity pen = 0.000000
Av. F = 0.012591
The fish mort penalty is 7647.028749
After call_penalties pen = 8078.803873106001
Length frequency data    253950.203602145
 tagfit before pooling 8057.068202509
  Empirical variance calculation: 7848.208705527
 tagfit pooling 102.612510349
 Tag data = 8159.680712857587
 Survey index term = -401.788985567684
Total func     269868.521670169255
finished fcomp
==============================================
 f eval 13
calling gradcalc
finished gradcalc
 3 alpha = 1.4243656093495207e+00
FMIN time = 2.9999999999999997e-05
AA ubd -2.0000000000000001e-01
BB ubd -2.0000000000000001e-01
1.1000000000000000e+01 1.9900000000000000e+02
 VV Here 1.5582861603287055e+01
putting in kludge for nya=0 setting it equal to 1
PPPPP   Tot mort penalty 1.0505818841140541e+02  Zmax_flag = 1
need to check out nya=0 case 
VVVV!!! implicit_catch_effort_relationship regression penalty= 0.0000000000000000e+00
Avoided move
BBBBBBBBBBBBBB
After no_penalties pen = 0.000000000000e+00
After good_penalties pen = 0.000000000000e+00
 q0 penalty = 3.021405370573e+02
fishery initial population curvature penalty = 4.578501057634e+00
fishery recruitment trend penalty = 2.644415105034e+00
tmp4 = 85.906063
selmean pen = 0.000000
dome selectivity pen = 0.000000
non decreasing  selectivity pen = 0.000000
Av. F = 0.013166
The fish mort penalty is 7402.162710
After call_penalties pen = 7844.125979681278
Length frequency data    254163.558206070
 tagfit before pooling 8010.036086623
  Empirical variance calculation: 7861.055765750
 tagfit pooling 99.298550616
 Tag data = 8109.334637239102
 Survey index term = -412.872793652848
Total func     269809.307947095716
finished fcomp
==============================================
 f eval 14
calling gradcalc
finished gradcalc
 5 alpha = 2.4243656093495209e+00
START
END
START
END
 2 alpha = 5.8133334149048475e+00
FMIN time = 3.8999999999999999e-04
AA ubd -2.0000000000000001e-01
BB ubd -2.0000000000000001e-01
1.1000000000000000e+01 1.9900000000000000e+02
 VV Here 1.5585197376181878e+01
putting in kludge for nya=0 setting it equal to 1
PPPPP   Tot mort penalty 8.8872074559936465e+01  Zmax_flag = 1
need to check out nya=0 case 
VVVV!!! implicit_catch_effort_relationship regression penalty= 0.0000000000000000e+00
Avoided move
BBBBBBBBBBBBBB
After no_penalties pen = 0.000000000000e+00
After good_penalties pen = 0.000000000000e+00
 q0 penalty = 3.021405370573e+02
fishery initial population curvature penalty = 4.509485314727e+00
fishery recruitment trend penalty = 2.134788773120e+00
tmp4 = 86.916086
selmean pen = 0.000000
dome selectivity pen = 0.000000
non decreasing  selectivity pen = 0.000000
Av. F = 0.013061
The fish mort penalty is 7445.609819
After call_penalties pen = 7890.817312176151
Length frequency data    254093.019369493
 tagfit before pooling 7995.595328194
  Empirical variance calculation: 7871.323108270
 tagfit pooling 99.904604504
 Tag data = 8095.499932697472
 Survey index term = -410.142681397436
Total func     269758.169736885640
finished fcomp
==============================================
 f eval 15
calling gradcalc
finished gradcalc
 3 alpha = 2.6048594310372857e+00
FMIN time = 2.5999999999999998e-05
AA ubd -2.0000000000000001e-01
BB ubd -2.0000000000000001e-01
1.1000000000000000e+01 1.9900000000000000e+02
 VV Here 1.5591281666132183e+01
putting in kludge for nya=0 setting it equal to 1
PPPPP   Tot mort penalty 5.7894840124439853e+01  Zmax_flag = 0
need to check out nya=0 case 
VVVV!!! implicit_catch_effort_relationship regression penalty= 0.0000000000000000e+00
Avoided move
BBBBBBBBBBBBBB
After no_penalties pen = 0.000000000000e+00
After good_penalties pen = 0.000000000000e+00
 q0 penalty = 3.021405370573e+02
fishery initial population curvature penalty = 4.380910574644e+00
fishery recruitment trend penalty = 1.061038530026e+00
tmp4 = 90.536228
selmean pen = 0.000000
dome selectivity pen = 0.000000
non decreasing  selectivity pen = 0.000000
Av. F = 0.012782
The fish mort penalty is 7563.913098
After call_penalties pen = 8019.310370543033
Length frequency data    253937.269446742
 tagfit before pooling 7962.614112818
  Empirical variance calculation: 7899.061378721
 tagfit pooling 101.222261300
 Tag data = 8063.836374118026
 Survey index term = -380.190812739188
Total func     269698.223948170489
finished fcomp
==============================================
 f eval 16
calling gradcalc
finished gradcalc
 5 alpha = 3.6048594310372857e+00
START
END
START
END
 2 alpha = 2.9960853410439956e+00
FMIN time = 3.9899999999999999e-04
AA ubd -2.0000000000000001e-01
BB ubd -2.0000000000000001e-01
1.1000000000000000e+01 1.9900000000000000e+02
 VV Here 1.5586333193029015e+01
putting in kludge for nya=0 setting it equal to 1
PPPPP   Tot mort penalty 6.1414600737197908e+01  Zmax_flag = 0
need to check out nya=0 case 
VVVV!!! implicit_catch_effort_relationship regression penalty= 0.0000000000000000e+00
Avoided move
BBBBBBBBBBBBBB
After no_penalties pen = 0.000000000000e+00
After good_penalties pen = 0.000000000000e+00
 q0 penalty = 3.021405370573e+02
fishery initial population curvature penalty = 4.359568215429e+00
fishery recruitment trend penalty = 9.392666756584e-01
tmp4 = 94.644068
selmean pen = 0.000000
dome selectivity pen = 0.000000
non decreasing  selectivity pen = 0.000000
Av. F = 0.012724
The fish mort penalty is 7588.914249
After call_penalties pen = 8053.966058905827
Length frequency data    253893.415631221
 tagfit before pooling 7927.576077608
  Empirical variance calculation: 7917.832711289
 tagfit pooling 101.086785769
 Tag data = 8028.662863376911
 Survey index term = -402.105392670174
Total func     269635.457490971661
finished fcomp
==============================================
 f eval 17
calling gradcalc
finished gradcalc
 3 alpha = 2.2576893712939259e+00
FMIN time = 2.5999999999999998e-05
AA ubd -2.0000000000000001e-01
BB ubd -2.0000000000000001e-01
1.1000000000000000e+01 1.9900000000000000e+02
 VV Here 1.5575161816784243e+01
putting in kludge for nya=0 setting it equal to 1
PPPPP   Tot mort penalty 6.9011806872704540e+01  Zmax_flag = 1
need to check out nya=0 case 
VVVV!!! implicit_catch_effort_relationship regression penalty= 0.0000000000000000e+00
Avoided move
BBBBBBBBBBBBBB
After no_penalties pen = 0.000000000000e+00
After good_penalties pen = 0.000000000000e+00
 q0 penalty = 3.021405370573e+02
fishery initial population curvature penalty = 4.414757644861e+00
fishery recruitment trend penalty = 6.882392647754e-01
tmp4 = 105.746685
selmean pen = 0.000000
dome selectivity pen = 0.000000
non decreasing  selectivity pen = 0.000000
Av. F = 0.012535
The fish mort penalty is 7671.742663
After call_penalties pen = 8161.519658494203
Length frequency data    253824.217933684
 tagfit before pooling 7856.199407878
  Empirical variance calculation: 7962.845297663
 tagfit pooling 100.740136552
 Tag data = 7956.939544430641
 Survey index term = -434.517114201913
Total func     269577.275558726804
finished fcomp
==============================================
 f eval 18
calling gradcalc
finished gradcalc
 5 alpha = 3.2576893712939259e+00
START
END
START
END
 2 alpha = 5.2377612431565499e+00
beginning parameter save
AA ubd -2.0000000000000001e-01
BB ubd -2.0000000000000001e-01
1.1000000000000000e+01 1.9900000000000000e+02
 VV Here 1.5575161816784243e+01
putting in kludge for nya=0 setting it equal to 1
PPPPP   Tot mort penalty 6.9011806872704540e+01  Zmax_flag = 1
need to check out nya=0 case 
VVVV!!! implicit_catch_effort_relationship regression penalty= 0.0000000000000000e+00
Avoided move
BBBBBBBBBBBBBB
After no_penalties pen = 0.000000000000e+00
After good_penalties pen = 0.000000000000e+00
 q0 penalty = 3.021405370573e+02
fishery initial population curvature penalty = 4.414757644861e+00
fishery recruitment trend penalty = 6.882392647754e-01
tmp4 = 105.746685
selmean pen = 0.000000
dome selectivity pen = 0.000000
non decreasing  selectivity pen = 0.000000
Av. F = 0.012535
The fish mort penalty is 7671.742663
After call_penalties pen = 8161.519658494203
Length frequency data    253824.217933684
 tagfit before pooling 7856.199407878
  Empirical variance calculation: 7962.845297663
 tagfit pooling 100.740136552
 Tag data = 7956.939544430641
 Survey index term = -434.517114201913
Total func     269577.275558726804
finished fcomp
did routine save
FMIN time = 2.285739000000
AA ubd -0.200000000000
BB ubd -0.200000000000
11.000000000000 199.000000000000
 VV Here 15.562432517858
putting in kludge for nya=0 setting it equal to 1
PPPPP   Tot mort penalty 79.185342602185  Zmax_flag = 1
need to check out nya=0 case 
VVVV!!! implicit_catch_effort_relationship regression penalty= 0.000000000000
Avoided move
BBBBBBBBBBBBBB
After no_penalties pen = 0.000000000000
After good_penalties pen = 0.000000000000
 q0 penalty = 302.140537057310
fishery initial population curvature penalty = 4.381136151564
fishery recruitment trend penalty = 0.748803485287
tmp4 = 110.720720
selmean pen = 0.000000
dome selectivity pen = 0.000000
non decreasing  selectivity pen = 0.000000
Av. F = 0.012650
The fish mort penalty is 7621.319302
After call_penalties pen = 8119.872254223914
Length frequency data    253812.590333863
 tagfit before pooling 7845.457401804
  Empirical variance calculation: 7972.701636760
 tagfit pooling 101.860858617
 Tag data = 7947.318260421092
 Survey index term = -416.458944978239
Total func     269542.610975591175
finished fcomp
==============================================
 f eval 19
calling gradcalc
finished gradcalc
 3 alpha = 9.8494690959661613e-01
beginning parameter save
AA ubd -2.0000000000000001e-01
BB ubd -2.0000000000000001e-01
1.1000000000000000e+01 1.9900000000000000e+02
 VV Here 1.5562432517858014e+01
putting in kludge for nya=0 setting it equal to 1
PPPPP   Tot mort penalty 7.9185342602184562e+01  Zmax_flag = 1
need to check out nya=0 case 
VVVV!!! implicit_catch_effort_relationship regression penalty= 0.0000000000000000e+00
Avoided move
BBBBBBBBBBBBBB
After no_penalties pen = 0.000000000000e+00
After good_penalties pen = 0.000000000000e+00
 q0 penalty = 3.021405370573e+02
fishery initial population curvature penalty = 4.381136151564e+00
fishery recruitment trend penalty = 7.488034852870e-01
tmp4 = 110.720720
selmean pen = 0.000000
dome selectivity pen = 0.000000
non decreasing  selectivity pen = 0.000000
Av. F = 0.012650
The fish mort penalty is 7621.319302
After call_penalties pen = 8119.872254223914
Length frequency data    253812.590333863
 tagfit before pooling 7845.457401804
  Empirical variance calculation: 7972.701636760
 tagfit pooling 101.860858617
 Tag data = 7947.318260421092
 Survey index term = -416.458944978239
Total func     269542.610975591175
finished fcomp
did routine save
FMIN time = 2.260947000000
AA ubd -0.200000000000
BB ubd -0.200000000000
11.000000000000 199.000000000000
 VV Here 15.549895321056
putting in kludge for nya=0 setting it equal to 1
PPPPP   Tot mort penalty 92.052236934626  Zmax_flag = 1
need to check out nya=0 case 
VVVV!!! implicit_catch_effort_relationship regression penalty= 0.000000000000
Avoided move
BBBBBBBBBBBBBB
After no_penalties pen = 0.000000000000
After good_penalties pen = 0.000000000000
 q0 penalty = 302.140537057310
fishery initial population curvature penalty = 4.374506883162
fishery recruitment trend penalty = 0.810393680554
tmp4 = 115.860148
selmean pen = 0.000000
dome selectivity pen = 0.000000
non decreasing  selectivity pen = 0.000000
Av. F = 0.012759
The fish mort penalty is 7574.127711
After call_penalties pen = 8081.664744945829
Length frequency data    253809.761392877
 tagfit before pooling 7836.286924540
  Empirical variance calculation: 7982.628286618
 tagfit pooling 102.988937406
 Tag data = 7939.275861945656
 Survey index term = -390.933037468744
Total func     269531.924928705848
finished fcomp
==============================================
 f eval 20
calling gradcalc
finished gradcalc
 5 alpha = 1.9849469095966161e+00
START
END
START
END
298 variables; iteration 10; function evaluation 21
Function value   2.6953192e+05; maximum gradient component mag  -1.22717e+00
    1  3.10228e+01 1.25115e-01 :     2  3.53197e+01 2.92696e-01 :     3  2.07187e+01 -9.75561e-02 :     4  1.78987e+01 -2.33570e-02
    5  7.45009e+00 2.01922e-01 :     6  7.04935e+00 1.94539e-01 :     7  1.01961e+01 1.67478e-01 :     8  1.86713e+01 8.19170e-02
    9  2.46288e+01 1.68807e-02 :    10  3.28561e+01 -1.00668e-01 :    11  3.82992e+01 -1.84895e-01 :    12  4.40261e+01 -3.49675e-01
   13  4.43655e+01 -4.90859e-01 :    14  2.60995e+01 -2.03199e-01 :    15  6.62602e+00 -7.19326e-02 :    16  3.04942e-01 -1.88350e-01
   17  -4.79721e+00 -3.23675e-01 :    18  -2.04483e+01 -1.78246e-01 :    19  -1.91749e+01 -2.37272e-01 :    20  -2.42073e+01 -2.15554e-01
   21  -2.98179e+01 -1.82557e-01 :    22  -2.87366e+01 -1.50768e-01 :    23  -3.01798e+01 -2.65657e-02 :    24  -3.82212e+01 8.71495e-02
   25  -3.17567e+01 9.87345e-02 :    26  -1.88307e+01 1.03392e-01 :    27  -5.74390e+00 1.10608e-01 :    28  8.42221e+00 4.14539e-02
   29  1.39151e+01 1.04699e-01 :    30  5.07813e+01 -7.82396e-01 :    31  3.54340e+01 -3.47795e-02 :    32  3.41097e+01 5.22889e-02
   33  3.09824e+01 5.79513e-02 :    34  2.52526e+01 2.58708e-03 :    35  1.71998e+01 -7.26845e-02 :    36  1.23910e+01 -2.45678e-01
   37  -3.22133e+00 -1.82942e-01 :    38  -3.38242e+01 4.45953e-02 :    39  -2.82698e+01 -8.46480e-03 :    40  -1.06628e+01 -2.25253e-01
   41  -3.92618e+00 -2.96471e-01 :    42  -3.74602e+00 -1.70674e-01 :    43  3.83034e+00 -1.76687e-01 :    44  1.30355e+01 -2.61182e-01
   45  -5.22903e+00 1.13796e-01 :    46  2.48122e+00 1.58219e-01 :    47  2.11060e+01 1.33985e-01 :    48  2.95280e+01 1.05931e-01
   49  7.72033e+00 1.46365e-01 :    50  -1.27412e+01 6.70772e-02 :    51  -1.76884e+01 -9.00667e-02 :    52  -1.38772e+01 -3.51531e-01
   53  -2.15279e+01 -3.28521e-01 :    54  -3.50250e+01 -1.36928e-01 :    55  -4.26016e+01 -5.39124e-03 :    56  -2.77502e+01 -8.78940e-05
   57  5.37092e+00 -2.42751e-01 :    58  6.91215e+00 5.64381e-02 :    59  4.66988e+00 3.48587e-01 :    60  3.75134e+01 4.35846e-01
   61  -1.11580e+01 2.95483e-01 :    62  -2.31064e+01 1.42086e-01 :    63  -8.22568e+00 8.64042e-02 :    64  1.08001e+01 -4.68152e-02
   65  -2.06222e+00 1.62044e-01 :  2 alpha = 3.1844980072184019e+00
FMIN time = 4.6500000000000003e-04
AA ubd -2.0000000000000001e-01
BB ubd -2.0000000000000001e-01
1.1000000000000000e+01 1.9900000000000000e+02
 VV Here 1.5549322004106704e+01
putting in kludge for nya=0 setting it equal to 1
PPPPP   Tot mort penalty 8.7852801429643748e+01  Zmax_flag = 1
need to check out nya=0 case 
VVVV!!! implicit_catch_effort_relationship regression penalty= 0.0000000000000000e+00
Avoided move
BBBBBBBBBBBBBB
After no_penalties pen = 0.000000000000e+00
After good_penalties pen = 0.000000000000e+00
 q0 penalty = 3.021405370573e+02
fishery initial population curvature penalty = 4.099654443937e+00
fishery recruitment trend penalty = 7.181619756535e-01
tmp4 = 117.356378
selmean pen = 0.000000
dome selectivity pen = 0.000000
non decreasing  selectivity pen = 0.000000
Av. F = 0.012732
The fish mort penalty is 7585.747882
After call_penalties pen = 8097.895567599609
Length frequency data    253793.014876814
 tagfit before pooling 7819.454120428
  Empirical variance calculation: 7998.453287765
 tagfit pooling 102.706773307
 Tag data = 7922.160893734580
 Survey index term = -395.655304925609
Total func     269505.372564137040
finished fcomp
==============================================
 f eval 21
calling gradcalc
finished gradcalc
 3 alpha = 6.3787292659905068e+00
FMIN time = 2.4000000000000001e-05
AA ubd -2.0000000000000001e-01
BB ubd -2.0000000000000001e-01
1.1000000000000000e+01 1.9900000000000000e+02
 VV Here 1.5545664676807492e+01
putting in kludge for nya=0 setting it equal to 1
PPPPP   Tot mort penalty 6.7635923247954011e+01  Zmax_flag = 0
need to check out nya=0 case 
VVVV!!! implicit_catch_effort_relationship regression penalty= 0.0000000000000000e+00
Avoided move
BBBBBBBBBBBBBB
After no_penalties pen = 0.000000000000e+00
After good_penalties pen = 0.000000000000e+00
 q0 penalty = 3.021405370573e+02
fishery initial population curvature penalty = 2.710624704845e+00
fishery recruitment trend penalty = 2.574425900043e-01
tmp4 = 129.779993
selmean pen = 0.000000
dome selectivity pen = 0.000000
non decreasing  selectivity pen = 0.000000
Av. F = 0.012484
The fish mort penalty is 7694.360357
After call_penalties pen = 8240.461798606735
Length frequency data    253697.672069001
 tagfit before pooling 7725.093002651
  Empirical variance calculation: 8108.215630363
 tagfit pooling 100.911581159
 Tag data = 7826.004583810062
 Survey index term = -403.682926486214
Total func     269428.195177751826
finished fcomp
==============================================
 f eval 22
calling gradcalc
finished gradcalc
 5 alpha = 7.3787292659905068e+00
START
END
START
END

 - Final statistics:
298 variables; iteration 11; function evaluation 23
Function value   2.6942820e+05; maximum gradient component mag   9.14496e-01
Exit code = 1;  converg criter   1.00000e+00
Var   Value    Gradient   |Var   Value    Gradient   |Var   Value    Gradient   
  1 30.43515 -3.08951e-01 |  2 32.76638 -3.77712e-01 |  3 23.24049 -3.50949e-01
  4 20.51346 -3.80942e-01 |  5  1.85134  5.47745e-02 |  6  1.16550  4.77490e-02
  7  4.78616  2.64532e-02 |  8 15.31110 -4.76364e-02 |  9 22.43538 -9.37474e-02
 10 32.76129 -1.77971e-01 | 11 39.24329 -1.95552e-01 | 12 47.24554 -2.85514e-01
 13 49.25965 -4.05911e-01 | 14 25.28558 -1.62552e-01 | 15  2.97764 -1.02681e-01
 16 -1.01573 -2.37632e-01 | 17 -3.54626 -4.03924e-01 | 18-22.19451 -2.47236e-01
 19-19.62803 -3.17474e-01 | 20-25.25209 -3.02509e-01 | 21-31.78244 -2.76681e-01
 22-31.40718 -2.50833e-01 | 23-35.52013 -1.32367e-01 | 24-46.56916 -4.25904e-02
 25-39.88057 -2.01342e-02 | 26-25.78438  3.25366e-02 | 27-11.16508  1.37726e-01
 28  6.17172  2.32161e-01 | 29 11.50742  3.94956e-01 | 30 67.82498  8.24479e-01
 31 38.61527  7.14460e-01 | 32 35.24520  6.58314e-01 | 33 31.05126  5.09051e-01
 34 25.16325  3.07763e-01 | 35 17.43294  1.14155e-01 | 36 15.25915 -1.29115e-01
 37 -2.63075 -1.63863e-01 | 38-39.72771 -3.29029e-02 | 39-32.35871 -5.66729e-02
 40 -8.80709 -1.90281e-01 | 41  0.17183 -2.07219e-01 | 42 -1.52234 -5.29785e-02
 43  7.21112 -4.67893e-03 | 44 19.11954 -3.59497e-02 | 45 -8.00901  1.36617e-01
 46  0.20775  1.93949e-01 | 47 22.97477  3.31668e-01 | 48 34.02959  4.23229e-01
 49  7.43511  2.21159e-01 | 50-14.78872  6.20019e-02 | 51-17.28749 -7.12196e-02
 52 -8.31231 -3.08364e-01 | 53-17.07806 -3.05663e-01 | 54-35.46212 -1.57883e-01
FMIN time = 4.1999999999999996e-04
Making a copy of an unallocated dvector
Making a copy of an unallocated dvector
Making a copy of an unallocated dvector
Making a copy of an unallocated dvector
Making a copy of an unallocated dvector
Error reading from file simulated_numbers_at_age
Warning -- number of simulations in file simyears is different from the number of simulations being done
Doing simulation 1 of 1
AA ubd -2.0000000000000001e-01
BB ubd -2.0000000000000001e-01
1.1000000000000000e+01 1.9900000000000000e+02
 VV Here 1.5545664676807492e+01
putting in kludge for nya=0 setting it equal to 1
PPPPP   Tot mort penalty 6.7635923247954011e+01  Zmax_flag = 0
need to check out nya=0 case 
VVVV!!! implicit_catch_effort_relationship regression penalty= 0.0000000000000000e+00
HERE
Avoided move
BBBBBBBBBBBBBB
After no_penalties pen = 0.000000000000e+00
After good_penalties pen = 0.000000000000e+00
 q0 penalty = 3.021405370573e+02
fishery initial population curvature penalty = 2.710624704845e+00
fishery recruitment trend penalty = 2.574425900043e-01
tmp4 = 129.779993
fishery recruitment trend penalty = 0.257443
 after recruitment trend penalty  = 130.037436
fishery recruitment curv penalty = 6.322989
selmean pen = 0.000000
dome selectivity pen = 0.000000
non decreasing  selectivity pen = 0.000000
Av. F = 0.012484
The fish mort penalty is 7694.360357
After call_penalties pen = 8240.461798606735
Length frequency data    253697.672069001
 tagfit before pooling 7725.093002651
  Empirical variance calculation: 8108.215630363
 tagfit pooling 100.911581159
 Tag data = 7826.004583810062
 Estimated CPUE sigma for grouped fisheries  29 30 31 32 33 is : 0.147342086551
 Survey index term = -403.682926486214
Total func     269428.195177751826
===== Printing to 01.par
===== 01.par finished
===== Printing to 01.par1
===== 01.par1 finished
finished fcomp
===== newl3.cpp,  setting quit_flag = 0
===== newl3, returned printing fcomp
11.000000000000 199.000000000000
 VV Here 15.545664676807
putting in kludge for nya=0 setting it equal to 1
PPPPP   Tot mort penalty 67.635923247954  Zmax_flag = 0
need to check out nya=0 case 
VVVV!!! implicit_catch_effort_relationship regression penalty= 0.000000000000
HERE
Avoided move
Error trying to open selblocks.dat 
calling fsh.set_shark_no_vonb_var_control_switches
Starting phase 2 ... enter a character
A ubd -0.200000000000
B ubd -0.200000000000
A ubd -0.200000000000
B ubd -0.200000000000
 1 alpha = 1.0000000000000000e+00
FMIN time = 1.0899999999999999e-04
AA ubd -2.0000000000000001e-01
BB ubd -2.0000000000000001e-01
1.1000000000000000e+01 1.9900000000000000e+02
 VV Here 1.5545664676807503e+01
putting in kludge for nya=0 setting it equal to 1
PPPPP   Tot mort penalty 6.7635923247945868e+01  Zmax_flag = 0
need to check out nya=0 case 
VVVV!!! implicit_catch_effort_relationship regression penalty= 0.0000000000000000e+00
Avoided move
BBBBBBBBBBBBBB
After no_penalties pen = 0.000000000000e+00
After good_penalties pen = 0.000000000000e+00
 q0 penalty = 3.021405370573e+01
fishery initial population curvature penalty = 2.710624704845e+00
fishery recruitment trend penalty = 2.574425900043e-02
tmp4 = 14.250042
selmean pen = 0.000000
dome selectivity pen = 0.000000
non decreasing  selectivity pen = 0.000000
Av. F = 0.012484
The fish mort penalty is 7694.360357
After call_penalties pen = 7852.773666025508
Length frequency data    253697.672069001
 tagfit before pooling 7725.093002651
  Empirical variance calculation: 8108.215630363
 tagfit pooling 100.911581159
 Tag data = 7826.004583810071
 Survey index term = -403.682926486201
Total func     269040.507046821236
finished fcomp
==============================================
 f eval 0
calling gradcalc
finished gradcalc

Initial statistics: 468 variables; iteration 0; function evaluation 0
Function value   2.6904051e+05; maximum gradient component mag   2.53108e+01
    1  3.19802e+02 1.80530e+01 :     2  3.19802e+02 8.96231e+00 :     3  3.19802e+02 -1.20761e+01 :     4  3.19802e+02 -8.55346e+00
    5  3.19802e+02 -6.38570e+00 :     6  3.19802e+02 1.00317e+01 :     7  3.19802e+02 9.67222e+00 :     8  3.19802e+02 -8.71002e-01
    9  3.19802e+02 -7.62725e+00 :    10  3.19802e+02 -1.12057e+01 :    11  3.19802e+02 1.00108e+01 :    12  3.19802e+02 7.09436e+00
   13  3.19802e+02 -4.22255e+00 :    14  3.19802e+02 -7.09354e+00 :    15  3.19802e+02 -5.78910e+00 :    16  3.19802e+02 9.71188e+00
   17  3.19802e+02 4.85103e+00 :    18  3.19802e+02 -4.61420e+00 :    19  3.19802e+02 -6.01505e+00 :    20  3.19802e+02 -3.93366e+00
   21  3.19802e+02 8.43998e-01 :    22  3.19802e+02 1.89938e+00 :    23  3.19802e+02 2.36614e+00 :    24  3.19802e+02 -1.77820e+00
   25  3.19802e+02 -3.33131e+00 :    26  3.19802e+02 3.23897e+00 :    27  3.19802e+02 2.43639e+00 :    28  3.19802e+02 -3.52194e+00
   29  3.19802e+02 -3.28273e+00 :    30  3.19802e+02 1.12932e+00 :    31  3.19802e+02 1.34626e+01 :    32  3.19802e+02 1.49834e+01
   33  3.19802e+02 -2.16245e-01 :    34  3.19802e+02 -1.61924e+01 :    35  3.19802e+02 -1.20374e+01 :    36  3.19802e+02 2.70694e+00
   37  3.19802e+02 4.49433e+00 :    38  3.19802e+02 2.80624e+00 :    39  3.19802e+02 -3.08054e+00 :    40  3.19802e+02 -6.92697e+00
   41  3.19802e+02 9.01963e+00 :    42  3.19802e+02 1.34091e+01 :    43  3.19802e+02 4.88462e+00 :    44  3.19802e+02 -1.53722e+01
   45  3.19802e+02 -1.19412e+01 :    46  3.19802e+02 1.39337e+00 :    47  3.19802e+02 1.09798e+00 :    48  3.19802e+02 -3.16872e-01
   49  3.19802e+02 -1.23436e+00 :    50  3.19802e+02 -9.40119e-01 :    51  3.19802e+02 9.65141e+00 :    52  3.19802e+02 1.04115e+01
   53  3.19802e+02 -3.97498e+00 :    54  3.19802e+02 -1.10663e+01 :    55  3.19802e+02 -5.02156e+00 :    56  3.19802e+02 -1.45548e+00
   57  3.19802e+02 -5.95604e-01 :    58  3.19802e+02 -2.53868e-02 :    59  3.19802e+02 9.47206e-01 :    60  3.19802e+02 1.12926e+00
   61  3.19802e+02 3.91613e-01 :    62  3.19802e+02 -5.12569e+00 :    63  3.19802e+02 -1.49449e+00 :    64  3.19802e+02 2.33605e+00
   65  3.19802e+02 3.89253e+00 :  2 alpha = 5.8310882999542990e+01
FMIN time = 4.4200000000000001e-04
AA ubd -2.0000000000000001e-01
BB ubd -2.0000000000000001e-01
1.1000000000000000e+01 1.9900000000000000e+02
 VV Here 1.5544382308155861e+01
putting in kludge for nya=0 setting it equal to 1
PPPPP   Tot mort penalty 1.4086387715906213e+02  Zmax_flag = 1
need to check out nya=0 case 
VVVV!!! implicit_catch_effort_relationship regression penalty= 0.0000000000000000e+00
Avoided move
BBBBBBBBBBBBBB
After no_penalties pen = 0.000000000000e+00
After good_penalties pen = 0.000000000000e+00
 q0 penalty = 3.021405370573e+01
fishery initial population curvature penalty = 2.705445601964e+00
fishery recruitment trend penalty = 2.839533406165e-02
tmp4 = 14.270629
selmean pen = 7.585496
dome selectivity pen = 0.000000
non decreasing  selectivity pen = 0.001785
Av. F = 0.013890
The fish mort penalty is 7113.851802
After call_penalties pen = 7279.136146000933
Length frequency data    246397.447929113
 tagfit before pooling 7576.084740158
  Empirical variance calculation: 7608.792344902
 tagfit pooling 97.851127305
 Tag data = 7673.935867463111
 Survey index term = -504.206829687750
Total func     260987.280003147112
finished fcomp
==============================================
 f eval 0
calling gradcalc
finished gradcalc
 3 alpha = 2.8996177610355356e+00
FMIN time = 2.9000000000000000e-05
AA ubd -2.0000000000000001e-01
BB ubd -2.0000000000000001e-01
1.1000000000000000e+01 1.9900000000000000e+02
 VV Here 1.5540664339283520e+01
putting in kludge for nya=0 setting it equal to 1
PPPPP   Tot mort penalty 3.5913031927812379e+04  Zmax_flag = 1
need to check out nya=0 case 
VVVV!!! implicit_catch_effort_relationship regression penalty= 0.0000000000000000e+00
Avoided move
BBBBBBBBBBBBBB
After no_penalties pen = 0.000000000000e+00
After good_penalties pen = 0.000000000000e+00
 q0 penalty = 3.021405370573e+01
fishery initial population curvature penalty = 2.692567772450e+00
fishery recruitment trend penalty = 3.677746093500e-02
tmp4 = 14.351144
selmean pen = 1254.124807
dome selectivity pen = 0.000000
non decreasing  selectivity pen = 0.107623
Av. F = 0.021522
The fish mort penalty is 4969.562148
After call_penalties pen = 6379.776926384692
Length frequency data    235867.402229967
 tagfit before pooling 7419.088598724
  Empirical variance calculation: 6368.157644048
 tagfit pooling 82.453668404
 Tag data = 7501.542267127954
 Survey index term = 152.426799856285
Total func     285814.279427635134
finished fcomp
==============================================
 f eval 1
calling gradcalc
finished gradcalc
 4 alpha = 1.3123429462349756e+00
FMIN time = 3.6999999999999998e-05
AA ubd -2.0000000000000001e-01
BB ubd -2.0000000000000001e-01
1.1000000000000000e+01 1.9900000000000000e+02
 VV Here 1.5542699511228045e+01
putting in kludge for nya=0 setting it equal to 1
PPPPP   Tot mort penalty 1.1400950831252787e+03  Zmax_flag = 1
need to check out nya=0 case 
VVVV!!! implicit_catch_effort_relationship regression penalty= 0.0000000000000000e+00
Avoided move
BBBBBBBBBBBBBB
After no_penalties pen = 0.000000000000e+00
After good_penalties pen = 0.000000000000e+00
 q0 penalty = 3.021405370573e+01
fishery initial population curvature penalty = 2.699223100725e+00
fishery recruitment trend penalty = 3.206165968017e-02
tmp4 = 14.303233
selmean pen = 190.236396
dome selectivity pen = 0.000000
non decreasing  selectivity pen = 0.022237
Av. F = 0.016560
The fish mort penalty is 6206.738800
After call_penalties pen = 6553.809606976914
Length frequency data    239933.495754823
 tagfit before pooling 7454.278400677
  Empirical variance calculation: 7005.138792049
 tagfit pooling 91.929689067
 Tag data = 7546.208089743745
 Survey index term = -396.448603974131
Total func     254777.261507882824
finished fcomp
==============================================
 f eval 2
calling gradcalc
finished gradcalc
 5 alpha = 2.3123429462349758e+00
START
END
START
END
 2 alpha = 1.1216775115820778e+00
FMIN time = 1.0490000000000000e-03
AA ubd -2.0000000000000001e-01
BB ubd -2.0000000000000001e-01
1.1000000000000000e+01 1.9900000000000000e+02
 VV Here 1.5761308399548305e+01
putting in kludge for nya=0 setting it equal to 1
PPPPP   Tot mort penalty 1.1091903855405710e+02  Zmax_flag = 0
need to check out nya=0 case 
VVVV!!! implicit_catch_effort_relationship regression penalty= 0.0000000000000000e+00
Avoided move
BBBBBBBBBBBBBB
After no_penalties pen = 0.000000000000e+00
After good_penalties pen = 0.000000000000e+00
 q0 penalty = 3.021405370573e+01
fishery initial population curvature penalty = 2.450755942037e+00
fishery recruitment trend penalty = 3.288800283086e-01
tmp4 = 15.718801
selmean pen = 3806.786555
dome selectivity pen = 0.000000
non decreasing  selectivity pen = 0.444516
Av. F = 0.014771
The fish mort penalty is 6789.320047
After call_penalties pen = 10753.595712341812
Length frequency data    233255.956029202
 tagfit before pooling 7379.946995029
  Empirical variance calculation: 5678.737730823
 tagfit pooling 98.445951983
 Tag data = 7478.392947011877
 Survey index term = 343.054303151104
Total func     251942.020282103244
finished fcomp
==============================================
 f eval 3
calling gradcalc
finished gradcalc
 4 alpha = 5.0625020705177914e-01
FMIN time = 2.9999999999999997e-05
AA ubd -2.0000000000000001e-01
BB ubd -2.0000000000000001e-01
1.1000000000000000e+01 1.9900000000000000e+02
 VV Here 1.5653365344140033e+01
putting in kludge for nya=0 setting it equal to 1
PPPPP   Tot mort penalty 4.2592793885745458e+01  Zmax_flag = 0
need to check out nya=0 case 
VVVV!!! implicit_catch_effort_relationship regression penalty= 0.0000000000000000e+00
Avoided move
BBBBBBBBBBBBBB
After no_penalties pen = 0.000000000000e+00
After good_penalties pen = 0.000000000000e+00
 q0 penalty = 3.021405370573e+01
fishery initial population curvature penalty = 2.570193746231e+00
fishery recruitment trend penalty = 4.034744507253e-02
tmp4 = 14.760232
selmean pen = 1218.956402
dome selectivity pen = 0.000000
non decreasing  selectivity pen = 0.144135
Av. F = 0.015242
The fish mort penalty is 6626.696455
After call_penalties pen = 8002.118849002609
Length frequency data    234801.750375740
 tagfit before pooling 7335.981752805
  Empirical variance calculation: 6288.653401228
 tagfit pooling 100.883035288
 Tag data = 7436.864788092149
 Survey index term = -416.923629200612
Total func     249866.505117033143
finished fcomp
==============================================
 f eval 4
calling gradcalc
finished gradcalc
 5 alpha = 5.0625020705177914e-01
START
END
START
END
 2 alpha = 4.2288400963500292e+00
FMIN time = 1.0039999999999999e-03
AA ubd -2.0000000000000001e-01
BB ubd -2.0000000000000001e-01
1.1000000000000000e+01 1.9900000000000000e+02
 VV Here 1.5657777172060095e+01
putting in kludge for nya=0 setting it equal to 1
PPPPP   Tot mort penalty 2.2493283521673433e+02  Zmax_flag = 1
need to check out nya=0 case 
VVVV!!! implicit_catch_effort_relationship regression penalty= 0.0000000000000000e+00
Avoided move
BBBBBBBBBBBBBB
After no_penalties pen = 0.000000000000e+00
After good_penalties pen = 0.000000000000e+00
 q0 penalty = 3.021405370573e+01
fishery initial population curvature penalty = 2.441832406755e+00
fishery recruitment trend penalty = 8.791499427521e-02
tmp4 = 14.378343
selmean pen = 1536.696703
dome selectivity pen = 0.000000
non decreasing  selectivity pen = 0.250898
Av. F = 0.017482
The fish mort penalty is 5939.692317
After call_penalties pen = 7632.252346669122
Length frequency data    233237.430562267
 tagfit before pooling 7222.362924845
  Empirical variance calculation: 5854.337426413
 tagfit pooling 96.889672200
 Tag data = 7319.252597044863
 Survey index term = -414.323411860324
Total func     247999.646093877585
finished fcomp
==============================================
 f eval 5
calling gradcalc
finished gradcalc
 3 alpha = 1.3158711083849022e+00
FMIN time = 2.9999999999999997e-05
AA ubd -2.0000000000000001e-01
BB ubd -2.0000000000000001e-01
1.1000000000000000e+01 1.9900000000000000e+02
 VV Here 1.5663584746245999e+01
putting in kludge for nya=0 setting it equal to 1
PPPPP   Tot mort penalty 1.8435546509852797e+03  Zmax_flag = 1
need to check out nya=0 case 
VVVV!!! implicit_catch_effort_relationship regression penalty= 0.0000000000000000e+00
Avoided move
BBBBBBBBBBBBBB
After no_penalties pen = 0.000000000000e+00
After good_penalties pen = 0.000000000000e+00
 q0 penalty = 3.021405370573e+01
fishery initial population curvature penalty = 2.289515544480e+00
fishery recruitment trend penalty = 1.788067151433e-01
tmp4 = 13.977734
selmean pen = 2219.689648
dome selectivity pen = 0.000000
non decreasing  selectivity pen = 0.463821
Av. F = 0.020832
The fish mort penalty is 5115.878844
After call_penalties pen = 7490.984811957135
Length frequency data    231810.086115463
 tagfit before pooling 7107.752701664
  Empirical variance calculation: 5318.318331826
 tagfit pooling 91.713568358
 Tag data = 7199.466270021663
 Survey index term = -350.903521378899
Total func     247993.288355974597
finished fcomp
==============================================
 f eval 6
calling gradcalc
finished gradcalc
 4 alpha = 7.0747085061596571e-01
FMIN time = 3.3000000000000003e-05
AA ubd -2.0000000000000001e-01
BB ubd -2.0000000000000001e-01
1.1000000000000000e+01 1.9900000000000000e+02
 VV Here 1.5660899270216550e+01
putting in kludge for nya=0 setting it equal to 1
PPPPP   Tot mort penalty 7.4366532944326195e+02  Zmax_flag = 1
need to check out nya=0 case 
VVVV!!! implicit_catch_effort_relationship regression penalty= 0.0000000000000000e+00
Avoided move
BBBBBBBBBBBBBB
After no_penalties pen = 0.000000000000e+00
After good_penalties pen = 0.000000000000e+00
 q0 penalty = 3.021405370573e+01
fishery initial population curvature penalty = 2.357594772432e+00
fishery recruitment trend penalty = 1.327624483459e-01
tmp4 = 14.148569
selmean pen = 1861.619237
dome selectivity pen = 0.000000
non decreasing  selectivity pen = 0.354022
Av. F = 0.019243
The fish mort penalty is 5480.962626
After call_penalties pen = 7498.154954559066
Length frequency data    232388.965521425
 tagfit before pooling 7155.275076932
  Empirical variance calculation: 5560.665778207
 tagfit pooling 94.040069020
 Tag data = 7249.315145952185
 Survey index term = -390.729833831204
Total func     247489.471685529978
finished fcomp
==============================================
 f eval 7
calling gradcalc
finished gradcalc
 5 alpha = 1.7074708506159657e+00
START
END
START
END
 2 alpha = 1.6974145208893394e+00
FMIN time = 9.6699999999999998e-04
AA ubd -2.0000000000000001e-01
BB ubd -2.0000000000000001e-01
1.1000000000000000e+01 1.9900000000000000e+02
 VV Here 1.5660087321397363e+01
putting in kludge for nya=0 setting it equal to 1
PPPPP   Tot mort penalty 3.8766593816627966e+02  Zmax_flag = 1
need to check out nya=0 case 
VVVV!!! implicit_catch_effort_relationship regression penalty= 0.0000000000000000e+00
Avoided move
BBBBBBBBBBBBBB
After no_penalties pen = 0.000000000000e+00
After good_penalties pen = 0.000000000000e+00
 q0 penalty = 3.021405370573e+01
fishery initial population curvature penalty = 2.237286898256e+00
fishery recruitment trend penalty = 1.840815750795e-01
tmp4 = 13.778181
selmean pen = 1368.233119
dome selectivity pen = 0.000000
non decreasing  selectivity pen = 0.421475
Av. F = 0.020059
The fish mort penalty is 5288.331533
After call_penalties pen = 6812.041721595677
Length frequency data    231284.205499394
 tagfit before pooling 7147.871572198
  Empirical variance calculation: 5100.645995917
 tagfit pooling 94.777005320
 Tag data = 7242.648577517512
 Survey index term = -431.429145064233
Total func     245295.234927852667
finished fcomp
==============================================
 f eval 8
calling gradcalc
finished gradcalc
 3 alpha = 1.3802210024610393e+00
FMIN time = 3.6999999999999998e-05
AA ubd -2.0000000000000001e-01
BB ubd -2.0000000000000001e-01
1.1000000000000000e+01 1.9900000000000000e+02
 VV Here 1.5658972824642918e+01
putting in kludge for nya=0 setting it equal to 1
PPPPP   Tot mort penalty 2.5296320980134502e+02  Zmax_flag = 1
need to check out nya=0 case 
VVVV!!! implicit_catch_effort_relationship regression penalty= 0.0000000000000000e+00
Avoided move
BBBBBBBBBBBBBB
After no_penalties pen = 0.000000000000e+00
After good_penalties pen = 0.000000000000e+00
 q0 penalty = 3.021405370573e+01
fishery initial population curvature penalty = 2.099924412643e+00
fishery recruitment trend penalty = 2.700196357068e-01
tmp4 = 13.523149
selmean pen = 1131.176759
dome selectivity pen = 0.000000
non decreasing  selectivity pen = 0.563386
Av. F = 0.021057
The fish mort penalty is 5067.327414
After call_penalties pen = 6354.339768450307
Length frequency data    230447.031665349
 tagfit before pooling 7177.442496522
  Empirical variance calculation: 4529.601844739
 tagfit pooling 96.132001003
 Tag data = 7273.574497525096
 Survey index term = -298.210072591047
Total func     244029.802993557794
finished fcomp
==============================================
 f eval 9
calling gradcalc
finished gradcalc
 5 alpha = 2.3802210024610391e+00
START
END
START
END
 2 alpha = 4.7200341704655289e+00
FMIN time = 1.0100000000000000e-03
AA ubd -2.0000000000000001e-01
BB ubd -2.0000000000000001e-01
1.1000000000000000e+01 1.9900000000000000e+02
 VV Here 1.5644472676764819e+01
putting in kludge for nya=0 setting it equal to 1
PPPPP   Tot mort penalty 3.6107535586668291e+02  Zmax_flag = 1
need to check out nya=0 case 
VVVV!!! implicit_catch_effort_relationship regression penalty= 0.0000000000000000e+00
Avoided move
BBBBBBBBBBBBBB
After no_penalties pen = 0.000000000000e+00
After good_penalties pen = 0.000000000000e+00
 q0 penalty = 3.021405370573e+01
fishery initial population curvature penalty = 2.131738480330e+00
fishery recruitment trend penalty = 2.968297906587e-01
tmp4 = 12.963108
selmean pen = 723.344707
dome selectivity pen = 0.000000
non decreasing  selectivity pen = 0.517818
Av. F = 0.022266
The fish mort penalty is 4819.064421
After call_penalties pen = 5697.979479226976
Length frequency data    230084.553123167
 tagfit before pooling 7138.402187735
  Empirical variance calculation: 4300.598624035
 tagfit pooling 91.236888740
 Tag data = 7229.639076474910
 Survey index term = -441.536609659576
Total func     242931.814542459149
finished fcomp
==============================================
 f eval 10
calling gradcalc
finished gradcalc
 3 alpha = 9.1369590206419460e-01
FMIN time = 2.6999999999999999e-05
AA ubd -2.0000000000000001e-01
BB ubd -2.0000000000000001e-01
1.1000000000000000e+01 1.9900000000000000e+02
 VV Here 1.5631225523605144e+01
putting in kludge for nya=0 setting it equal to 1
PPPPP   Tot mort penalty 7.1298934355634162e+02  Zmax_flag = 1
need to check out nya=0 case 
VVVV!!! implicit_catch_effort_relationship regression penalty= 0.0000000000000000e+00
Avoided move
BBBBBBBBBBBBBB
After no_penalties pen = 0.000000000000e+00
After good_penalties pen = 0.000000000000e+00
 q0 penalty = 3.021405370573e+01
fishery initial population curvature penalty = 2.162753345630e+00
fishery recruitment trend penalty = 3.228255001905e-01
tmp4 = 12.523808
selmean pen = 632.217648
dome selectivity pen = 0.000000
non decreasing  selectivity pen = 0.489413
Av. F = 0.023441
The fish mort penalty is 4596.062438
After call_penalties pen = 5383.745040900523
Length frequency data    229929.125475544
 tagfit before pooling 7126.413504175
  Empirical variance calculation: 4107.615926092
 tagfit pooling 86.241204818
 Tag data = 7212.654708993260
 Survey index term = -531.450759995094
Total func     242707.168017417251
finished fcomp
==============================================
 f eval 11
calling gradcalc
finished gradcalc
 5 alpha = 1.9136959020641946e+00
START
END
START
END

Intermediate statistics: 468 variables; iteration 5; function evaluation 12
Function value   2.4270717e+05; maximum gradient component mag  -2.36362e+01
    1  1.70108e+02 1.05959e+00 :     2  2.57982e+02 3.03712e-01 :     3  3.55678e+02 -3.40196e-01 :     4  3.28602e+02 -3.04578e-01
    5  3.55476e+02 2.09737e+00 :     6  2.09265e+02 1.50441e+00 :     7  2.26498e+02 6.12026e-01 :     8  3.32781e+02 1.17871e+00
    9  3.53636e+02 2.26219e+00 :    10  3.69923e+02 6.14550e-01 :    11  2.05150e+02 1.56536e+00 :    12  2.34875e+02 7.90806e-01
   13  3.45239e+02 1.59155e+00 :    14  3.65359e+02 3.19357e+00 :    15  3.62740e+02 1.82698e+00 :    16  2.16168e+02 1.40749e+00
   17  2.91712e+02 -4.37058e-01 :    18  3.48624e+02 1.57963e+00 :    19  3.43287e+02 9.45917e-01 :    20  3.45001e+02 4.06165e-01
   21  2.99089e+02 1.29235e+00 :    22  2.85587e+02 1.37845e+00 :    23  2.81984e+02 1.34918e+00 :    24  3.45707e+02 4.61866e-01
   25  3.69798e+02 9.62049e-01 :    26  2.70579e+02 1.57101e+00 :    27  2.83263e+02 9.75561e-01 :    28  3.59749e+02 1.15500e+00
   29  3.59570e+02 9.82470e-01 :    30  3.02557e+02 5.86281e-01 :    31  1.97832e+02 1.42983e+00 :    32  2.25853e+02 3.37021e-01
   33  3.27445e+02 2.04524e+00 :    34  3.55070e+02 -1.85031e+00 :    35  3.41259e+02 -3.23554e+00 :    36  2.72231e+02 1.63033e+00
   37  2.60600e+02 1.16343e+00 :    38  2.91066e+02 1.77832e-01 :    39  3.50827e+02 1.04845e+00 :    40  3.80698e+02 3.16628e+00
   41  2.20689e+02 1.71954e+00 :    42  2.04668e+02 1.07208e+00 :    43  2.73883e+02 -5.20928e-02 :    44  3.78330e+02 3.61224e-01
   45  3.55603e+02 4.76470e-01 :    46  2.92751e+02 1.28127e+00 :    47  2.99429e+02 9.67442e-01 :    48  3.24964e+02 1.10846e-01
   49  3.40760e+02 -2.85970e-01 :    50  3.36792e+02 -3.92943e-01 :    51  2.14113e+02 1.61465e+00 :    52  2.16942e+02 8.66976e-01
   53  3.38034e+02 1.46993e+00 :    54  3.75718e+02 2.81843e+00 :    55  3.45816e+02 1.98247e-01 :    56  3.41374e+02 -3.71029e-01
   57  3.28688e+02 -1.84757e-01 :    58  3.20118e+02 8.77559e-02 :    59  3.04168e+02 7.05592e-01 :    60  3.01634e+02 7.47090e-01
   61  3.04583e+02 1.07427e+00 :    62  3.78558e+02 1.97606e+00 :    63  3.34249e+02 9.95425e-01 :    64  2.88595e+02 5.45389e-01
   65  2.65846e+02 1.30654e+00 :  2 alpha = 1.3830844900661285e+00
FMIN time = 1.3250000000000000e-03
AA ubd -2.0000000000000001e-01
BB ubd -2.0000000000000001e-01
1.1000000000000000e+01 1.9900000000000000e+02
 VV Here 1.5641002810922508e+01
putting in kludge for nya=0 setting it equal to 1
PPPPP   Tot mort penalty 2.8922503671571479e+02  Zmax_flag = 1
need to check out nya=0 case 
VVVV!!! implicit_catch_effort_relationship regression penalty= 0.0000000000000000e+00
Avoided move
BBBBBBBBBBBBBB
After no_penalties pen = 0.000000000000e+00
After good_penalties pen = 0.000000000000e+00
 q0 penalty = 3.021405370573e+01
fishery initial population curvature penalty = 2.253100203991e+00
fishery recruitment trend penalty = 3.912117422386e-01
tmp4 = 12.346477
selmean pen = 473.971958
dome selectivity pen = 0.000000
non decreasing  selectivity pen = 0.389063
Av. F = 0.023029
The fish mort penalty is 4672.268550
After call_penalties pen = 5301.844805668046
Length frequency data    229541.766054599
 tagfit before pooling 7079.755431415
  Empirical variance calculation: 4031.623335783
 tagfit pooling 91.071942911
 Tag data = 7170.827374326684
 Survey index term = -516.263306890677
Total func     241787.503442075395
finished fcomp
==============================================
 f eval 12
calling gradcalc
finished gradcalc
 5 alpha = 1.0000000000000000e+00
START
END
START
END
 2 alpha = 2.2850898588664021e+00
FMIN time = 9.5199999999999994e-04
AA ubd -2.0000000000000001e-01
BB ubd -2.0000000000000001e-01
1.1000000000000000e+01 1.9900000000000000e+02
 VV Here 1.5646355106075276e+01
putting in kludge for nya=0 setting it equal to 1
PPPPP   Tot mort penalty 3.5505241677595421e+02  Zmax_flag = 1
need to check out nya=0 case 
VVVV!!! implicit_catch_effort_relationship regression penalty= 0.0000000000000000e+00
Avoided move
BBBBBBBBBBBBBB
After no_penalties pen = 0.000000000000e+00
After good_penalties pen = 0.000000000000e+00
 q0 penalty = 3.021405370573e+01
fishery initial population curvature penalty = 2.228116517718e+00
fishery recruitment trend penalty = 4.834211627419e-01
tmp4 = 12.286075
selmean pen = 440.463081
dome selectivity pen = 0.000000
non decreasing  selectivity pen = 0.395313
Av. F = 0.023713
The fish mort penalty is 4546.640463
After call_penalties pen = 5143.157619131724
Length frequency data    228973.428364412
 tagfit before pooling 7069.638187817
  Empirical variance calculation: 3845.383754813
 tagfit pooling 92.563386756
 Tag data = 7162.201574572458
 Survey index term = -486.373809845853
Total func     241147.569610941253
finished fcomp
==============================================
 f eval 13
calling gradcalc
