member_id,arm,group_id,rep_hat,target_prop,penalty_wt,signed_dev,abs_dev,contribution,share_of_total,total_penalty,is_priored
1,include,1,0.252616726111087,0.5,1.0,-0.247383273888913,0.247383273888913,0.061198484199996954,0.0006454218911918166,94.81935000219728,False
1,include,6,0.438897871086862,0.5,1.0,-0.06110212891313799,0.06110212891313799,0.0037334701577177334,3.937455970359654e-05,94.81935000219728,False
1,include,7,0.515777638235011,0.4962,354.5,0.01957763823501102,0.01957763823501102,0.13587414923621222,0.001432979125390161,94.81935000219728,True
1,include,10,0.597987327933572,0.5121,739.2,0.08588732793357201,0.08588732793357201,5.45280718720136,0.057507325109009924,94.81935000219728,True
1,include,13,0.778421486409459,0.5,1.0,0.27842148640945896,0.27842148640945896,0.07751852409445255,0.0008175390792349471,94.81935000219728,False
1,include,14,0.500816409939551,0.4962,354.5,0.004616409939551036,0.004616409939551036,0.007554834838779895,7.967608761929737e-05,94.81935000219728,True
1,include,17,0.809647631421786,0.5121,739.2,0.297547631421786,0.297547631421786,65.44477111951733,0.6902048064872914,94.81935000219728,True
1,include,18,0.846064056553572,0.5282,231.2,0.31786405655357197,0.31786405655357197,23.35988351333768,0.2463619874297425,94.81935000219728,True
1,include,19,0.75036663902388,0.5,1.0,0.25036663902388,0.25036663902388,0.06268345393611384,0.0006610829322776548,94.81935000219728,False
1,include,20,0.220375954441657,0.5,1.0,-0.27962404555834297,0.27962404555834297,0.07818960685441427,0.0008246165666881533,94.81935000219728,False
1,include,23,0.600773069511072,0.5,1.0,0.10077306951107201,0.10077306951107201,0.01015521153868335,0.00010710062385418187,94.81935000219728,False
1,include,29,0.146474262203534,0.5,1.0,-0.353525737796466,0.353525737796466,0.12498044728453564,0.0013180901079963049,94.81935000219728,False
2,exclude,1,0.245383608638379,0.5,1.0,-0.254616391361621,0.254616391361621,0.06482950675001416,0.000721630699421236,89.83751218179725,False
2,exclude,6,0.674426172796461,0.5,1.0,0.174426172796461,0.174426172796461,0.03042448975642087,0.000338661312157144,89.83751218179725,False
2,exclude,7,0.674622335825264,0.4962,354.5,0.178422335825264,0.178422335825264,11.285340857116195,0.12561947212294702,89.83751218179725,True
2,exclude,10,0.580808881019583,0.5121,739.2,0.06870888101958295,0.06870888101958295,3.489696916648002,0.03884454090387288,89.83751218179725,True
2,exclude,13,0.542085960748082,0.5,1.0,0.04208596074808202,0.04208596074808202,0.0017712280920891004,1.9715907632268385e-05,89.83751218179725,False
2,exclude,14,0.499431112574793,0.4962,354.5,0.003231112574793027,0.003231112574793027,0.0037010113629644035,4.119672587855007e-05,89.83751218179725,True
2,exclude,17,0.762999992752251,0.5121,739.2,0.25089999275225106,0.25089999275225106,46.53323606358847,0.5179711117714696,89.83751218179725,True
2,exclude,18,0.874687147302763,0.5282,231.2,0.346487147302763,0.346487147302763,27.75633295847672,0.30896150488126123,89.83751218179725,True
2,exclude,19,0.989999988965524,0.5,1.0,0.489999988965524,0.489999988965524,0.24009998918621364,0.0026726028287642448,89.83751218179725,False
2,exclude,20,0.189749305752163,0.5,1.0,-0.310250694247837,0.310250694247837,0.09625549328126486,0.001071439880107989,89.83751218179725,False
2,exclude,23,0.989999998680579,0.5,1.0,0.489999998680579,0.489999998680579,0.2400999987069674,0.0026726029347417316,89.83751218179725,False
2,exclude,29,0.190607581166056,0.5,1.0,-0.30939241883394397,0.30939241883394397,0.09572366883191862,0.0010655200317458702,89.83751218179725,False
4,exclude,1,0.383107989288871,0.5,1.0,-0.11689201071112898,0.11689201071112898,0.013663742168090692,9.143807292244373e-05,149.43165063944483,False
4,exclude,6,0.85776502609439,0.5,1.0,0.35776502609439,0.35776502609439,0.12799581389631953,0.0008565508936600947,149.43165063944483,False
4,exclude,7,0.675444526402901,0.4962,354.5,0.179244526402901,0.179244526402901,11.389588786994398,0.07621938684513158,149.43165063944483,True
4,exclude,10,0.619489531088471,0.5121,739.2,0.10738953108847105,0.10738953108847105,8.52483241756733,0.05704837215601945,149.43165063944483,True
4,exclude,13,0.78111866745025,0.5,1.0,0.28111866745025005,0.28111866745025005,0.07902770518900427,0.000528855198017492,149.43165063944483,False
4,exclude,14,0.504028447775373,0.4962,354.5,0.00782844777537306,0.00782844777537306,0.021725388775683037,0.000145386795118144,149.43165063944483,True
4,exclude,17,0.849999238035065,0.5121,739.2,0.33789923803506505,0.33789923803506505,84.39882163180965,0.5647988312425912,149.43165063944483,True
4,exclude,18,0.965999653487233,0.5282,231.2,0.43779965348723304,0.43779965348723304,44.31376566042675,0.2965487262624766,149.43165063944483,True
4,exclude,19,0.989999978438934,0.5,1.0,0.48999997843893395,0.48999997843893395,0.24009997887015574,0.001606754511796697,149.43165063944483,False
4,exclude,20,0.239108528345146,0.5,1.0,-0.260891471654854,0.260891471654854,0.06806435998223548,0.0004554882428921576,149.43165063944483,False
4,exclude,23,0.989999998144367,0.5,1.0,0.489999998144367,0.489999998144367,0.24009999818147967,0.0016067546410285152,149.43165063944483,False
4,exclude,29,0.381825740604181,0.5,1.0,-0.11817425939581899,0.11817425939581899,0.013965155583750314,9.345513834579828e-05,149.43165063944483,False
5,include,1,0.226886634765277,0.5,1.0,-0.27311336523472296,0.27311336523472296,0.07459091026983518,0.0023542589742039694,31.683392136184224,False
5,include,6,0.331489435500274,0.5,1.0,-0.168510564499726,0.168510564499726,0.02839581034801632,0.0008962364328277433,31.683392136184224,False
5,include,7,0.525186371171466,0.4962,354.5,0.028986371171466074,0.028986371171466074,0.29785434350310486,0.00940096130562164,31.683392136184224,True
5,include,10,0.542810914471951,0.5121,739.2,0.030710914471950956,0.030710914471950956,0.6971840698864175,0.022004716757906544,31.683392136184224,True
5,include,13,0.449616346419402,0.5,1.0,-0.05038365358059799,0.05038365358059799,0.0025385125481297045,8.012123630002924e-05,31.683392136184224,False
5,include,14,0.50230898142452,0.4962,354.5,0.006108981424519988,0.006108981424519988,0.013229817358998678,0.00041756316060266406,31.683392136184224,True
5,include,17,0.691287255868484,0.5121,739.2,0.17918725586848405,0.17918725586848405,23.73428731446886,0.7491081514394718,31.683392136184224,True
5,include,18,0.693391848241827,0.5282,231.2,0.16519184824182698,0.16519184824182698,6.309065762947343,0.1991284814400297,31.683392136184224,True
5,include,19,0.461761340541296,0.5,1.0,-0.03823865945870403,0.03823865945870403,0.001462195077198735,4.615020610526186e-05,31.683392136184224,False
5,include,20,0.110319413243271,0.5,1.0,-0.389680586756729,0.389680586756729,0.1518509596950686,0.0047927620578746746,31.683392136184224,False
5,include,23,0.989999998464492,0.5,1.0,0.48999999846449205,0.48999999846449205,0.24009999849520222,0.0075781026685269115,31.683392136184224,False
5,include,29,0.135538147968748,0.5,1.0,-0.36446185203125203,0.36446185203125203,0.13283244158605026,0.004192494320529149,31.683392136184224,False
6,include,1,0.194507568292131,0.5,1.0,-0.305492431707869,0.305492431707869,0.093325625830787,0.004769478974469426,19.567258044400727,False
6,include,6,0.312385055031856,0.5,1.0,-0.18761494496814402,0.18761494496814402,0.03519936757539971,0.0017988911627540064,19.567258044400727,False
6,include,7,0.503843362725139,0.4962,354.5,0.007643362725138991,0.007643362725138991,0.02071024228368165,0.0010584131019628473,19.567258044400727,True
6,include,10,0.524219451782672,0.5121,739.2,0.012119451782672042,0.012119451782672042,0.10857451763004927,0.005548785495835909,19.567258044400727,True
6,include,13,0.41950848098256,0.5,1.0,-0.08049151901744,0.08049151901744,0.006478884633734906,0.00033110845776313934,19.567258044400727,False
6,include,14,0.499868203313451,0.4962,354.5,0.003668203313451024,0.003668203313451024,0.004770051162054234,0.00024377718897713462,19.567258044400727,True
6,include,17,0.645623143180552,0.5121,739.2,0.13352314318055203,0.13352314318055203,13.178775282150657,0.6735116004626837,19.567258044400727,True
6,include,18,0.683040429202125,0.5282,231.2,0.15484042920212504,0.15484042920212504,5.543149128783206,0.28328696418297644,19.567258044400727,True
6,include,19,0.363558534145055,0.5,1.0,-0.136441465854945,0.136441465854945,0.01861627360464612,0.0009513991977007358,19.567258044400727,False
6,include,20,0.0828495751999529,0.5,1.0,-0.4171504248000471,0.4171504248000471,0.17401447691085975,0.008893145708816106,19.567258044400727,False
6,include,23,0.98999999748428,0.5,1.0,0.48999999748428,0.48999999748428,0.24009999753459443,0.012270497838265096,19.567258044400727,False
6,include,29,0.121127730889343,0.5,1.0,-0.37887226911065697,0.37887226911065697,0.14354419630105808,0.007335938227795488,19.567258044400727,False
7,include,1,0.323512904455093,0.5,1.0,-0.176487095544907,0.176487095544907,0.03114769489387713,0.00038981891336316413,79.90298527372691,False
7,include,6,0.457615237699633,0.5,1.0,-0.042384762300366974,0.042384762300366974,0.0017964680752586095,2.2483115857365976e-05,79.90298527372691,False
7,include,7,0.538169298607315,0.4962,354.5,0.04196929860731502,0.04196929860731502,0.624424108071646,0.007814778208004755,79.90298527372691,True
7,include,10,0.580206961431909,0.5121,739.2,0.06810696143190897,0.06810696143190897,3.4288222181043873,0.04291231680966776,79.90298527372691,True
7,include,13,0.757171928450218,0.5,1.0,0.25717192845021797,0.25717192845021797,0.06613740078280403,0.0008277212741956316,79.90298527372691,False
7,include,14,0.506814676980902,0.4962,354.5,0.010614676980902016,0.010614676980902016,0.039941999746451906,0.0004998811947966771,79.90298527372691,True
7,include,17,0.771804304134308,0.5121,739.2,0.259704304134308,0.259704304134308,49.8563238730863,0.6239607156389897,79.90298527372691,True
7,include,18,0.859078745996807,0.5282,231.2,0.330878745996807,0.330878745996807,25.31194814051939,0.3167835100754649,79.90298527372691,True
7,include,19,0.801480023178554,0.5,1.0,0.30148002317855405,0.30148002317855405,0.09089020437574148,0.0011375069913142194,79.90298527372691,False
7,include,20,0.213525497842976,0.5,1.0,-0.28647450215702397,0.28647450215702397,0.08206764038611473,0.0010270910417798818,79.90298527372691,False
7,include,23,0.989999999001757,0.5,1.0,0.48999999900175695,0.48999999900175695,0.2400999990217218,0.0030048939748521467,79.90298527372691,False
7,include,29,0.14029800297577,0.5,1.0,-0.35970199702423,0.35970199702423,0.12938552666321917,0.0016192827617138197,79.90298527372691,False
8,include,1,0.237534948964306,0.5,1.0,-0.262465051035694,0.262465051035694,0.06888790301516946,0.0009472145264446089,72.72682279667075,False
8,include,6,0.362110258515237,0.5,1.0,-0.13788974148476302,0.13788974148476302,0.019013580806734775,0.00026143835349294494,72.72682279667075,False
8,include,7,0.523488901349429,0.4962,354.5,0.027288901349429073,0.027288901349429073,0.2639905265164701,0.0036298921960957013,72.72682279667075,True
8,include,10,0.57842145190409,0.5121,739.2,0.06632145190409,0.06632145190409,3.2513970591870947,0.0447069861456389,72.72682279667075,True
8,include,13,0.492141835335291,0.5,1.0,-0.007858164664709011,0.007858164664709011,6.175075189768128e-05,8.490780914535988e-07,72.72682279667075,False
8,include,14,0.497680143545701,0.4962,354.5,0.0014801435457010292,0.0014801435457010292,0.000776647432679607,1.0678968265270622e-05,72.72682279667075,True
8,include,17,0.769700829715055,0.5121,739.2,0.25760082971505505,0.25760082971505505,49.05197217773883,0.6744687900759541,72.72682279667075,True
8,include,18,0.820906355090945,0.5282,231.2,0.292706355090945,0.292706355090945,19.808524783816818,0.27236890080015436,72.72682279667075,True
8,include,19,0.597881734166882,0.5,1.0,0.09788173416688195,0.09788173416688195,0.009580833883516146,0.00013173728089706585,72.72682279667075,False
8,include,20,0.173820764730026,0.5,1.0,-0.326179235269974,0.326179235269974,0.10639289352130506,0.0014629113362858944,72.72682279667075,False
8,include,23,0.612468364894367,0.5,1.0,0.11246836489436696,0.11246836489436696,0.012649133102012473,0.00017392665615789172,72.72682279667075,False
8,include,29,0.134520168958378,0.5,1.0,-0.36547983104162196,0.36547983104162196,0.13357550689821254,0.001836674582521805,72.72682279667075,False
9,exclude,1,0.280384951352418,0.5,1.0,-0.21961504864758202,0.21961504864758202,0.04823076959247982,0.00047023351241699796,102.56769949162896,False
9,exclude,6,0.722606975126277,0.5,1.0,0.22260697512627703,0.22260697512627703,0.04955386537487092,0.0004831332439011684,102.56769949162896,False
9,exclude,7,0.664442257262865,0.4962,354.5,0.168242257262865,0.168242257262865,10.034284552196489,0.09783084345199178,102.56769949162896,True
9,exclude,10,0.589548432398616,0.5121,739.2,0.07744843239861599,0.07744843239861599,4.43391355619741,0.04322914112507011,102.56769949162896,True
9,exclude,13,0.590231695712736,0.5,1.0,0.09023169571273604,0.09023169571273604,0.008141758911195786,7.937936554636554e-05,102.56769949162896,False
9,exclude,14,0.502300012818316,0.4962,354.5,0.0061000128183160696,0.0061000128183160696,0.013191000437993417,0.00012860774399127474,102.56769949162896,True
9,exclude,17,0.783536561531795,0.5121,739.2,0.27143656153179496,0.27143656153179496,54.46263488724194,0.5309920682357402,102.56769949162896,True
9,exclude,18,0.906237595314663,0.5282,231.2,0.37803759531466297,0.37803759531466297,33.041352306562914,0.32214188745901995,102.56769949162896,True
9,exclude,19,0.713928270926516,0.5,1.0,0.213928270926516,0.213928270926516,0.04576530510160883,0.00044619607662492184,102.56769949162896,False
9,exclude,20,0.179041488778786,0.5,1.0,-0.320958511221214,0.320958511221214,0.10301436592533815,0.0010043548450040614,102.56769949162896,False
9,exclude,23,0.989999998541571,0.5,1.0,0.48999999854157095,0.48999999854157095,0.24009999857073952,0.0023408928908494747,102.56769949162896,False
9,exclude,29,0.204167064855912,0.5,1.0,-0.29583293514408804,0.29583293514408804,0.0875171255159662,0.0008532620498435659,102.56769949162896,False
10,exclude,1,0.38182869770629,0.5,1.0,-0.11817130229370998,0.11817130229370998,0.013964456685791386,0.0001245777857697633,112.09427587354618,False
10,exclude,6,0.793112913993562,0.5,1.0,0.293112913993562,0.293112913993562,0.08591518034979727,0.0007664546622052172,112.09427587354618,False
10,exclude,7,0.65733034379612,0.4962,354.5,0.16113034379612,0.16113034379612,9.203879136762891,0.08210837765833653,112.09427587354618,True
10,exclude,10,0.576159383024191,0.5121,739.2,0.06405938302419101,0.06405938302419101,3.0333844859028565,0.027061011476846728,112.09427587354618,True
10,exclude,13,0.662247356956673,0.5,1.0,0.16224735695667303,0.16224735695667303,0.026324204839426074,0.00023483986701624686,112.09427587354618,False
10,exclude,14,0.509767883510887,0.4962,354.5,0.013567883510887002,0.013567883510887002,0.0652590056210923,0.0005821796439874515,112.09427587354618,True
10,exclude,17,0.804987041285525,0.5121,739.2,0.292887041285525,0.292887041285525,63.41065977004934,0.5656904358040821,112.09427587354618,True
10,exclude,18,0.920664181398801,0.5282,231.2,0.392464181398801,0.392464181398801,35.61130450705436,0.3176906602013073,112.09427587354618,True
10,exclude,19,0.963513486636703,0.5,1.0,0.463513486636703,0.463513486636703,0.21484475229411304,0.0019166433845068049,112.09427587354618,False
10,exclude,20,0.22867488446328,0.5,1.0,-0.27132511553672,0.27132511553672,0.07361731832101447,0.0006567446709238064,112.09427587354618,False
10,exclude,23,0.989999999093969,0.5,1.0,0.48999999909396896,0.48999999909396896,0.2400999991120896,0.0021419470105944302,112.09427587354618,False
10,exclude,29,0.160849507514129,0.5,1.0,-0.33915049248587104,0.33915049248587104,0.11502305655340886,0.0010261278344236475,112.09427587354618,False
11,exclude,1,0.257307709621743,0.5,1.0,-0.24269229037825701,0.24269229037825701,0.058899547809044224,0.0004369348738903181,134.80166342554182,False
11,exclude,6,0.762072933823794,0.5,1.0,0.26207293382379404,0.26207293382379404,0.06868222264301073,0.0005095057501345123,134.80166342554182,False
11,exclude,7,0.660472767271178,0.4962,354.5,0.164272767271178,0.164272767271178,9.566374662726902,0.07096629536779361,134.80166342554182,True
11,exclude,10,0.616633014207114,0.5121,739.2,0.10453301420711403,0.10453301420711403,8.077350062978901,0.059920255119407,134.80166342554182,True
11,exclude,13,0.56157071180235,0.5,1.0,0.061570711802349964,0.061570711802349964,0.003790952551848037,2.8122446381694564e-05,134.80166342554182,False
11,exclude,14,0.500879902501402,0.4962,354.5,0.0046799025014020446,0.0046799025014020446,0.007764077291322021,5.7596301811294315e-05,134.80166342554182,True
11,exclude,17,0.839694040334373,0.5121,739.2,0.327594040334373,0.327594040334373,79.32935861011305,0.588489463662523,134.80166342554182,True
11,exclude,18,0.929041904610743,0.5282,231.2,0.400841904610743,0.400841904610743,37.147882552142995,0.27557436316549433,134.80166342554182,True
11,exclude,19,0.989999986999543,0.5,1.0,0.48999998699954295,0.48999998699954295,0.24009998725955226,0.0017811351963929758,134.80166342554182,False
11,exclude,20,0.266611307887724,0.5,1.0,-0.23338869211227597,0.23338869211227597,0.05447028160587875,0.00040407722146519067,134.80166342554182,False
11,exclude,23,0.989999998440776,0.5,1.0,0.489999998440776,0.489999998440776,0.2400999984719605,0.001781135279570052,134.80166342554182,False
11,exclude,29,0.416991145367763,0.5,1.0,-0.083008854632237,0.083008854632237,0.006890469947355855,5.111561513602412e-05,134.80166342554182,False
12,exclude,1,0.306547602269591,0.5,1.0,-0.193452397730409,0.193452397730409,0.03742383018764436,0.0002591721663782276,144.3975667241567,False
12,exclude,6,0.915341462222814,0.5,1.0,0.415341462222814,0.415341462222814,0.1725085302413852,0.0011946775430844276,144.3975667241567,False
12,exclude,7,0.659695411471645,0.4962,354.5,0.16349541147164504,0.16349541147164504,9.476050723374152,0.06562472580633089,144.3975667241567,True
12,exclude,10,0.611117193043008,0.5121,739.2,0.09901719304300804,0.09901719304300804,7.247415819791585,0.05019070600847697,144.3975667241567,True
12,exclude,13,0.82004825104505,0.5,1.0,0.32004825104504997,0.32004825104504997,0.10243088299699533,0.0007093670989115038,144.3975667241567,False
12,exclude,14,0.50146100858546,0.4962,354.5,0.005261008585460081,0.005261008585460081,0.009811925918712919,6.795077051025855e-05,144.3975667241567,True
12,exclude,17,0.857307582187031,0.5121,739.2,0.34520758218703096,0.34520758218703096,88.08918873172811,0.6100462128977927,144.3975667241567,True
12,exclude,18,0.937617819132526,0.5282,231.2,0.40941781913252595,0.40941781913252595,38.754426184091635,0.26838697537143674,144.3975667241567,True
12,exclude,19,0.989999996063856,0.5,1.0,0.489999996063856,0.489999996063856,0.24009999614257893,0.0016627703748030812,144.3975667241567,False
12,exclude,20,0.367741479715846,0.5,1.0,-0.13225852028415402,0.13225852028415402,0.01749231618775398,0.0001211399650602813,144.3975667241567,False
12,exclude,23,0.989999998565001,0.5,1.0,0.489999998565001,0.489999998565001,0.24009999859370096,0.0016627703917778964,144.3975667241567,False
12,exclude,29,0.39695736366713,0.5,1.0,-0.10304263633286997,0.10304263633286997,0.010617784902428096,7.353160543703134e-05,144.3975667241567,False
14,include,1,0.207964374796058,0.5,1.0,-0.292035625203942,0.292035625203942,0.08528480638825728,0.002055497495417468,41.491077745602446,False
14,include,6,0.28914531155512,0.5,1.0,-0.21085468844487998,0.21085468844487998,0.0444596996391874,0.001071548440167949,41.491077745602446,False
14,include,7,0.496214962497131,0.4962,354.5,1.4962497131010277e-05,1.4962497131010277e-05,7.936415558020148e-08,1.9128005318833425e-09,41.491077745602446,True
14,include,10,0.550407792534292,0.5121,739.2,0.03830779253429195,0.03830779253429195,1.0847663673741819,0.02614456953914999,41.491077745602446,True
14,include,13,0.462142177520856,0.5,1.0,-0.03785782247914399,0.03785782247914399,0.00143321472286238,3.4542721007392566e-05,41.491077745602446,False
14,include,14,0.49570807477771,0.4962,354.5,-0.0004919252222899684,0.0004919252222899684,8.578560542322485e-05,2.0675675370307077e-06,41.491077745602446,True
14,include,17,0.714136869051701,0.5121,739.2,0.20203686905170104,0.20203686905170104,30.173328260433532,0.7272244998174708,41.491077745602446,True
14,include,18,0.729939191814359,0.5282,231.2,0.20173919181435895,0.20173919181435895,9.409539790016158,0.22678465591348626,41.491077745602446,True
14,include,19,0.989999457228989,0.5,1.0,0.48999945722898897,0.48999945722898897,0.24009946808470378,0.00578677347348856,41.491077745602446,False
14,include,20,0.230334752003033,0.5,1.0,-0.269665247996967,0.269665247996967,0.07271934597726572,0.0017526502064645233,41.491077745602446,False
14,include,23,0.9899999984031,0.5,1.0,0.48999999840310005,0.48999999840310005,0.24009999843503804,0.0057867862557628,41.491077745602446,False
14,include,29,0.126823192626223,0.5,1.0,-0.373176807373777,0.373176807373777,0.13926092956168507,0.0033564066572468114,41.491077745602446,False
15,exclude,1,0.214991921471934,0.5,1.0,-0.285008078528066,0.285008078528066,0.08122960482626022,0.0021641674217909497,37.533882087107166,False
15,exclude,6,0.520590399968706,0.5,1.0,0.02059039996870604,0.02059039996870604,0.00042396457087128973,1.1295516138921344e-05,37.533882087107166,False
15,exclude,7,0.656823503198417,0.4962,354.5,0.160623503198417,0.160623503198417,9.14606801691495,0.2436749813325761,37.533882087107166,True
15,exclude,10,0.530951489770925,0.5121,739.2,0.01885148977092499,0.01885148977092499,0.26269591033836764,0.0069989006127507206,37.533882087107166,True
15,exclude,13,0.452486073351209,0.5,1.0,-0.047513926648791005,0.047513926648791005,0.002257573225586692,6.014760797583911e-05,37.533882087107166,False
15,exclude,14,0.503784509596559,0.4962,354.5,0.007584509596558986,0.007584509596558986,0.020392536573294703,0.0005433100825000862,37.533882087107166,True
15,exclude,17,0.673309918350335,0.5121,739.2,0.16120991835033505,0.16120991835033505,19.210801042926434,0.5118255819726496,37.533882087107166,True
15,exclude,18,0.717226019237405,0.5282,231.2,0.18902601923740503,0.18902601923740503,8.260969271348646,0.2200936543727854,37.533882087107166,True
15,exclude,19,0.484447432329499,0.5,1.0,-0.015552567670501005,0.015552567670501005,0.00024188236114551306,6.444373661753451e-06,37.533882087107166,False
15,exclude,20,0.104089053337305,0.5,1.0,-0.395910946662695,0.395910946662695,0.1567454776873513,0.0041761061998218715,37.533882087107166,False
15,exclude,23,0.989999998532615,0.5,1.0,0.489999998532615,0.489999998532615,0.2400999985619627,0.006396886898209677,37.533882087107166,False
15,exclude,29,0.110183623006562,0.5,1.0,-0.389816376993438,0.389816376993438,0.1519568077722902,0.004048523609138932,37.533882087107166,False
18,exclude,1,0.234120424123685,0.5,1.0,-0.265879575876315,0.265879575876315,0.07069194886816914,0.0009057194014015283,78.05060679806462,False
18,exclude,6,0.622882401597758,0.5,1.0,0.12288240159775798,0.12288240159775798,0.015100084622432675,0.0001934653072140767,78.05060679806462,False
18,exclude,7,0.65644805337692,0.4962,354.5,0.16024805337692005,0.16024805337692005,9.103360987632191,0.11663408346311438,78.05060679806462,True
18,exclude,10,0.570964304981647,0.5121,739.2,0.058864304981646964,0.058864304981646964,2.5613327315987595,0.03281630773512797,78.05060679806462,True
18,exclude,13,0.501087266992865,0.5,1.0,0.001087266992864988,0.001087266992864988,1.182149513773674e-06,1.5145936236372566e-08,78.05060679806462,False
18,exclude,14,0.500191864100091,0.4962,354.5,0.003991864100091003,0.003991864100091003,0.0056489500532295525,7.237547899973056e-05,78.05060679806462,True
18,exclude,17,0.742632468631247,0.5121,739.2,0.230532468631247,0.230532468631247,39.28494595370592,0.5033265923908237,78.05060679806462,True
18,exclude,18,0.866911091481792,0.5282,231.2,0.338711091481792,0.338711091481792,26.524467047532326,0.33983678200167483,78.05060679806462,True
18,exclude,19,0.575904312391271,0.5,1.0,0.07590431239127104,0.07590431239127104,0.0057614646395916635,7.381703840558133e-05,78.05060679806462,False
18,exclude,20,0.136874776970432,0.5,1.0,-0.363125223029568,0.363125223029568,0.1318599276002735,0.0016894157907244248,78.05060679806462,False
18,exclude,23,0.989999998391089,0.5,1.0,0.489999998391089,0.489999998391089,0.2400999984232672,0.0030762092477315734,78.05060679806462,False
18,exclude,29,0.172377471411152,0.5,1.0,-0.327622528588848,0.327622528588848,0.10733652123895052,0.0013752169988460882,78.05060679806462,False
19,exclude,1,0.309598950494367,0.5,1.0,-0.19040104950563302,0.19040104950563302,0.03625255965284652,0.0002553470135548424,141.9736974721278,False
19,exclude,6,0.907796002199291,0.5,1.0,0.407796002199291,0.407796002199291,0.16629757940972417,0.001171326677903642,141.9736974721278,False
19,exclude,7,0.667206561041306,0.4962,354.5,0.17100656104130607,0.17100656104130607,10.366729969347162,0.07301866580873088,141.9736974721278,True
19,exclude,10,0.613952563200613,0.5121,739.2,0.10185256320061298,0.10185256320061298,7.668419870891371,0.05401296160788396,141.9736974721278,True
19,exclude,13,0.728767171324022,0.5,1.0,0.22876717132402202,0.22876717132402202,0.05233441867559444,0.000368620523430889,141.9736974721278,False
19,exclude,14,0.501262757950184,0.4962,354.5,0.005062757950184071,0.005062757950184071,0.009086373153032892,6.400039806540027e-05,141.9736974721278,True
19,exclude,17,0.847600801929346,0.5121,739.2,0.33550080192934595,0.33550080192934595,83.20493455999714,0.5860587985061944,141.9736974721278,True
19,exclude,18,0.943989826097285,0.5282,231.2,0.415789826097285,0.415789826097285,39.97012869716562,0.28153192745446765,141.9736974721278,True
19,exclude,19,0.989999995260158,0.5,1.0,0.489999995260158,0.489999995260158,0.24009999535495488,0.0016911582893873083,141.9736974721278,False
19,exclude,20,0.374844337363533,0.5,1.0,-0.125155662636467,0.125155662636467,0.01566393988997314,0.0001103298721444391,141.9736974721278,False
19,exclude,23,0.989999998434498,0.5,1.0,0.48999999843449804,0.48999999843449804,0.2400999984658081,0.001691158311298784,141.9736974721278,False
19,exclude,29,0.439588824505935,0.5,1.0,-0.060411175494064995,0.060411175494064995,0.003649510124574719,2.5705536937862653e-05,141.9736974721278,False
21,exclude,1,0.338770494739149,0.5,1.0,-0.161229505260851,0.161229505260851,0.02599495336665878,0.00020407197013477027,127.38130253503981,False
21,exclude,6,0.855820530977465,0.5,1.0,0.355820530977465,0.355820530977465,0.12660825026508515,0.0009939311951238526,127.38130253503981,False
21,exclude,7,0.658321778566315,0.4962,354.5,0.16212177856631504,0.16212177856631504,9.317490499811624,0.0731464533207186,127.38130253503981,True
21,exclude,10,0.612244438304557,0.5121,739.2,0.10014443830455699,0.10014443830455699,7.413369180449396,0.058198252278117035,127.38130253503981,True
21,exclude,13,0.73879000821851,0.5,1.0,0.23879000821851004,0.23879000821851004,0.05702066802499609,0.00044763765866902603,127.38130253503981,False
21,exclude,14,0.506731978633746,0.4962,354.5,0.010531978633745998,0.010531978633745998,0.03932205246232634,0.0003086956380549626,127.38130253503981,True
21,exclude,17,0.824819443819156,0.5121,739.2,0.31271944381915595,0.31271944381915595,72.28891864106201,0.5675002312146785,127.38130253503981,True
21,exclude,18,0.931104809491444,0.5282,231.2,0.402904809491444,0.402904809491444,37.531224410221064,0.2946368396562521,127.38130253503981,True
21,exclude,19,0.989987795235996,0.5,1.0,0.489987795235996,0.489987795235996,0.24008803948023236,0.0018847981195214219,127.38130253503981,False
21,exclude,20,0.237493632042698,0.5,1.0,-0.262506367957302,0.262506367957302,0.06890959321813442,0.0005409710204461043,127.38130253503981,False
21,exclude,23,0.989999998411071,0.5,1.0,0.489999998411071,0.489999998411071,0.24009999844284957,0.0018848920027081943,127.38130253503981,False
21,exclude,29,0.32039975435587,0.5,1.0,-0.17960024564413002,0.17960024564413002,0.03225624823543184,0.00025322592557537127,127.38130253503981,False
22,include,1,0.280853320723126,0.5,1.0,-0.21914667927687398,0.21914667927687398,0.04802526703808107,0.00047241659970484034,101.65872043464735,False
22,include,6,0.441843130319067,0.5,1.0,-0.05815686968093298,0.05815686968093298,0.003382221491085021,3.3270352770762314e-05,101.65872043464735,False
22,include,7,0.525076122250134,0.4962,354.5,0.02887612225013403,0.02887612225013403,0.295592889634561,0.0029076983102948534,101.65872043464735,True
22,include,10,0.594323564243606,0.5121,739.2,0.082223564243606,0.082223564243606,4.99752017090904,0.049159778418829916,101.65872043464735,True
22,include,13,0.799470552754527,0.5,1.0,0.29947055275452705,0.29947055275452705,0.08968261196710198,0.0008821930040399793,101.65872043464735,False
22,include,14,0.501754440668524,0.4962,354.5,0.005554440668524063,0.005554440668524063,0.010936967049184607,0.00010758513389134757,101.65872043464735,True
22,include,17,0.812045084624748,0.5121,739.2,0.299945084624748,0.299945084624748,66.50364616197253,0.6541853554484317,101.65872043464735,True
22,include,18,0.883367947471389,0.5282,231.2,0.355167947471389,0.355167947471389,29.164555434632298,0.2868869026674511,101.65872043464735,True
22,include,19,0.793377739839447,0.5,1.0,0.29337773983944704,0.29337773983944704,0.08607049823330228,0.0008466612393437888,101.65872043464735,False
22,include,20,0.204540785322752,0.5,1.0,-0.295459214677248,0.295459214677248,0.08729614753769613,0.000858717748604908,101.65872043464735,False
22,include,23,0.989999997123701,0.5,1.0,0.489999997123701,0.489999997123701,0.24009999718122702,0.0023618239158890307,101.65872043464735,False
22,include,29,0.136802991475351,0.5,1.0,-0.363197008524649,0.363197008524649,0.13191206700125394,0.0012975971607478115,101.65872043464735,False
23,exclude,1,0.318846923148834,0.5,1.0,-0.181153076851166,0.181153076851166,0.03281643725264445,0.00021354483113051746,153.6746971533449,False
23,exclude,6,0.914316869085002,0.5,1.0,0.414316869085002,0.414316869085002,0.17165846800839868,0.0011170249311577207,153.6746971533449,False
23,exclude,7,0.675723583601121,0.4962,354.5,0.17952358360112097,0.17952358360112097,11.425080200956485,0.07434587744497666,153.6746971533449,True
23,exclude,10,0.618214209718252,0.5121,739.2,0.10611420971825203,0.10611420971825203,8.323558692652286,0.0541634950114565,153.6746971533449,True
23,exclude,13,0.825612717039747,0.5,1.0,0.32561271703974703,0.32561271703974703,0.10602364149800637,0.0006899225667073237,153.6746971533449,False
23,exclude,14,0.499577845430332,0.4962,354.5,0.003377845430332038,0.003377845430332038,0.004044788191805729,2.6320456566572054e-05,153.6746971533449,True
23,exclude,17,0.86637132702378,0.5121,739.2,0.35427132702377995,0.35427132702377995,92.77564159335968,0.6037144911421763,153.6746971533449,True
23,exclude,18,0.945983400853603,0.5282,231.2,0.417783400853603,0.417783400853603,40.35433467065909,0.26259583014106325,153.6746971533449,True
23,exclude,19,0.989999995014706,0.5,1.0,0.48999999501470604,0.48999999501470604,0.24009999511441193,0.001562391204030337,153.6746971533449,False
23,exclude,20,0.484172660788628,0.5,1.0,-0.015827339211372027,0.015827339211372027,0.00025050466651183447,1.6300970241175579e-06,153.6746971533449,False
23,exclude,23,0.989999998263974,0.5,1.0,0.489999998263974,0.489999998263974,0.24009999829869452,0.0015623912247512664,153.6746971533449,False
23,exclude,29,0.467012689001879,0.5,1.0,-0.03298731099812102,0.03298731099812102,0.0010881626868867562,7.080948959352292e-06,153.6746971533449,False
24,exclude,1,0.35183703666512,0.5,1.0,-0.14816296333488,0.14816296333488,0.021952263704172994,0.00022990149235021262,95.48552068871636,False
24,exclude,6,0.743948383877934,0.5,1.0,0.24394838387793405,0.24394838387793405,0.05951081399665587,0.0006232443784923334,95.48552068871636,False
24,exclude,7,0.657651776058668,0.4962,354.5,0.161451776058668,0.161451776058668,9.240636639340641,0.09677526574385238,95.48552068871636,True
24,exclude,10,0.569573180925385,0.5121,739.2,0.057473180925385,0.057473180925385,2.441700695784163,0.02557142358519601,95.48552068871636,True
24,exclude,13,0.619188095502883,0.5,1.0,0.119188095502883,0.119188095502883,0.01420580210960436,0.0001487744111059037,95.48552068871636,False
24,exclude,14,0.508681089096295,0.4962,354.5,0.012481089096294973,0.012481089096294973,0.05522315389301208,0.0005783406059337525,95.48552068871636,True
24,exclude,17,0.78186330085236,0.5121,739.2,0.26976330085236,0.26976330085236,53.79323868941366,0.5633654013866678,95.48552068871636,True
24,exclude,18,0.884180549944901,0.5282,231.2,0.355980549944901,0.355980549944901,29.29816152831395,0.30683355253228617,95.48552068871636,True
24,exclude,19,0.836901016409183,0.5,1.0,0.336901016409183,0.336901016409183,0.11350229485754061,0.0011886859289122911,95.48552068871636,False
24,exclude,20,0.208620825617191,0.5,1.0,-0.291379174382809,0.291379174382809,0.08490182326400743,0.0008891591379680289,95.48552068871636,False
24,exclude,23,0.989999999037346,0.5,1.0,0.48999999903734603,0.48999999903734603,0.24009999905659912,0.0025145173563992725,95.48552068871636,False
24,exclude,29,0.150161487279699,0.5,1.0,-0.349838512720301,0.349838512720301,0.12238698498235219,0.0012817334408358608,95.48552068871636,False
25,include,1,0.21168723786085,0.5,1.0,-0.28831276213915,0.28831276213915,0.0831242488123061,0.0019425365717595671,42.79160043664527,False
25,include,6,0.336606532183206,0.5,1.0,-0.16339346781679398,0.16339346781679398,0.02669742532519769,0.0006238940598803808,42.79160043664527,False
25,include,7,0.521765831859211,0.4962,354.5,0.02556583185921102,0.02556583185921102,0.23170536844264772,0.0054147394834109346,42.79160043664527,True
25,include,10,0.550198802861577,0.5121,739.2,0.038098802861576964,0.038098802861576964,1.0729626817955376,0.025074142374835993,42.79160043664527,True
25,include,13,0.444629436772835,0.5,1.0,-0.05537056322716499,0.05537056322716499,0.003065899272093476,7.164722143619439e-05,42.79160043664527,False
25,include,14,0.501981630634744,0.4962,354.5,0.005781630634744017,0.005781630634744017,0.011849961116398425,0.00027692259685268796,42.79160043664527,True
25,include,17,0.704935277285635,0.5121,739.2,0.192835277285635,0.192835277285635,27.48748032737986,0.6423569122654389,42.79160043664527,True
25,include,18,0.768410566225356,0.5282,231.2,0.24021056622535597,0.24021056622535597,13.340498048401976,0.31175506202795883,42.79160043664527,True
25,include,19,0.432164105453824,0.5,1.0,-0.067835894546176,0.067835894546176,0.004601708588879911,0.000107537660239956,42.79160043664527,False
25,include,20,0.11075001114403,0.5,1.0,-0.38924998885597,0.38924998885597,0.15151555382437276,0.0035407779161870283,42.79160043664527,False
25,include,23,0.989999998376497,0.5,1.0,0.489999998376497,0.489999998376497,0.24009999840896706,0.005610914197155235,42.79160043664527,False
25,include,29,0.128517543782971,0.5,1.0,-0.371482456217029,0.371482456217029,0.13799921527703687,0.003224913624844446,42.79160043664527,False
27,include,1,0.268393630263916,0.5,1.0,-0.231606369736084,0.231606369736084,0.05364151050232765,0.0006548672853098304,81.91203272117771,False
27,include,6,0.406257806005375,0.5,1.0,-0.09374219399462502,0.09374219399462502,0.008787598934925912,0.00010728092861323838,81.91203272117771,False
27,include,7,0.520707846286617,0.4962,354.5,0.024507846286617063,0.024507846286617063,0.21292494074619547,0.002599434218303136,81.91203272117771,True
27,include,10,0.59038193539844,0.5121,739.2,0.07828193539843997,0.07828193539843997,4.529862994069112,0.055301557580537876,81.91203272117771,True
27,include,13,0.755507191220325,0.5,1.0,0.25550719122032495,0.25550719122032495,0.06528392476529969,0.0007970004234606309,81.91203272117771,False
27,include,14,0.501047481561668,0.4962,354.5,0.004847481561668032,0.004847481561668032,0.008330068470457242,0.00010169529669483551,81.91203272117771,True
27,include,17,0.782890698475838,0.5121,739.2,0.27079069847583803,0.27079069847583803,54.203763680059026,0.6617313950023007,81.91203272117771,True
27,include,18,0.838779634368553,0.5282,231.2,0.31057963436855296,0.31057963436855296,22.301484786577333,0.27226140098964313,81.91203272117771,True
27,include,19,0.731150739964331,0.5,1.0,0.231150739964331,0.231150739964331,0.05343066458605777,0.0006522932322767725,81.91203272117771,False
27,include,20,0.182109279686122,0.5,1.0,-0.317890720313878,0.317890720313878,0.1010545100616762,0.0012336955475840531,81.91203272117771,False
27,include,23,0.989999996768612,0.5,1.0,0.48999999676861195,0.48999999676861195,0.2400999968332397,0.0029311932430064547,81.91203272117771,False
27,include,29,0.134804099732682,0.5,1.0,-0.36519590026731796,0.36519590026731796,0.13336804557205684,0.0016281862522693272,81.91203272117771,False
29,include,1,0.250234633296008,0.5,1.0,-0.24976536670399202,0.24976536670399202,0.062382738404779606,0.0007112985991937926,87.70260264182453,False
29,include,6,0.43194602808489,0.5,1.0,-0.06805397191510998,0.06805397191510998,0.004631343093422577,5.280736208407497e-05,87.70260264182453,False
29,include,7,0.517176526627213,0.4962,354.5,0.020976526627213055,0.020976526627213055,0.1559852002818022,0.0017785697981944992,87.70260264182453,True
29,include,10,0.597247693488488,0.5121,739.2,0.08514769348848805,0.08514769348848805,5.35929587897791,0.06110760362340848,87.70260264182453,True
29,include,13,0.767983720607443,0.5,1.0,0.267983720607443,0.267983720607443,0.07181527451060808,0.0008188499810421826,87.70260264182453,False
29,include,14,0.501421053873146,0.4962,354.5,0.0052210538731459755,0.0052210538731459755,0.009663458557160724,0.00011018439893541213,87.70260264182453,True
29,include,17,0.797922855883702,0.5121,739.2,0.28582285588370204,0.28582285588370204,60.38872589572507,0.6885625292370317,87.70260264182453,True
29,include,18,0.830525956046194,0.5282,231.2,0.30232595604619394,0.30232595604619394,21.13190743126549,0.24094960462653234,87.70260264182453,True
29,include,19,0.705947862890535,0.5,1.0,0.20594786289053502,0.20594786289053502,0.04241452222917861,0.00048361760029401376,87.70260264182453,False
29,include,20,0.169942656505719,0.5,1.0,-0.330057343494281,0.330057343494281,0.1089378499945018,0.0012421279039962082,87.70260264182453,False
29,include,23,0.989999996646878,0.5,1.0,0.489999996646878,0.489999996646878,0.24009999671394044,0.002737661021241336,87.70260264182453,False
29,include,29,0.14399009554414,0.5,1.0,-0.35600990445586,0.35600990445586,0.12674305207067058,0.0014451458480461107,87.70260264182453,False
30,exclude,1,0.439473987042293,0.5,1.0,-0.06052601295770699,0.06052601295770699,0.003663398244556514,2.351343974314632e-05,155.80018425948583,False
30,exclude,6,0.896520450737575,0.5,1.0,0.396520450737575,0.396520450737575,0.15722846785312966,0.0010091674063187565,155.80018425948583,False
30,exclude,7,0.665108640260291,0.4962,354.5,0.16890864026029107,0.16890864026029107,10.11393064349876,0.0649160377541914,155.80018425948583,True
30,exclude,10,0.606870363521236,0.5121,739.2,0.09477036352123602,0.09477036352123602,6.639066995999388,0.04261270310786023,155.80018425948583,True
30,exclude,13,0.804567098471359,0.5,1.0,0.304567098471359,0.304567098471359,0.09276111747126248,0.0005953851589595585,155.80018425948583,False
30,exclude,14,0.505076800799166,0.4962,354.5,0.008876800799165974,0.008876800799165974,0.027933746515752114,0.00017929212759612882,155.80018425948583,True
30,exclude,17,0.860301077684988,0.5121,739.2,0.348201077684988,0.348201077684988,89.62355777832963,0.57524680220571,155.80018425948583,True
30,exclude,18,0.98657361792925,0.5282,231.2,0.45837361792925,0.45837361792925,48.576593579452776,0.31178778003592256,155.80018425948583,True
30,exclude,19,0.98999999154552,0.5,1.0,0.48999999154552,0.48999999154552,0.24009999171460966,0.001541076429760328,155.80018425948583,False
30,exclude,20,0.317882913891511,0.5,1.0,-0.18211708610848898,0.18211708610848898,0.03316663305264679,0.00021287929286019092,155.80018425948583,False
30,exclude,23,0.989999998858378,0.5,1.0,0.48999999885837797,0.48999999885837797,0.24009999888121042,0.0015410764757589946,155.80018425948583,False
30,exclude,29,0.271785389442079,0.5,1.0,-0.22821461055792103,0.22821461055792103,0.05208190847210356,0.00033428656531856815,155.80018425948583,False
31,exclude,1,0.25100521000578,0.5,1.0,-0.24899478999421998,0.24899478999421998,0.06199840544426571,0.0007369532553423863,84.12800268513833,False
31,exclude,6,0.676585345161352,0.5,1.0,0.17658534516135205,0.17658534516135205,0.03118238412575384,0.00037065404063446735,84.12800268513833,False
31,exclude,7,0.665577324759353,0.4962,354.5,0.16937732475935308,0.16937732475935308,10.170136401564235,0.12088883697414637,84.12800268513833,True
31,exclude,10,0.5768698505089,0.5121,739.2,0.06476985050890005,0.06476985050890005,3.1010427090315367,0.03686100477908235,84.12800268513833,True
31,exclude,13,0.564768034615634,0.5,1.0,0.06476803461563396,0.06476803461563396,0.004194898307971959,4.986328183342229e-05,84.12800268513833,False
31,exclude,14,0.501763787505613,0.4962,354.5,0.005563787505613038,0.005563787505613038,0.010973806783999784,0.0001304417843493908,84.12800268513833,True
31,exclude,17,0.750543178319963,0.5121,739.2,0.23844317831996298,0.23844317831996298,42.027326353191135,0.49956405729118175,84.12800268513833,True
31,exclude,18,0.877615838207923,0.5282,231.2,0.349415838207923,0.349415838207923,28.227538151414098,0.3355308250578573,84.12800268513833,True
31,exclude,19,0.63126142607883,0.5,1.0,0.13126142607882996,0.13126142607882996,0.017229561976248142,0.00020480174765033187,84.12800268513833,False
31,exclude,20,0.13470468895821,0.5,1.0,-0.36529531104179,0.36529531104179,0.13344066426911813,0.001586162276650497,84.12800268513833,False
31,exclude,23,0.98999999837727,0.5,1.0,0.48999999837727004,0.48999999837727004,0.24009999840972465,0.0028539842947221143,84.12800268513833,False
31,exclude,29,0.179314249427501,0.5,1.0,-0.32068575057249904,0.32068575057249904,0.10283935062024707,0.0012224152165496995,84.12800268513833,False
32,include,1,0.227969865298247,0.5,1.0,-0.27203013470175297,0.27203013470175297,0.07400039418585387,0.0007625579430095679,97.04232296604035,False
32,include,6,0.407072706010978,0.5,1.0,-0.092927293989022,0.092927293989022,0.008635481968122125,8.898676066466467e-05,97.04232296604035,False
32,include,7,0.526767929514399,0.4962,354.5,0.030567929514399017,0.030567929514399017,0.331244202595631,0.0034133993547490493,97.04232296604035,True
32,include,10,0.588970008026418,0.5121,739.2,0.07687000802641797,0.07687000802641797,4.367931420639172,0.04501058184857874,97.04232296604035,True
32,include,13,0.971643339064825,0.5,1.0,0.47164333906482503,0.47164333906482503,0.2224474392842175,0.0022922724073913842,97.04232296604035,False
32,include,14,0.502206229940808,0.4962,354.5,0.006006229940808017,0.006006229940808017,0.012788515927108899,0.0001317828709807802,97.04232296604035,True
32,include,17,0.813920188569873,0.5121,739.2,0.301820188569873,0.301820188569873,67.33773906799907,0.6939007333075043,97.04232296604035,True
32,include,18,0.851722476652997,0.5282,231.2,0.32352247665299705,0.32352247665299705,24.198962518408102,0.24936503763287338,97.04232296604035,True
32,include,19,0.585010147639193,0.5,1.0,0.08501014763919301,0.08501014763919301,0.007226725201637393,7.446982904733601e-05,97.04232296604035,False
32,include,20,0.161157748138329,0.5,1.0,-0.338842251861671,0.338842251861671,0.11481407164668808,0.0011831339990373778,97.04232296604035,False
32,include,23,0.989999991921388,0.5,1.0,0.489999991921388,0.489999991921388,0.2400999920829603,0.0024741781188294776,97.04232296604035,False
32,include,29,0.144425625077143,0.5,1.0,-0.35557437492285704,0.35557437492285704,0.1264331361017805,0.0013028659273338437,97.04232296604035,False
33,include,1,0.284436889376554,0.5,1.0,-0.21556311062344602,0.21556311062344602,0.04646745466165603,0.0004815034728252047,96.50492111512689,False
33,include,6,0.452545903817568,0.5,1.0,-0.047454096182432015,0.047454096182432015,0.002251891244491509,2.3334470599743653e-05,96.50492111512689,False
33,include,7,0.525872713479689,0.4962,354.5,0.029672713479689028,0.029672713479689028,0.3121265885003164,0.00323430748291023,96.50492111512689,True
33,include,10,0.586168699051729,0.5121,739.2,0.07406869905172897,0.07406869905172897,4.055378474876169,0.04202250442791667,96.50492111512689,True
33,include,13,0.757295663373592,0.5,1.0,0.257295663373592,0.257295663373592,0.06620105839085677,0.0006859863479073911,96.50492111512689,False
33,include,14,0.501145797987731,0.4962,354.5,0.004945797987730982,0.004945797987730982,0.008671395337214838,8.985443682058635e-05,96.50492111512689,True
33,include,17,0.800780526289988,0.5121,739.2,0.28868052628998797,0.28868052628998797,61.60230107470043,0.6383332617951276,96.50492111512689,True
33,include,18,0.887442367122376,0.5282,231.2,0.359242367122376,0.359242367122376,29.837534111211056,0.30918147765351733,96.50492111512689,True
33,include,19,0.817936146752551,0.5,1.0,0.317936146752551,0.317936146752551,0.10108339341185964,0.001047442889376292,96.50492111512689,False
33,include,20,0.186071621194391,0.5,1.0,-0.313928378805609,0.313928378805609,0.09855102701951793,0.001021202088771723,96.50492111512689,False
33,include,23,0.989999998408834,0.5,1.0,0.489999998408834,0.489999998408834,0.24009999844065733,0.0024879560095616956,96.50492111512689,False
33,include,29,0.133592238984128,0.5,1.0,-0.366407761015872,0.366407761015872,0.13425464733266437,0.0013911689246655454,96.50492111512689,False
34,include,1,0.231417963796928,0.5,1.0,-0.26858203620307197,0.26858203620307197,0.07213631017098826,0.0021756936926379494,33.155545017702195,False
34,include,6,0.337289118283907,0.5,1.0,-0.162710881716093,0.162710881716093,0.026474831028828406,0.0007985038706102745,33.155545017702195,False
34,include,7,0.528315988024814,0.4962,354.5,0.03211598802481408,0.03211598802481408,0.3656443054741455,0.011028149447669253,33.155545017702195,True
34,include,10,0.550396219119612,0.5121,739.2,0.03829621911961201,0.03829621911961201,1.084111014835343,0.032697728668206825,33.155545017702195,True
34,include,13,0.448746185779858,0.5,1.0,-0.051253814220142024,0.051253814220142024,0.0026269534721128328,7.923119558765409e-05,33.155545017702195,False
34,include,14,0.503454895657378,0.4962,354.5,0.007254895657378024,0.007254895657378024,0.018658579649302374,0.000562758948445586,33.155545017702195,True
34,include,17,0.691767360178041,0.5121,739.2,0.17966736017804097,0.17966736017804097,23.86164234362529,0.7196878329366999,33.155545017702195,True
34,include,18,0.704742279125216,0.5282,231.2,0.17654227912521603,0.17654227912521603,7.205851164889379,0.21733472217217592,33.155545017702195,True
34,include,19,0.489063539403542,0.5,1.0,-0.010936460596457975,0.010936460596457975,0.00011960617037787794,3.607425856339221e-06,33.155545017702195,False
34,include,20,0.116779750725772,0.5,1.0,-0.383220249274228,0.383220249274228,0.14685775945380145,0.004429357423483526,33.155545017702195,False
34,include,23,0.98999999855161,0.5,1.0,0.48999999855161,0.48999999855161,0.24009999858057782,0.007241624242713705,33.155545017702195,False
34,include,29,0.1376160180802,0.5,1.0,-0.36238398191980004,0.36238398191980004,0.13132215035204997,0.0039607899759130875,33.155545017702195,False
35,include,1,0.223861984911152,0.5,1.0,-0.276138015088848,0.276138015088848,0.07625220337720885,0.0012834282225205073,59.41290836464402,False
35,include,6,0.348217768065637,0.5,1.0,-0.15178223193436302,0.15178223193436302,0.02303784593097677,0.0003877582593597849,59.41290836464402,False
35,include,7,0.525777112531983,0.4962,354.5,0.02957711253198303,0.02957711253198303,0.3101185801411388,0.005219717207543521,59.41290836464402,True
35,include,10,0.560294167058618,0.5121,739.2,0.04819416705861801,0.04819416705861801,1.716923384279967,0.02889815414762105,59.41290836464402,True
35,include,13,0.453236337625813,0.5,1.0,-0.046763662374187,0.046763662374187,0.0021868401186469527,3.680749148359008e-05,59.41290836464402,False
35,include,14,0.497104092618187,0.4962,354.5,0.0009040926181870246,0.0009040926181870246,0.0002897624373712654,4.877095657274706e-06,59.41290836464402,True
35,include,17,0.742311329189562,0.5121,739.2,0.230211329189562,0.230211329189562,39.17557169967663,0.6593781179544073,59.41290836464402,True
35,include,18,0.804076120386199,0.5282,231.2,0.275876120386199,0.275876120386199,17.59608493440754,0.29616602551102816,59.41290836464402,True
35,include,19,0.519639266633116,0.5,1.0,0.019639266633115993,0.019639266633115993,0.00038570079388662316,6.491868593932519e-06,59.41290836464402,False
35,include,20,0.132197777793874,0.5,1.0,-0.367802222206126,0.367802222206126,0.1352784746597645,0.002276920594923565,59.41290836464402,False
35,include,23,0.989999997429044,0.5,1.0,0.489999997429044,0.489999997429044,0.24009999748046312,0.004041209294230478,59.41290836464402,False
35,include,29,0.130298848608189,0.5,1.0,-0.36970115139181103,0.36970115139181103,0.1366789413404308,0.0023004923526310146,59.41290836464402,False
36,exclude,1,0.244322596501229,0.5,1.0,-0.255677403498771,0.255677403498771,0.06537093465987336,0.0007035522047239007,92.91554233068926,False
36,exclude,6,0.676186095297451,0.5,1.0,0.176186095297451,0.176186095297451,0.031041540176162483,0.00033408339872445335,92.91554233068926,False
36,exclude,7,0.675289460111716,0.4962,354.5,0.179089460111716,0.179089460111716,11.369890809341047,0.12236801856975937,92.91554233068926,True
36,exclude,10,0.582385327138327,0.5121,739.2,0.07028532713832703,0.07028532713832703,3.6516681143280674,0.03930093957081657,92.91554233068926,True
36,exclude,13,0.548241164182003,0.5,1.0,0.04824116418200297,0.04824116418200297,0.0023272099216349665,2.5046508509333725e-05,92.91554233068926,False
36,exclude,14,0.499501463633711,0.4962,354.5,0.0033014636337110326,0.0033014636337110326,0.003863930223211983,4.1585402466469354e-05,92.91554233068926,True
36,exclude,17,0.766941284722257,0.5121,739.2,0.254841284722257,0.254841284722257,48.006664230859826,0.5166699028673011,92.91554233068926,True
36,exclude,18,0.882952674970841,0.5282,231.2,0.35475267497084095,0.35475267497084095,29.0963952442412,0.31314885017499267,92.91554233068926,True
36,exclude,19,0.989999984700436,0.5,1.0,0.48999998470043604,0.48999998470043604,0.24009998500642757,0.002584066981516444,92.91554233068926,False
36,exclude,20,0.165391715604429,0.5,1.0,-0.334608284395571,0.334608284395571,0.11196270398614733,0.001204994354848284,92.91554233068926,False
36,exclude,23,0.98999999859249,0.5,1.0,0.48999999859249,0.48999999859249,0.2400999986206402,0.002584067128038891,92.91554233068926,False
36,exclude,29,0.189907063406769,0.5,1.0,-0.310092936593231,0.310092936593231,0.09615762932501358,0.0010348928383023975,92.91554233068926,False
38,exclude,1,0.211654623667308,0.5,1.0,-0.28834537633269197,0.28834537633269197,0.08314305605244177,0.0014226733954018356,58.44142184788514,False
38,exclude,6,0.564015701894968,0.5,1.0,0.06401570189496797,0.06401570189496797,0.004098010089105405,7.012166986237866e-05,58.44142184788514,False
38,exclude,7,0.656011049292047,0.4962,354.5,0.15981104929204704,0.15981104929204704,9.053778088179994,0.1549205649333056,58.44142184788514,True
38,exclude,10,0.56282263157936,0.5121,739.2,0.05072263157935997,0.05072263157935997,1.9018029339247908,0.0325420373733363,58.44142184788514,True
38,exclude,13,0.453419641788386,0.5,1.0,-0.04658035821161399,0.04658035821161399,0.002169729771122275,3.712657396956868e-05,58.44142184788514,False
38,exclude,14,0.501702999663066,0.4962,354.5,0.005502999663065999,0.005502999663065999,0.010735325375909247,0.0001836937746629745,58.44142184788514,True
38,exclude,17,0.70661273942495,0.5121,739.2,0.19451273942494995,0.19451273942494995,27.967784126324002,0.4785609802430926,58.44142184788514,True
38,exclude,18,0.814208223572437,0.5282,231.2,0.28600822357243705,0.28600822357243705,18.912322753485334,0.3236116123716406,58.44142184788514,True
38,exclude,19,0.473269423301326,0.5,1.0,-0.026730576698674013,0.026730576698674013,0.0007145237306436941,1.22263235227832e-05,58.44142184788514,False
38,exclude,20,0.120184262545992,0.5,1.0,-0.379815737454008,0.379815737454008,0.14425999441773193,0.0024684545628136934,58.44142184788514,False
38,exclude,23,0.989999998556979,0.5,1.0,0.48999999855697896,0.48999999855697896,0.24009999858583939,0.004108387355988466,58.44142184788514,False
38,exclude,29,0.15284973289911,0.5,1.0,-0.34715026710089003,0.34715026710089003,0.1205133079482193,0.002062121422403079,58.44142184788514,False
39,exclude,1,0.226910139050672,0.5,1.0,-0.27308986094932797,0.27308986094932797,0.07457807215332328,0.0010076056253418358,74.01514072335817,False
39,exclude,6,0.641567749129962,0.5,1.0,0.14156774912996195,0.14156774912996195,0.02004142759372384,0.0002707747009308737,74.01514072335817,False
39,exclude,7,0.674443679923219,0.4962,354.5,0.178243679923219,0.178243679923219,11.262751943846398,0.15216821631053154,74.01514072335817,True
39,exclude,10,0.576959899492715,0.5121,739.2,0.06485989949271498,0.06485989949271498,3.1096714107820014,0.04201399038616745,74.01514072335817,True
39,exclude,13,0.510045090725086,0.5,1.0,0.01004509072508597,0.01004509072508597,0.00010090384767520818,1.363286574734084e-06,74.01514072335817,False
39,exclude,14,0.501646476216982,0.4962,354.5,0.005446476216982021,0.005446476216982021,0.010515924578072456,0.00014207801910932222,74.01514072335817,True
39,exclude,17,0.735477535472537,0.5121,739.2,0.22337753547253703,0.22337753547253703,36.88424926311753,0.49833383957179134,74.01514072335817,True
39,exclude,18,0.836786989035247,0.5282,231.2,0.30858698903524695,0.30858698903524695,22.01623497018532,0.29745582802408016,74.01514072335817,True
39,exclude,19,0.924674086873258,0.5,1.0,0.424674086873258,0.424674086873258,0.1803480800616355,0.00243663767033439,74.01514072335817,False
39,exclude,20,0.167538055179993,0.5,1.0,-0.332461944820007,0.332461944820007,0.11053094475350139,0.0014933558684516468,74.01514072335817,False
39,exclude,23,0.989999998919624,0.5,1.0,0.489999998919624,0.489999998919624,0.2400999989412315,0.0032439308578583732,74.01514072335817,False
39,exclude,29,0.174396278433811,0.5,1.0,-0.325603721566189,0.325603721566189,0.10601778349775233,0.001432379678828261,74.01514072335817,False
40,include,1,0.218018888792155,0.5,1.0,-0.28198111120784497,0.28198111120784497,0.07951334707801103,0.0015049883650157673,52.83319720360628,False
40,include,6,0.320960121041361,0.5,1.0,-0.179039878958639,0.179039878958639,0.0320552782575241,0.0006067260728891885,52.83319720360628,False
40,include,7,0.502331184182354,0.4962,354.5,0.0061311841823540325,0.0061311841823540325,0.013326158204932667,0.0002522307736474266,52.83319720360628,True
40,include,10,0.573389538757435,0.5121,739.2,0.061289538757435036,0.061289538757435036,2.776736469164478,0.05255666164710062,52.83319720360628,True
40,include,13,0.563048092965538,0.5,1.0,0.06304809296553804,0.06304809296553804,0.003975062026591127,7.523796092203556e-05,52.83319720360628,False
40,include,14,0.498026932543493,0.4962,354.5,0.0018269325434930317,0.0018269325434930317,0.0011832084527990038,2.2395170374399384e-05,52.83319720360628,True
40,include,17,0.737616498425726,0.5121,739.2,0.22551649842572596,0.22551649842572596,37.594005233178585,0.7115602920697841,52.83319720360628,True
40,include,18,0.752724564736266,0.5282,231.2,0.22452456473626603,0.22452456473626603,11.655087975306246,0.22060160263234446,52.83319720360628,True
40,include,19,0.989999983968073,0.5,1.0,0.489999983968073,0.489999983968073,0.2400999842887118,0.004544490907173853,52.83319720360628,False
40,include,20,0.250225325957908,0.5,1.0,-0.24977467404209203,0.24977467404209203,0.06238738779283332,0.0011808368808801691,52.83319720360628,False
40,include,23,0.989999997400015,0.5,1.0,0.489999997400015,0.489999997400015,0.24009999745201469,0.004544491156322184,52.83319720360628,False
40,include,29,0.132948093039205,0.5,1.0,-0.36705190696079504,0.36705190696079504,0.13472710240355615,0.0025500463635458343,52.83319720360628,False
41,exclude,1,0.310390020138508,0.5,1.0,-0.18960997986149197,0.18960997986149197,0.03595194446307539,0.0002640950725383697,136.13258330615778,False
41,exclude,6,0.924637917124988,0.5,1.0,0.424637917124988,0.424637917124988,0.18031736066024817,0.0013245716512608906,136.13258330615778,False
41,exclude,7,0.6594143847241,0.4962,354.5,0.1632143847241,0.1632143847241,9.443502592517182,0.06936989193306535,136.13258330615778,True
41,exclude,10,0.611307901815881,0.5121,739.2,0.09920790181588102,0.09920790181588102,7.275359992978854,0.05344319351243636,136.13258330615778,True
41,exclude,13,0.72805529221929,0.5,1.0,0.22805529221929,0.22805529221929,0.05200921630922575,0.00038204825800050167,136.13258330615778,False
41,exclude,14,0.502233891718079,0.4962,354.5,0.006033891718078999,0.006033891718078999,0.012906582564620576,9.480891533215151e-05,136.13258330615778,True
41,exclude,17,0.841411586277227,0.5121,739.2,0.329311586277227,0.329311586277227,80.16337253706827,0.5888624941229789,136.13258330615778,True
41,exclude,18,0.936162905367597,0.5282,231.2,0.40796290536759705,0.40796290536759705,38.47947887446048,0.2826617841220377,136.13258330615778,True
41,exclude,19,0.989999996961822,0.5,1.0,0.48999999696182195,0.48999999696182195,0.24009999702258553,0.001763721742373818,136.13258330615778,False
41,exclude,20,0.443556155417086,0.5,1.0,-0.056443844582914016,0.056443844582914016,0.003185907591300152,2.340297608350786e-05,136.13258330615778,False
41,exclude,23,0.98999999855296,0.5,1.0,0.48999999855295995,0.48999999855295995,0.24009999858190076,0.0017637217538282045,136.13258330615778,False
41,exclude,29,0.420638158161306,0.5,1.0,-0.07936184183869399,0.07936184183869399,0.00629830194002988,4.626594006421815e-05,136.13258330615778,False
42,include,1,0.225553593918677,0.5,1.0,-0.274446406081323,0.274446406081323,0.07532082981095443,0.0015217602127766084,49.49585958324131,False
42,include,6,0.359969585437317,0.5,1.0,-0.140030414562683,0.140030414562683,0.019608517002596863,0.00039616479373632424,49.49585958324131,False
42,include,7,0.502159894298322,0.4962,354.5,0.005959894298321999,0.005959894298321999,0.012591960546722148,0.0002544043209421426,49.49585958324131,True
42,include,10,0.577014093112447,0.5121,739.2,0.064914093112447,0.064914093112447,3.114870147024776,0.0629319335647912,49.49585958324131,True
42,include,13,0.978877338179986,0.5,1.0,0.478877338179986,0.478877338179986,0.2293235050223487,0.0046331856230656275,49.49585958324131,False
42,include,14,0.504948390855818,0.4962,354.5,0.008748390855818022,0.008748390855818022,0.027131424439703858,0.0005481554349828935,49.49585958324131,True
42,include,17,0.732032089214982,0.5121,739.2,0.21993208921498197,0.21993208921498197,35.755195562092254,0.7223876070272052,49.49585958324131,True
42,include,18,0.73183738585127,0.5282,231.2,0.20363738585127,0.20363738585127,9.587444352657581,0.19370194665542836,49.49585958324131,True
42,include,19,0.98999999780871,0.5,1.0,0.48999999780870995,0.48999999780870995,0.24009999785253575,0.004850910760499867,49.49585958324131,False
42,include,20,0.254742261565118,0.5,1.0,-0.24525773843488202,0.24525773843488202,0.060151358262193005,0.0012152806066744119,49.49585958324131,False
42,include,23,0.989999995501667,0.5,1.0,0.48999999550166695,0.48999999550166695,0.24009999559163364,0.004850910714821256,49.49585958324131,False
42,include,29,0.133909938760959,0.5,1.0,-0.366090061239041,0.366090061239041,0.13402193293800477,0.0027077402850759448,49.49585958324131,False
43,include,1,0.218054409161099,0.5,1.0,-0.28194559083890103,0.28194559083890103,0.07949331619349699,0.001916129266816414,41.48640572959492,False
43,include,6,0.333860366241058,0.5,1.0,-0.16613963375894197,0.16613963375894197,0.02760237790555537,0.0006653354856881425,41.48640572959492,False
43,include,7,0.515598240032302,0.4962,354.5,0.01939824003230206,0.01939824003230206,0.13339541344636083,0.003215400589673193,41.48640572959492,True
43,include,10,0.556444429332854,0.5121,739.2,0.044344429332853985,0.044344429332853985,1.4535838827835108,0.035037595019868785,41.48640572959492,True
43,include,13,0.43046942902904,0.5,1.0,-0.06953057097095999,0.06953057097095999,0.004834500299547705,0.00011653215588399225,41.48640572959492,False
43,include,14,0.49661197030482,0.4962,354.5,0.0004119703048200418,0.0004119703048200418,6.0165574112972194e-05,1.4502479319400819e-06,41.48640572959492,True
43,include,17,0.706836413858238,0.5121,739.2,0.19473641385823803,0.19473641385823803,28.032142636245663,0.6756946557134144,41.48640572959492,True
43,include,18,0.747083407833753,0.5282,231.2,0.21888340783375304,0.21888340783375304,11.076779567200823,0.26699781223272,41.48640572959492,True
43,include,19,0.911293123580954,0.5,1.0,0.41129312358095405,0.41129312358095405,0.16916203350497794,0.004077529266033856,41.48640572959492,False
43,include,20,0.14405445534385,0.5,1.0,-0.35594554465615,0.35594554465615,0.1266972307605633,0.0030539457090201,41.48640572959492,False
43,include,23,0.989999998251452,0.5,1.0,0.489999998251452,0.489999998251452,0.24009999828642298,0.005787437934521867,41.48640572959492,False
43,include,29,0.122435955904324,0.5,1.0,-0.377564044095676,0.377564044095676,0.14255460739388157,0.0034361763784272158,41.48640572959492,False
44,include,1,0.260094922742341,0.5,1.0,-0.23990507725765903,0.23990507725765903,0.05755444609400335,0.0006562459757951846,87.70255089833294,False
44,include,6,0.406919465363303,0.5,1.0,-0.09308053463669702,0.09308053463669702,0.008663985928253353,9.87883002205588e-05,87.70255089833294,False
44,include,7,0.522366637809139,0.4962,354.5,0.02616663780913897,0.02616663780913897,0.24272364518618736,0.00276757794043595,87.70255089833294,True
44,include,10,0.590615699163072,0.5121,739.2,0.078515699163072,0.078515699163072,4.5569573391368055,0.05195923371053765,87.70255089833294,True
44,include,13,0.798471729942137,0.5,1.0,0.298471729942137,0.298471729942137,0.08908537357465196,0.0010157671887779185,87.70255089833294,False
44,include,14,0.501270579164956,0.4962,354.5,0.005070579164956013,0.005070579164956013,0.009114469052636492,0.00010392478849563019,87.70255089833294,True
44,include,17,0.79949882069719,0.5121,739.2,0.28739882069719,0.28739882069719,61.05650231650983,0.6961770403609822,87.70255089833294,True
44,include,18,0.832551585081485,0.5282,231.2,0.30435158508148497,0.30435158508148497,21.416029953380782,0.24418936204269356,87.70255089833294,True
44,include,19,0.741021943714496,0.5,1.0,0.24102194371449603,0.24102194371449603,0.05809157735191369,0.000662370441416863,87.70255089833294,False
44,include,20,0.234462285069548,0.5,1.0,-0.265537714930452,0.265537714930452,0.07051027805048597,0.0008039706636608928,87.70255089833294,False
44,include,23,0.608715736467232,0.5,1.0,0.10871573646723198,0.10871573646723198,0.011819111355612633,0.00013476359848772987,87.70255089833294,False
44,include,29,0.145742462731154,0.5,1.0,-0.354257537268846,0.354257537268846,0.12549840271178783,0.001430954988495931,87.70255089833294,False
45,include,1,0.213214957890608,0.5,1.0,-0.28678504210939204,0.28678504210939204,0.08224566037768577,0.0013008812307733328,63.22303561009434,False
45,include,6,0.325562575761747,0.5,1.0,-0.17443742423825298,0.17443742423825298,0.03042841497487625,0.0004812868392231704,63.22303561009434,False
45,include,7,0.517823258429,0.4962,354.5,0.021623258429000036,0.021623258429000036,0.16575190065345533,0.0026217010786332914,63.22303561009434,True
45,include,10,0.580324985182337,0.5121,739.2,0.068224985182337,0.068224985182337,3.440716247433772,0.05442187668199246,63.22303561009434,True
45,include,13,0.667337019094006,0.5,1.0,0.167337019094006,0.167337019094006,0.02800167795926773,0.0004429030920305401,63.22303561009434,False
45,include,14,0.497070664490658,0.4962,354.5,0.0008706644906580352,0.0008706644906580352,0.0002687310843013032,4.25052485550689e-06,63.22303561009434,True
45,include,17,0.765287775186591,0.5121,739.2,0.25318777518659097,0.25318777518659097,47.38571339330929,0.7495007624363986,63.22303561009434,True
45,include,18,0.750293105498168,0.5282,231.2,0.22209310549816796,0.22209310549816796,11.404020344270467,0.18037761449166598,63.22303561009434,True
45,include,19,0.989999718902152,0.5,1.0,0.489999718902152,0.489999718902152,0.24009972452418796,0.003797662073756121,63.22303561009434,False
45,include,20,0.216523169881171,0.5,1.0,-0.28347683011882896,0.28347683011882896,0.08035911321421942,0.0012710416771160081,63.22303561009434,False
45,include,23,0.989999997187157,0.5,1.0,0.48999999718715703,0.48999999718715703,0.2400999972434139,0.0037976663873614913,63.22303561009434,False
45,include,29,0.145979654469672,0.5,1.0,-0.354020345530328,0.354020345530328,0.12533040504941284,0.0019823534861936032,63.22303561009434,False
46,include,1,0.41846011435565,0.5,1.0,-0.08153988564435,0.08153988564435,0.0066487529508936745,4.108177352703457e-05,161.8419162580298,False
46,include,6,0.989999924663853,0.5,1.0,0.489999924663853,0.489999924663853,0.24009992617058162,0.0014835459918046356,161.8419162580298,False
46,include,7,0.53334892042438,0.4962,354.5,0.037148920424380005,0.037148920424380005,0.4892249913430574,0.003022857135249623,161.8419162580298,True
46,include,10,0.607076706606442,0.5121,739.2,0.09497670660644197,0.09497670660644197,6.668008890538312,0.04120075345565786,161.8419162580298,True
46,include,13,0.952586963388332,0.5,1.0,0.45258696338833204,0.45258696338833204,0.2048349594290714,0.0012656483818598416,161.8419162580298,False
46,include,14,0.504799095939281,0.4962,354.5,0.008599095939280987,0.008599095939280987,0.026213307869913882,0.00016196859550353542,161.8419162580298,True
46,include,17,0.887669988370904,0.5121,739.2,0.37556998837090405,0.37556998837090405,104.26624170910961,0.644247449114941,161.8419162580298,True
46,include,18,0.989999992760113,0.5282,231.2,0.46179999276011297,0.46179999276011297,49.30553474202118,0.30465244036910544,161.8419162580298,True
46,include,19,0.989999993416825,0.5,1.0,0.489999993416825,0.489999993416825,0.24009999354848852,0.001483546408123896,161.8419162580298,False
46,include,20,0.345475184374178,0.5,1.0,-0.154524815625822,0.154524815625822,0.02387791864419428,0.00014753853140323019,161.8419162580298,False
46,include,23,0.989999998731988,0.5,1.0,0.48999999873198796,0.48999999873198796,0.2400999987573482,0.0014835464403087576,161.8419162580298,False
46,include,29,0.138017862806484,0.5,1.0,-0.361982137193516,0.361982137193516,0.13103106764718545,0.0008096238025152789,161.8419162580298,False
47,exclude,1,0.275977413114264,0.5,1.0,-0.224022586885736,0.224022586885736,0.05018611943497714,0.00036869833797434023,136.11702106037123,False
47,exclude,6,0.803492995476311,0.5,1.0,0.30349299547631103,0.30349299547631103,0.09210799830318415,0.0006766824426926887,136.11702106037123,False
47,exclude,7,0.66054710138457,0.4962,354.5,0.16434710138456998,0.16434710138456998,9.57503427052934,0.07034413621410784,136.11702106037123,True
47,exclude,10,0.617000942777,0.5121,739.2,0.10490094277700002,0.10490094277700002,8.134310402436137,0.05975968574002491,136.11702106037123,True
47,exclude,13,0.622482588103578,0.5,1.0,0.12248258810357804,0.12248258810357804,0.015001984388550757,0.00011021387532347634,136.11702106037123,False
47,exclude,14,0.502594599285541,0.4962,354.5,0.0063945992855409806,0.0063945992855409806,0.01449582405802631,0.00010649530782485357,136.11702106037123,True
47,exclude,17,0.841073615976618,0.5121,739.2,0.328973615976618,0.328973615976618,79.9989146944542,0.5877216094743414,136.11702106037123,True
47,exclude,18,0.932026738355392,0.5282,231.2,0.40382673835539196,0.40382673835539196,37.70317920200637,0.27699092228358485,136.11702106037123,True
47,exclude,19,0.989999977105601,0.5,1.0,0.48999997710560095,0.48999997710560095,0.24009997756348944,0.0017639232455506004,136.11702106037123,False
47,exclude,20,0.278685937916729,0.5,1.0,-0.22131406208327098,0.22131406208327098,0.04897991407579792,0.000359836805817798,136.11702106037123,False
47,exclude,23,0.989999998464899,0.5,1.0,0.48999999846489894,0.48999999846489894,0.24009999849560096,0.001763923399330865,136.11702106037123,False
47,exclude,29,0.432098051386096,0.5,1.0,-0.06790194861390397,0.06790194861390397,0.004610674625565255,3.3872873426463754e-05,136.11702106037123,False
49,include,1,0.260011548884622,0.5,1.0,-0.23998845111537798,0.23998845111537798,0.05759445666875816,0.0012421044076736858,46.36845044018944,False
49,include,6,0.373935326033767,0.5,1.0,-0.126064673966233,0.126064673966233,0.015892302022212625,0.0003427395539713381,46.36845044018944,False
49,include,7,0.533608118291169,0.4962,354.5,0.03740811829116908,0.03740811829116908,0.496075712843522,0.010698561373824836,46.36845044018944,True
49,include,10,0.559359150095998,0.5121,739.2,0.047259150095998015,0.047259150095998015,1.6509494363548545,0.03560501635663694,46.36845044018944,True
49,include,13,0.466479401911438,0.5,1.0,-0.033520598088562004,0.033520598088562004,0.0011236304962149066,2.423265141595092e-05,46.36845044018944,False
49,include,14,0.504270540025174,0.4962,354.5,0.008070540025174044,0.008070540025174044,0.023089866977618407,0.000497965033517822,46.36845044018944,True
49,include,17,0.718787007512497,0.5121,739.2,0.20668700751249702,0.20668700751249702,31.578268499848967,0.6810291954996793,46.36845044018944,True
49,include,18,0.756324668627913,0.5282,231.2,0.22812466862791303,0.22812466862791303,12.031847857740793,0.25948350103397666,46.36845044018944,True
49,include,19,0.575827315496686,0.5,1.0,0.07582731549668598,0.07582731549668598,0.005749781775433953,0.00012400202553351623,46.36845044018944,False
49,include,20,0.133219555666237,0.5,1.0,-0.366780444333763,0.366780444333763,0.1345278943456726,0.0029012807861500535,46.36845044018944,False
49,include,23,0.989999998711364,0.5,1.0,0.489999998711364,0.489999998711364,0.24009999873713675,0.005178089767024697,46.36845044018944,False
49,include,29,0.134991777656645,0.5,1.0,-0.365008222343355,0.365008222343355,0.13323100237825608,0.0028733115105951286,46.36845044018944,False
50,exclude,1,0.264820510138558,0.5,1.0,-0.235179489861442,0.235179489861442,0.055309392451488096,0.000544724933660154,101.53637007186242,False
50,exclude,6,0.720717453696396,0.5,1.0,0.22071745369639595,0.22071745369639595,0.04871619436622069,0.00047979058471109195,101.53637007186242,False
50,exclude,7,0.674960922767487,0.4962,354.5,0.178760922767487,0.178760922767487,11.328213231828286,0.11156803442757247,101.53637007186242,True
50,exclude,10,0.59085981836726,0.5121,739.2,0.07875981836725998,0.07875981836725998,4.585338164849005,0.04515956362832086,101.53637007186242,True
50,exclude,13,0.574165317410775,0.5,1.0,0.07416531741077503,0.07416531741077503,0.00550049430664101,5.417265067431535e-05,101.53637007186242,False
50,exclude,14,0.500373063960066,0.4962,354.5,0.0041730639600660036,0.0041730639600660036,0.006173427067847222,6.0800155288966663e-05,101.53637007186242,True
50,exclude,17,0.779762668742198,0.5121,739.2,0.267662668742198,0.267662668742198,52.9587304928742,0.521573998119025,101.53637007186242,True
50,exclude,18,0.899531082817489,0.5282,231.2,0.37133108281748894,0.37133108281748894,31.879421932953722,0.31397047097893144,101.53637007186242,True
50,exclude,19,0.989999985914354,0.5,1.0,0.489999985914354,0.489999985914354,0.24009998619606712,0.0023646697831145257,101.53637007186242,False
50,exclude,20,0.185987705607304,0.5,1.0,-0.314012294392696,0.314012294392696,0.09860372102976518,0.0009711172554226465,101.53637007186242,False
50,exclude,23,0.989999998656601,0.5,1.0,0.48999999865660104,0.48999999865660104,0.240099998683469,0.002364669906099047,101.53637007186242,False
50,exclude,29,0.199728397520329,0.5,1.0,-0.300271602479671,0.300271602479671,0.09016303525570957,0.0008879875771794543,101.53637007186242,False
51,exclude,1,0.234983001764358,0.5,1.0,-0.265016998235642,0.265016998235642,0.07023400935383028,0.0008692762634791851,80.79595901161063,False
51,exclude,6,0.695696131187844,0.5,1.0,0.195696131187844,0.195696131187844,0.038296975761889854,0.0004739961779076904,80.79595901161063,False
51,exclude,7,0.665277803888784,0.4962,354.5,0.16907780388878402,0.16907780388878402,10.134199185704281,0.12542953025965028,80.79595901161063,True
51,exclude,10,0.579415206223914,0.5121,739.2,0.06731520622391396,0.06731520622391396,3.3495643022451937,0.041457077101638845,80.79595901161063,True
51,exclude,13,0.519894305188612,0.5,1.0,0.019894305188612016,0.019894305188612016,0.000395783378937635,4.898554132896172e-06,80.79595901161063,False
51,exclude,14,0.499600739595384,0.4962,354.5,0.003400739595384006,0.003400739595384006,0.004099803062544657,5.074267466712663e-05,80.79595901161063,True
51,exclude,17,0.749778614138556,0.5121,739.2,0.23767861413855595,0.23767861413855595,41.75823857903513,0.5168357315126904,80.79595901161063,True
51,exclude,18,0.855825504992952,0.5282,231.2,0.32762550499295195,0.32762550499295195,24.816654615860223,0.30715217591877325,80.79595901161063,True
51,exclude,19,0.9899999946898,0.5,1.0,0.48999999468980004,0.48999999468980004,0.24009999479600408,0.0029716832095711735,80.79595901161063,False
51,exclude,20,0.277145878261736,0.5,1.0,-0.22285412173826402,0.22285412173826402,0.049663959575733004,0.0006146837067506822,80.79595901161063,False
51,exclude,23,0.989999998758916,0.5,1.0,0.489999998758916,0.489999998758916,0.24009999878373767,0.0029716832589267803,80.79595901161063,False
51,exclude,29,0.192734961225453,0.5,1.0,-0.30726503877454703,0.30726503877454703,0.09441180405312388,0.0011685213618116298,80.79595901161063,False
52,include,1,0.207791769917411,0.5,1.0,-0.292208230082589,0.292208230082589,0.08538564972799928,0.0021983414797953037,38.84094009632656,False
52,include,6,0.33042625490681,0.5,1.0,-0.16957374509319,0.16957374509319,0.028755255024930183,0.00074033365190483,38.84094009632656,False
52,include,7,0.522729885355886,0.4962,354.5,0.026529885355886074,0.026529885355886074,0.24950944262524447,0.006423877537630511,38.84094009632656,True
52,include,10,0.546884194868967,0.5121,739.2,0.034784194868967,0.034784194868967,0.894387805214734,0.023026935058642468,38.84094009632656,True
52,include,13,0.443187013259208,0.5,1.0,-0.05681298674079199,0.05681298674079199,0.0032277154624094067,8.310085838305115e-05,38.84094009632656,False
52,include,14,0.501809522935059,0.4962,354.5,0.005609522935059008,0.005609522935059008,0.011154962009648849,0.0002871959839793848,38.84094009632656,True
52,include,17,0.694605884686094,0.5121,739.2,0.18250588468609397,0.18250588468609397,24.621567760983794,0.6339076165489727,38.84094009632656,True
52,include,18,0.759808625843955,0.5282,231.2,0.23160862584395503,0.23160862584395503,12.402158846703175,0.3193063508747598,38.84094009632656,True
52,include,19,0.424454543249278,0.5,1.0,-0.075545456750722,0.075545456750722,0.0057071160356752075,0.0001469355793531621,38.84094009632656,False
52,include,20,0.099621574085397,0.5,1.0,-0.400378425914603,0.400378425914603,0.16030288393785525,0.004127162822019751,38.84094009632656,False
52,include,23,0.989999998336646,0.5,1.0,0.489999998336646,0.489999998336646,0.24009999836991305,0.006181621705717181,38.84094009632656,False
52,include,29,0.127598791313465,0.5,1.0,-0.37240120868653503,0.37240120868653503,0.13868266023119222,0.003570527898842189,38.84094009632656,False
53,exclude,1,0.276620658726023,0.5,1.0,-0.22337934127397702,0.22337934127397702,0.049898330107995895,0.0004406370918210166,113.24132950719503,False
53,exclude,6,0.841391410188633,0.5,1.0,0.34139141018863295,0.34139141018863295,0.11654809495058344,0.0010292010475131193,113.24132950719503,False
53,exclude,7,0.658592327577837,0.4962,354.5,0.16239232757783706,0.16239232757783706,9.348614525904303,0.08255479308294697,113.24132950719503,True
53,exclude,10,0.606358136735957,0.5121,739.2,0.09425813673595695,0.09425813673595695,6.5674936152186785,0.05799555377704567,113.24132950719503,True
53,exclude,13,0.640552147253067,0.5,1.0,0.14055214725306697,0.14055214725306697,0.019754906097447823,0.000174449612905619,113.24132950719503,False
53,exclude,14,0.502838338309623,0.4962,354.5,0.006638338309623015,0.006638338309623015,0.015621941339361532,0.00013795264862524382,113.24132950719503,True
53,exclude,17,0.807290965405179,0.5121,739.2,0.295190965405179,0.295190965405179,64.41219231721729,0.5688046281117242,113.24132950719503,True
53,exclude,18,0.901196846056351,0.5282,231.2,0.372996846056351,0.372996846056351,32.16608082523817,0.2840489507251363,113.24132950719503,True
53,exclude,19,0.989999994734298,0.5,1.0,0.489999994734298,0.489999994734298,0.24009999483961209,0.0021202505824020443,113.24132950719503,False
53,exclude,20,0.338360894492253,0.5,1.0,-0.16163910550774702,0.16163910550774702,0.026127200429344574,0.00023072142073079886,113.24132950719503,False
53,exclude,23,0.989999998517126,0.5,1.0,0.48999999851712595,0.48999999851712595,0.24009999854678343,0.0021202506151389556,113.24132950719503,False
53,exclude,29,0.303028536824577,0.5,1.0,-0.19697146317542302,0.19697146317542302,0.03879775730546703,0.00034261128401006567,113.24132950719503,False
54,exclude,1,0.293076921625714,0.5,1.0,-0.20692307837428597,0.20692307837428597,0.042817160363890897,0.0003578924098239829,119.6369612447189,False
54,exclude,6,0.812390321022848,0.5,1.0,0.312390321022848,0.312390321022848,0.09758771266875804,0.0008156986908848441,119.6369612447189,False
54,exclude,7,0.66771990223802,0.4962,354.5,0.17151990223802005,0.17151990223802005,10.429062748195815,0.08717258144715859,119.6369612447189,True
54,exclude,10,0.610837164632917,0.5121,739.2,0.09873716463291704,0.09873716463291704,7.206481260869547,0.06023624460110283,119.6369612447189,True
54,exclude,13,0.665888044157364,0.5,1.0,0.16588804415736402,0.16588804415736402,0.027518843194355557,0.00023001957679337425,119.6369612447189,False
54,exclude,14,0.5042315476313,0.4962,354.5,0.008031547631299985,0.008031547631299985,0.022867290981936416,0.00019113901543487959,119.6369612447189,True
54,exclude,17,0.814376191099807,0.5121,739.2,0.30227619109980697,0.30227619109980697,67.54136610573255,0.5645526717080003,119.6369612447189,True
54,exclude,18,0.909948000260407,0.5282,231.2,0.381748000260407,0.381748000260407,33.693131054491914,0.2816281081025804,119.6369612447189,True
54,exclude,19,0.989999994270019,0.5,1.0,0.48999999427001895,0.48999999427001895,0.2400999943846186,0.0020069048217756973,119.6369612447189,False
54,exclude,20,0.258858237869506,0.5,1.0,-0.241141762130494,0.241141762130494,0.058149349443399743,0.0004860483653078961,119.6369612447189,False
54,exclude,23,0.989999998337675,0.5,1.0,0.48999999833767505,0.48999999833767505,0.24009999837092155,0.0020069048550956925,119.6369612447189,False
54,exclude,29,0.305629925088234,0.5,1.0,-0.194370074911766,0.194370074911766,0.03777972602120553,0.0003157864060415796,119.6369612447189,False
55,exclude,1,0.279405702486353,0.5,1.0,-0.220594297513647,0.220594297513647,0.04866184409553941,0.00039188953954436456,124.17234752455177,False
55,exclude,6,0.879734806858509,0.5,1.0,0.379734806858509,0.379734806858509,0.14419852353986914,0.0011612772603123874,124.17234752455177,False
55,exclude,7,0.66638713722364,0.4962,354.5,0.17018713722363998,0.17018713722363998,10.267618064276025,0.08268844286966451,124.17234752455177,True
55,exclude,10,0.611473819675726,0.5121,739.2,0.099373819675726,0.099373819675726,7.299715342508791,0.05878696415130162,124.17234752455177,True
55,exclude,13,0.656916668855776,0.5,1.0,0.15691666885577604,0.15691666885577604,0.024622840964793277,0.00019829568704839672,124.17234752455177,False
55,exclude,14,0.501310325610954,0.4962,354.5,0.005110325610954036,0.005110325610954036,0.009257919172815337,7.455701174518611e-05,124.17234752455177,True
55,exclude,17,0.818252895628801,0.5121,739.2,0.306152895628801,0.306152895628801,69.28491699500412,0.5579738031553675,124.17234752455177,True
55,exclude,18,0.925768172018284,0.5282,231.2,0.397568172018284,0.397568172018284,36.543576364133116,0.2942972174775676,124.17234752455177,True
55,exclude,19,0.9899999946046,0.5,1.0,0.4899999946046,0.4899999946046,0.240099994712508,0.001933602766630748,124.17234752455177,False
55,exclude,20,0.302985956964362,0.5,1.0,-0.19701404303563802,0.19701404303563802,0.03881453315324823,0.0003125859656118178,124.17234752455177,False
55,exclude,23,0.989999998512288,0.5,1.0,0.48999999851228804,0.48999999851228804,0.24009999854204228,0.0019336027974712238,124.17234752455177,False
55,exclude,29,0.324600158355521,0.5,1.0,-0.17539984164447903,0.17539984164447903,0.030765104448908318,0.00024776131773481485,124.17234752455177,False
56,exclude,1,0.355737919195671,0.5,1.0,-0.144262080804329,0.144262080804329,0.020811547957994753,0.00016799069270343112,123.88512496186456,False
56,exclude,6,0.810545840598524,0.5,1.0,0.31054584059852397,0.31054584059852397,0.09643871911304386,0.0007784527734280487,123.88512496186456,False
56,exclude,7,0.665521183083329,0.4962,354.5,0.169321183083329,0.169321183083329,10.163395547941697,0.08203886908190378,123.88512496186456,True
56,exclude,10,0.596756314402105,0.5121,739.2,0.08465631440210497,0.08465631440210497,5.297618407175036,0.04276234462213116,123.88512496186456,True
56,exclude,13,0.699929047983401,0.5,1.0,0.19992904798340105,0.19992904798340105,0.03997162422754908,0.0003226507156517258,123.88512496186456,False
56,exclude,14,0.50472228630293,0.4962,354.5,0.00852228630293006,0.00852228630293006,0.02574710947741925,0.00020783051625725816,123.88512496186456,True
56,exclude,17,0.817000204017533,0.5121,739.2,0.30490020401753304,0.30490020401753304,68.71908815582267,0.5547000753881985,123.88512496186456,True
56,exclude,18,0.938585946280466,0.5282,231.2,0.410385946280466,0.410385946280466,38.93792367792352,0.3143066908953738,123.88512496186456,True
56,exclude,19,0.943183201114259,0.5,1.0,0.443183201114259,0.443183201114259,0.19641134974988175,0.0015854312598896992,123.88512496186456,False
56,exclude,20,0.232703308844696,0.5,1.0,-0.26729669115530397,0.26729669115530397,0.07144752110257395,0.0005767239700857353,123.88512496186456,False
56,exclude,23,0.989999998709433,0.5,1.0,0.489999998709433,0.489999998709433,0.24009999873524435,0.00193808577752296,123.88512496186456,False
56,exclude,29,0.224008509845074,0.5,1.0,-0.27599149015492597,0.27599149015492597,0.0761713026379366,0.0006148543068539047,123.88512496186456,False
57,exclude,1,0.376124229342251,0.5,1.0,-0.12387577065774902,0.12387577065774902,0.015345206556051233,0.00011706098852155317,131.08727980052797,False
57,exclude,6,0.846793992306781,0.5,1.0,0.346793992306781,0.346793992306781,0.12026607310007567,0.0009174503680531121,131.08727980052797,False
57,exclude,7,0.66559337205937,0.4962,354.5,0.16939337205937,0.16939337205937,10.17206358941485,0.07759764032706613,131.08727980052797,True
57,exclude,10,0.602731584221191,0.5121,739.2,0.090631584221191,0.090631584221191,6.071850936000946,0.04631914664214804,131.08727980052797,True
57,exclude,13,0.728397570365586,0.5,1.0,0.22839757036558594,0.22839757036558594,0.05216545014890278,0.00039794440946735305,131.08727980052797,False
57,exclude,14,0.505627797505192,0.4962,354.5,0.00942779750519207,0.00942779750519207,0.03150915317571212,0.00024036773990320615,131.08727980052797,True
57,exclude,17,0.826773890250749,0.5121,739.2,0.314673890250749,0.314673890250749,73.19533060633547,0.5583709625961791,131.08727980052797,True
57,exclude,18,0.948377623021039,0.5282,231.2,0.420177623021039,0.420177623021039,40.81818310601552,0.3113817234450777,131.08727980052797,True
57,exclude,19,0.989999963244595,0.5,1.0,0.48999996324459505,0.48999996324459505,0.2400999639797045,0.0018316038317757318,131.08727980052797,False
57,exclude,20,0.253189727367844,0.5,1.0,-0.246810272632156,0.246810272632156,0.06091531067675917,0.00046469276629625985,131.08727980052797,False
57,exclude,23,0.989999998753584,0.5,1.0,0.489999998753584,0.489999998753584,0.24009999877851235,0.0018316040972386194,131.08727980052797,False
57,exclude,29,0.236465549983518,0.5,1.0,-0.263534450016482,0.263534450016482,0.06945040634548966,0.0005298027882733588,131.08727980052797,False
62,include,1,0.216906129233377,0.5,1.0,-0.283093870766623,0.283093870766623,0.08014213966562946,0.002264031590916085,35.39797765507411,False
62,include,6,0.318247608186048,0.5,1.0,-0.18175239181395197,0.18175239181395197,0.03303393193009232,0.0009332152320107779,35.39797765507411,False
62,include,7,0.525862090341304,0.4962,354.5,0.02966209034130407,0.02966209034130407,0.31190313941086006,0.008811326524077583,35.39797765507411,True
62,include,10,0.553907527304322,0.5121,739.2,0.04180752730432202,0.04180752730432202,1.292025015611766,0.03649996698120864,35.39797765507411,True
62,include,13,0.435525312123836,0.5,1.0,-0.064474687876164,0.064474687876164,0.00415698537672877,0.00011743567435505425,35.39797765507411,False
62,include,14,0.50201212431755,0.4962,354.5,0.005812124317550071,0.005812124317550071,0.011975289729801865,0.00033830434739780317,35.39797765507411,True
62,include,17,0.68454137387917,0.5121,739.2,0.17244137387917002,0.17244137387917002,21.980871472808154,0.6209640473530644,35.39797765507411,True
62,include,18,0.747810673452357,0.5282,231.2,0.21961067345235696,0.21961067345235696,11.150509633138523,0.3150041435076209,35.39797765507411,True
62,include,19,0.469383642633613,0.5,1.0,-0.030616357366387015,0.030616357366387015,0.0009373613383863204,2.648064664937023e-05,35.39797765507411,False
62,include,20,0.110902717299924,0.5,1.0,-0.389097282700076,0.389097282700076,0.15139669540458284,0.004276987145419053,35.39797765507411,False
62,include,23,0.989999998358117,0.5,1.0,0.48999999835811703,0.48999999835811703,0.2400999983909547,0.006782873324870232,35.39797765507411,False
62,include,29,0.124598891492542,0.5,1.0,-0.375401108507458,0.375401108507458,0.14092599226862826,0.003981187672410073,35.39797765507411,False
63,include,1,0.248770417475408,0.5,1.0,-0.251229582524592,0.251229582524592,0.06311630313548078,0.000805618086427468,78.34519134913106,False
63,include,6,0.404362218993309,0.5,1.0,-0.09563778100669101,0.09563778100669101,0.009146585155883789,0.00011674724381134894,78.34519134913106,False
63,include,7,0.515271800335677,0.4962,354.5,0.019071800335677014,0.019071800335677014,0.12894354987157314,0.0016458387254038313,78.34519134913106,True
63,include,10,0.586728402954267,0.5121,739.2,0.07462840295426698,0.07462840295426698,4.116899391531286,0.052548207753875725,78.34519134913106,True
63,include,13,0.736820315100683,0.5,1.0,0.23682031510068302,0.23682031510068302,0.05608386164438679,0.00071585582571953,78.34519134913106,False
63,include,14,0.500171038201811,0.4962,354.5,0.003971038201810995,0.003971038201810995,0.005590161689885894,7.1352964918732e-05,78.34519134913106,True
63,include,17,0.779087715583643,0.5121,739.2,0.266987715583643,0.266987715583643,52.6919798494854,0.6725617608702135,78.34519134913106,True
63,include,18,0.827924810606885,0.5282,231.2,0.29972481060688505,0.29972481060688505,20.769843235978612,0.26510680334446557,78.34519134913106,True
63,include,19,0.635738171359658,0.5,1.0,0.13573817135965804,0.13573817135965804,0.01842485116406389,0.00023517526534534713,78.34519134913106,False
63,include,20,0.165059243878635,0.5,1.0,-0.334940756121365,0.334940756121365,0.1121853101111517,0.0014319361300838276,78.34519134913106,False
63,include,23,0.989999996450893,0.5,1.0,0.489999996450893,0.489999996450893,0.24009999652187514,0.0030646424163024034,78.34519134913106,False
63,include,29,0.135475305580768,0.5,1.0,-0.36452469441923196,0.36452469441923196,0.13287825284143445,0.0016960613734324388,78.34519134913106,False
65,include,1,0.256178847490825,0.5,1.0,-0.24382115250917502,0.24382115250917502,0.05944875441090239,0.0007973964121442529,74.55357649658927,False
65,include,6,0.38732752669163,0.5,1.0,-0.11267247330836999,0.11267247330836999,0.012695086241425348,0.00017028138471674971,74.55357649658927,False
65,include,7,0.526066702693276,0.4962,354.5,0.02986670269327607,0.02986670269327607,0.31622106510294884,0.004241527770534463,74.55357649658927,True
65,include,10,0.573037653243774,0.5121,739.2,0.06093765324377398,0.06093765324377398,2.7449434932489574,0.03681840123893365,74.55357649658927,True
65,include,13,0.489669316436893,0.5,1.0,-0.010330683563107013,0.010330683563107013,0.0001067230228810494,1.4314943413336025e-06,74.55357649658927,False
65,include,14,0.498656387337749,0.4962,354.5,0.0024563873377489998,0.0024563873377489998,0.002138995837957508,2.869072066657143e-05,74.55357649658927,True
65,include,17,0.768604862443746,0.5121,739.2,0.25650486244374604,0.25650486244374604,48.635475102825126,0.6523560288895078,74.55357649658927,True
65,include,18,0.838456659313203,0.5282,231.2,0.310256659313203,0.310256659313203,22.25512580266128,0.2985118467613612,74.55357649658927,True
65,include,19,0.67430213764425,0.5,1.0,0.17430213764424995,0.17430213764424995,0.030381235187355058,0.0004075087556496362,74.55357649658927,False
65,include,20,0.152559171761449,0.5,1.0,-0.347440828238551,0.347440828238551,0.12071512912709029,0.0016191728794206519,74.55357649658927,False
65,include,23,0.989999998093332,0.5,1.0,0.48999999809333195,0.48999999809333195,0.24009999813146532,0.003220502750025005,74.55357649658927,False
65,include,29,0.13091313923159,0.5,1.0,-0.36908686076841,0.36908686076841,0.13622511079187968,0.0018272109426985276,74.55357649658927,False
66,exclude,1,0.293981365037121,0.5,1.0,-0.20601863496287898,0.20601863496287898,0.04244367795196798,0.00041860930691706947,101.39210297198787,False
66,exclude,6,0.729929445166009,0.5,1.0,0.229929445166009,0.229929445166009,0.052867549754348736,0.000521416838241877,101.39210297198787,False
66,exclude,7,0.674708181114105,0.4962,354.5,0.17850818111410505,0.17850818111410505,11.296203021894144,0.11141107335563408,101.39210297198787,True
66,exclude,10,0.591121312665942,0.5121,739.2,0.07902131266594203,0.07902131266594203,4.615836718747584,0.04552461763242869,101.39210297198787,True
66,exclude,13,0.603088334101946,0.5,1.0,0.10308833410194596,0.10308833410194596,0.010627204627914433,0.00010481294219580855,101.39210297198787,False
66,exclude,14,0.504831590883809,0.4962,354.5,0.008631590883809048,0.008631590883809048,0.026411796040243962,0.00026049164842296334,101.39210297198787,True
66,exclude,17,0.780472044451481,0.5121,739.2,0.268372044451481,0.268372044451481,53.239811296475644,0.5250883425426582,101.39210297198787,True
66,exclude,18,0.898147993033796,0.5282,231.2,0.369947993033796,0.369947993033796,31.6423828574984,0.312079362494734,101.39210297198787,True
66,exclude,19,0.661845234133592,0.5,1.0,0.16184523413359198,0.16184523413359198,0.026193879811757206,0.00025834240580840825,101.39210297198787,False
66,exclude,20,0.167956310909077,0.5,1.0,-0.33204368909092297,0.33204368909092297,0.11025301146510952,0.0010873924914603034,101.39210297198787,False
66,exclude,23,0.989999998853522,0.5,1.0,0.48999999885352197,0.48999999885352197,0.24009999887645153,0.0023680345099734764,101.39210297198787,False
66,exclude,29,0.201718322982599,0.5,1.0,-0.298281677017401,0.298281677017401,0.08897195884431312,0.0008775038315251621,101.39210297198787,False
68,exclude,1,0.293400744609191,0.5,1.0,-0.20659925539080898,0.20659925539080898,0.042683252328036714,0.0004445380415887665,96.01709715435818,False
68,exclude,6,0.717812703617771,0.5,1.0,0.21781270361777105,0.21781270361777105,0.04744237385728298,0.0004941033968254016,96.01709715435818,False
68,exclude,7,0.665911612368399,0.4962,354.5,0.16971161236839905,0.16971161236839905,10.210320121615675,0.10633856286241863,96.01709715435818,True
68,exclude,10,0.586140432017927,0.5121,739.2,0.07404043201792698,0.07404043201792698,4.052283735858217,0.04220377261920051,96.01709715435818,True
68,exclude,13,0.576987356540002,0.5,1.0,0.076987356540002,0.076987356540002,0.005927053067017388,6.17291424410487e-05,96.01709715435818,False
68,exclude,14,0.505230688438489,0.4962,354.5,0.009030688438488976,0.009030688438488976,0.028910656787099222,0.00030109905052245144,96.01709715435818,True
68,exclude,17,0.773711870167372,0.5121,739.2,0.261611870167372,0.261611870167372,50.591417636737745,0.5269000952549774,96.01709715435818,True
68,exclude,18,0.89170026598696,0.5282,231.2,0.36350026598695995,0.36350026598695995,30.549020907742953,0.318162304559489,96.01709715435818,True
68,exclude,19,0.682018989353134,0.5,1.0,0.182018989353134,0.182018989353134,0.033130912485136305,0.0003450522195216407,96.01709715435818,False
68,exclude,20,0.157762777177789,0.5,1.0,-0.34223722282221103,0.34223722282221103,0.11712631668505973,0.0012198485494387121,96.01709715435818,False
68,exclude,23,0.989999998900947,0.5,1.0,0.48999999890094703,0.48999999890094703,0.2400999989229281,0.002500596310852229,96.01709715435818,False
68,exclude,29,0.18578003203007,0.5,1.0,-0.31421996796993,0.31421996796993,0.09873418827102384,0.0010282979927241254,96.01709715435818,False
69,exclude,1,0.264136586917933,0.5,1.0,-0.23586341308206699,0.23586341308206699,0.05563154963072177,0.000769825435572512,72.26514877278522,False
69,exclude,6,0.625328508760912,0.5,1.0,0.12532850876091195,0.12532850876091195,0.015707235108233984,0.00021735560467218284,72.26514877278522,False
69,exclude,7,0.673598834479551,0.4962,354.5,0.17739883447955107,0.17739883447955107,11.156237825282268,0.15437922725876493,72.26514877278522,True
69,exclude,10,0.556563605387192,0.5121,739.2,0.04446360538719196,0.04446360538719196,1.4614074212174433,0.02022285217750501,72.26514877278522,True
69,exclude,13,0.545367189617938,0.5,1.0,0.04536718961793795,0.04536718961793795,0.0020581818938299372,2.8480974975935295e-05,72.26514877278522,False
69,exclude,14,0.504847234347323,0.4962,354.5,0.008647234347323063,0.008647234347323063,0.02650761762849216,0.00036681053147537176,72.26514877278522,True
69,exclude,17,0.744424760811825,0.5121,739.2,0.23232476081182496,0.23232476081182496,39.89816808425203,0.5521080183436573,72.26514877278522,True
69,exclude,18,0.815925270987635,0.5282,231.2,0.287725270987635,0.287725270987635,19.140084257806727,0.2648591275718069,72.26514877278522,True
69,exclude,19,0.575691698644487,0.5,1.0,0.075691698644487,0.075691698644487,0.005729233243687834,7.928072301769675e-05,72.26514877278522,False
69,exclude,20,0.132883427396834,0.5,1.0,-0.367116572603166,0.367116572603166,0.13477457787989564,0.0018650010436379427,72.26514877278522,False
69,exclude,23,0.989999998771829,0.5,1.0,0.489999998771829,0.489999998771829,0.2400999987963924,0.0033224867432475715,72.26514877278522,False
69,exclude,29,0.141192544607135,0.5,1.0,-0.35880745539286496,0.35880745539286496,0.1287427900455028,0.0017815335916666214,72.26514877278522,False
70,exclude,1,0.221249715099784,0.5,1.0,-0.278750284900216,0.278750284900216,0.0777017213319516,0.0017798780814822668,43.65564256358632,False
70,exclude,6,0.748070436196392,0.5,1.0,0.24807043619639202,0.24807043619639202,0.0615389413146682,0.0014096446118055436,43.65564256358632,False
70,exclude,7,0.657106215848686,0.4962,354.5,0.16090621584868603,0.16090621584868603,9.178292250904727,0.21024297689665547,43.65564256358632,True
70,exclude,10,0.530122063914711,0.5121,739.2,0.01802206391471095,0.01802206391471095,0.24008830710178894,0.005499593935700065,43.65564256358632,True
70,exclude,13,0.824434942212262,0.5,1.0,0.324434942212262,0.324434942212262,0.10525803172827378,0.0024110979829230763,43.65564256358632,False
70,exclude,14,0.515034528956442,0.4962,354.5,0.018834528956441998,0.018834528956441998,0.12575514601841797,0.002880616081535169,43.65564256358632,True
70,exclude,17,0.672574108619949,0.5121,739.2,0.16047410861994904,0.16047410861994904,19.03583370602184,0.4360452071755749,43.65564256358632,True
70,exclude,18,0.777018007888973,0.5282,231.2,0.24881800788897301,0.24881800788897301,14.313684722722321,0.327877082598746,43.65564256358632,True
70,exclude,19,0.545137568304765,0.5,1.0,0.04513756830476501,0.04513756830476501,0.002037400072467327,4.6669799201781675e-05,43.65564256358632,False
70,exclude,20,0.133743931161925,0.5,1.0,-0.366256068838075,0.366256068838075,0.13414350796072072,0.0030727644832013396,43.65564256358632,False
70,exclude,23,0.989999998709105,0.5,1.0,0.48999999870910504,0.48999999870910504,0.24009999873492294,0.005499861750636404,43.65564256358632,False
70,exclude,29,0.124222366719063,0.5,1.0,-0.375777633280937,0.375777633280937,0.14120882967422238,0.0032346066025381636,43.65564256358632,False
71,include,1,0.339306536512389,0.5,1.0,-0.160693463487611,0.160693463487611,0.025822389207644167,0.00018442351297805694,140.01679498815622,False
71,include,6,0.410135153468577,0.5,1.0,-0.08986484653142301,0.08986484653142301,0.00807569064211621,5.767658546104644e-05,140.01679498815622,False
71,include,7,0.554531217574898,0.4962,354.5,0.05833121757489801,0.05833121757489801,1.206197219566497,0.008614660974553282,140.01679498815622,True
71,include,10,0.599050885750739,0.5121,739.2,0.08695088575073895,0.08695088575073895,5.588689469073892,0.03991442219161372,140.01679498815622,True
71,include,13,0.863783991172546,0.5,1.0,0.363783991172546,0.363783991172546,0.13233879223342704,0.0009451637015732388,140.01679498815622,False
71,include,14,0.508254324007011,0.4962,354.5,0.012054324007011008,0.012054324007011008,0.05151123481579768,0.00036789325752067763,140.01679498815622,True
71,include,17,0.854558910838718,0.5121,739.2,0.34245891083871804,0.34245891083871804,86.6919756690121,0.6191541213062706,140.01679498815622,True
71,include,18,0.972936671377786,0.5282,231.2,0.44473667137778605,0.44473667137778605,45.72921142792619,0.3265980444117032,140.01679498815622,True
71,include,19,0.882267683798596,0.5,1.0,0.382267683798596,0.382267683798596,0.14612858207674337,0.0010436503855777025,140.01679498815622,False
71,include,20,0.242683066902166,0.5,1.0,-0.257316933097834,0.257316933097834,0.06621200405887517,0.00047288615672481243,140.01679498815622,False
71,include,23,0.989999999074744,0.5,1.0,0.489999999074744,0.489999999074744,0.24009999909324914,0.0017147942795973782,140.01679498815622,False
71,include,29,0.138707168006767,0.5,1.0,-0.36129283199323303,0.36129283199323303,0.1305325104496905,0.0009322632364262588,140.01679498815622,False
72,exclude,1,0.239316636264496,0.5,1.0,-0.260683363735504,0.260683363735504,0.06795581612845708,0.0008145268722403201,83.42980255709381,False
72,exclude,6,0.686738655997888,0.5,1.0,0.18673865599788797,0.18673865599788797,0.03487132564389754,0.00041797205045563816,83.42980255709381,False
72,exclude,7,0.6570788970759,0.4962,354.5,0.16087889707589997,0.16087889707589997,9.175175921384918,0.1099748008525615,83.42980255709381,True
72,exclude,10,0.582014283169508,0.5121,739.2,0.06991428316950798,0.06991428316950798,3.613214767825664,0.043308442032486176,83.42980255709381,True
72,exclude,13,0.539843436184925,0.5,1.0,0.03984343618492503,0.03984343618492503,0.001587499407022193,1.9027965527496174e-05,83.42980255709381,False
72,exclude,14,0.501608541026085,0.4962,354.5,0.005408541026085012,0.005408541026085012,0.01036994603293445,0.00012429546415188922,83.42980255709381,True
72,exclude,17,0.752480230290878,0.5121,739.2,0.24038023029087796,0.24038023029087796,42.71293866078293,0.5119626003136354,83.42980255709381,True
72,exclude,18,0.870794640163449,0.5282,231.2,0.342594640163449,0.342594640163449,27.136195422768775,0.3252578166441011,83.42980255709381,True
72,exclude,19,0.989999981039312,0.5,1.0,0.48999998103931197,0.48999998103931197,0.2400999814185261,0.0028778682684070557,83.42980255709381,False
72,exclude,20,0.195130531042168,0.5,1.0,-0.304869468957832,0.304869468957832,0.0929453931026305,0.0011140550529173895,83.42980255709381,False
72,exclude,23,0.989999998764339,0.5,1.0,0.489999998764339,0.489999998764339,0.2400999987890522,0.0028778684766123438,83.42980255709381,False
72,exclude,29,0.176970862291029,0.5,1.0,-0.323029137708971,0.323029137708971,0.10434782380900136,0.0012507260069037397,83.42980255709381,False
73,exclude,1,0.217035733901673,0.5,1.0,-0.28296426609832703,0.28296426609832703,0.08006877588856483,0.001088898649812337,73.53189013721713,False
73,exclude,6,0.594948308772778,0.5,1.0,0.09494830877277805,0.09494830877277805,0.0090151813388108,0.0001226023337899741,73.53189013721713,False
73,exclude,7,0.664225177527193,0.4962,354.5,0.16802517752719304,0.16802517752719304,10.008407170339359,0.13610974981960575,73.53189013721713,True
73,exclude,10,0.568134897245332,0.5121,739.2,0.05603489724533195,0.05603489724533195,2.3210212571107975,0.03156482517693429,73.53189013721713,True
73,exclude,13,0.493755921415597,0.5,1.0,-0.006244078584403012,0.006244078584403012,3.8988517368200324e-05,5.302259644821347e-07,73.53189013721713,False
73,exclude,14,0.498715645869848,0.4962,354.5,0.0025156458698480377,0.0025156458698480377,0.0022434440835103976,3.050981117612955e-05,73.53189013721713,True
73,exclude,17,0.73194032495322,0.5121,739.2,0.21984032495322003,0.21984032495322003,35.725364857117235,0.48584858610938036,73.53189013721713,True
73,exclude,18,0.856328565582044,0.5282,231.2,0.32812856558204395,0.32812856558204395,24.89292380337495,0.33853235319971386,73.53189013721713,True
73,exclude,19,0.513686361923721,0.5,1.0,0.013686361923720969,0.013686361923720969,0.00018731650270707915,2.54741857386679e-06,73.53189013721713,False
73,exclude,20,0.122110881329024,0.5,1.0,-0.37788911867097597,0.37788911867097597,0.14280018600992694,0.0019420170723674984,73.53189013721713,False
73,exclude,23,0.989999998106237,0.5,1.0,0.48999999810623696,0.48999999810623696,0.24009999814411223,0.0032652499166832783,73.53189013721713,False
73,exclude,29,0.168761175600146,0.5,1.0,-0.33123882439985397,0.33123882439985397,0.1097191587897973,0.0014921302659982147,73.53189013721713,False
74,include,1,0.362286510764774,0.5,1.0,-0.13771348923522603,0.13771348923522603,0.018965005117340714,0.00012807830391601305,148.07351860137808,False
74,include,6,0.809719530780979,0.5,1.0,0.309719530780979,0.309719530780979,0.09592618774718982,0.0006478281103417844,148.07351860137808,False
74,include,7,0.524127158915946,0.4962,354.5,0.027927158915945993,0.027927158915945993,0.2764838397137999,0.0018672065223094305,148.07351860137808,True
74,include,10,0.599515284555345,0.5121,739.2,0.08741528455534497,0.08741528455534497,5.648546515100918,0.038146905459220636,148.07351860137808,True
74,include,13,0.916179280283926,0.5,1.0,0.41617928028392603,0.41617928028392603,0.17320519333764667,0.0011697243029925183,148.07351860137808,False
74,include,14,0.503891628677894,0.4962,354.5,0.00769162867789408,0.00769162867789408,0.02097262828424463,0.00014163659027178303,148.07351860137808,True
74,include,17,0.868300427340829,0.5121,739.2,0.356200427340829,0.356200427340829,93.78876788841379,0.6333932547446125,148.07351860137808,True
74,include,18,0.98095798499023,0.5282,231.2,0.45275798499023,0.45275798499023,47.393640135221965,0.3200683051424489,148.07351860137808,True
74,include,19,0.989999984802502,0.5,1.0,0.48999998480250195,0.48999998480250195,0.24009998510645214,0.0016214917250181261,148.07351860137808,False
74,include,20,0.286495969675386,0.5,1.0,-0.213504030324614,0.213504030324614,0.0455839709648537,0.0003078468817072431,148.07351860137808,False
74,include,23,0.989999998148425,0.5,1.0,0.489999998148425,0.489999998148425,0.2400999981854565,0.0016214918133459007,148.07351860137808,False
74,include,29,0.137746974913326,0.5,1.0,-0.362253025086674,0.362253025086674,0.13122725418444647,0.0008862304038152652,148.07351860137808,False
75,exclude,1,0.280347462002982,0.5,1.0,-0.219652537997018,0.219652537997018,0.04824723744853144,0.00037742316119404975,127.83327153503816,False
75,exclude,6,0.766897578094999,0.5,1.0,0.26689757809499903,0.26689757809499903,0.07123431719297611,0.0005572439501671621,127.83327153503816,False
75,exclude,7,0.674524107403852,0.4962,354.5,0.17832410740385207,0.17832410740385207,11.272918241249412,0.08818453995491767,127.83327153503816,True
75,exclude,10,0.612964208491699,0.5121,739.2,0.10086420849169897,0.10086420849169897,7.520316659602394,0.05882910269992684,127.83327153503816,True
75,exclude,13,0.628275351333034,0.5,1.0,0.12827535133303403,0.12827535133303403,0.016454565759613314,0.00012871895995482865,127.83327153503816,False
75,exclude,14,0.500787543087926,0.4962,354.5,0.0045875430879259715,0.0045875430879259715,0.007460648036378173,5.836233358334465e-05,127.83327153503816,True
75,exclude,17,0.826492597010825,0.5121,739.2,0.314392597010825,0.314392597010825,73.06452757681198,0.5715611178486153,127.83327153503816,True
75,exclude,18,0.918592095927615,0.5282,231.2,0.39039209592761503,0.39039209592761503,35.236264555709226,0.27564235924331504,127.83327153503816,True
75,exclude,19,0.989999989679352,0.5,1.0,0.489999989679352,0.489999989679352,0.24009998988576506,0.0018782276867564593,127.83327153503816,False
75,exclude,20,0.226520875228011,0.5,1.0,-0.273479124771989,0.273479124771989,0.07479083168605312,0.0005850654589994867,127.83327153503816,False
75,exclude,23,0.98999999820284,0.5,1.0,0.48999999820284,0.48999999820284,0.24009999823878322,0.0018782277520995273,127.83327153503816,False
75,exclude,29,0.297869068628661,0.5,1.0,-0.20213093137133897,0.20213093137133897,0.04085691341704495,0.000319610950470327,127.83327153503816,False
76,exclude,1,0.307543031575715,0.5,1.0,-0.192456968424285,0.192456968424285,0.03703968469506624,0.000347280109736271,106.6565105706591,False
76,exclude,6,0.756139280073726,0.5,1.0,0.256139280073726,0.256139280073726,0.06560733079668665,0.0006151272945801308,106.6565105706591,False
76,exclude,7,0.665848033185291,0.4962,354.5,0.16964803318529098,0.16964803318529098,10.202671355509526,0.09565915199101079,106.6565105706591,True
76,exclude,10,0.590865645766813,0.5121,739.2,0.078765645766813,0.078765645766813,4.586016723704219,0.04299800077057667,106.6565105706591,True
76,exclude,13,0.634585643993849,0.5,1.0,0.13458564399384898,0.13458564399384898,0.018113295569239057,0.00016982831589300066,106.6565105706591,False
76,exclude,14,0.503670354134753,0.4962,354.5,0.007470354134753054,0.007470354134753054,0.01978329467356152,0.0001854860483219657,106.6565105706591,True
76,exclude,17,0.789459718080193,0.5121,739.2,0.277359718080193,0.277359718080193,56.86548304743705,0.5331646679905595,106.6565105706591,True
76,exclude,18,0.913656123481761,0.5282,231.2,0.38545612348176095,0.38545612348176095,34.35086902756041,0.3220700625190923,106.6565105706591,True
76,exclude,19,0.794787424424303,0.5,1.0,0.29478742442430295,0.29478742442430295,0.08689962559871413,0.0008147615662069107,106.6565105706591,False
76,exclude,20,0.187987439407499,0.5,1.0,-0.312012560592501,0.312012560592501,0.0973518379674891,0.0009127603879651986,106.6565105706591,False
76,exclude,23,0.989999998609569,0.5,1.0,0.489999998609569,0.489999998609569,0.24009999863737763,0.002251151827044944,106.6565105706591,False
76,exclude,29,0.205763108176875,0.5,1.0,-0.294236891823125,0.294236891823125,0.08657534850973338,0.0008117211790121138,106.6565105706591,False
78,include,1,0.231593255690585,0.5,1.0,-0.268406744309415,0.268406744309415,0.0720421803907797,0.0010701488346421927,67.31977651955974,False
78,include,6,0.376053630065406,0.5,1.0,-0.12394636993459401,0.12394636993459401,0.01536270261996323,0.00022820489630561388,67.31977651955974,False
78,include,7,0.511170222917859,0.4962,354.5,0.014970222917858989,0.014970222917858989,0.07944613505758344,0.001180130701035533,67.31977651955974,True
78,include,10,0.584205440064137,0.5121,739.2,0.072105440064137,0.072105440064137,3.8432445646742366,0.05708938388346526,67.31977651955974,True
78,include,13,0.743210995486916,0.5,1.0,0.24321099548691605,0.24321099548691605,0.0591515883257367,0.000878665845073776,67.31977651955974,False
78,include,14,0.501228008677665,0.4962,354.5,0.005028008677665063,0.005028008677665063,0.008962068862618352,0.00013312683621304693,67.31977651955974,True
78,include,17,0.766117819406061,0.5121,739.2,0.25401781940606105,0.25401781940606105,47.696918864038935,0.7085127332557412,67.31977651955974,True
78,include,18,0.781484550634366,0.5282,231.2,0.25328455063436595,0.25328455063436595,14.83218830202018,0.22032438413859992,67.31977651955974,True
78,include,19,0.989999986203005,0.5,1.0,0.489999986203005,0.489999986203005,0.2400999864789451,0.0035665594702202277,67.31977651955974,False
78,include,20,0.189231558694948,0.5,1.0,-0.310768441305052,0.310768441305052,0.09657702411117154,0.0014346010801612082,67.31977651955974,False
78,include,23,0.989999997141333,0.5,1.0,0.489999997141333,0.489999997141333,0.24009999719850636,0.0035665596294536923,67.31977651955974,False
78,include,29,0.131648122332628,0.5,1.0,-0.368351877667372,0.368351877667372,0.1356831057810786,0.002015501429088314,67.31977651955974,False
79,exclude,1,0.235530485202009,0.5,1.0,-0.26446951479799097,0.26446951479799097,0.06994412425748477,0.0009385792488742289,74.52127706997429,False
79,exclude,6,0.717207299445821,0.5,1.0,0.21720729944582096,0.21720729944582096,0.04717901093254653,0.0006330945038454748,74.52127706997429,False
79,exclude,7,0.657916870655425,0.4962,354.5,0.16171687065542506,0.16171687065542506,9.271006747249844,0.12440751301865798,74.52127706997429,True
79,exclude,10,0.578519577765111,0.5121,739.2,0.06641957776511098,0.06641957776511098,3.2610253815183663,0.04375965509093887,74.52127706997429,True
79,exclude,13,0.502872291204202,0.5,1.0,0.00287229120420196,0.00287229120420196,8.250056761735946e-06,1.1070739909609002e-07,74.52127706997429,False
79,exclude,14,0.500095152330989,0.4962,354.5,0.003895152330989027,0.003895152330989027,0.005378549041130479,7.217467618114096e-05,74.52127706997429,True
79,exclude,17,0.739527223569066,0.5121,739.2,0.22742722356906597,0.22742722356906597,38.23374658143083,0.5130581235950902,74.52127706997429,True
79,exclude,18,0.843854999227926,0.5282,231.2,0.31565499922792595,0.31565499922792595,23.03632375788894,0.30912411412727403,74.52127706997429,True
79,exclude,19,0.989999994806446,0.5,1.0,0.48999999480644596,0.48999999480644596,0.24009999491031705,0.0032218985550243186,74.52127706997429,False
79,exclude,20,0.34844755002604,0.5,1.0,-0.15155244997396,0.15155244997396,0.022968145093109647,0.0003082092255550442,74.52127706997429,False
79,exclude,23,0.989999998847498,0.5,1.0,0.489999998847498,0.489999998847498,0.24009999887054806,0.0032218986081666047,74.52127706997429,False
79,exclude,29,0.194227979166818,0.5,1.0,-0.305772020833182,0.305772020833182,0.09349652872440789,0.0012546286429930091,74.52127706997429,False
80,include,1,0.275629958033951,0.5,1.0,-0.22437004196604898,0.22437004196604898,0.050341915731846584,0.000678585138321806,74.18658748752746,False
80,include,6,0.430059875343587,0.5,1.0,-0.06994012465641303,0.06994012465641303,0.0048916210369545935,6.593673064928336e-05,74.18658748752746,False
80,include,7,0.536933608892982,0.4962,354.5,0.040733608892982054,0.040733608892982054,0.5881959337267583,0.007928602105139937,74.18658748752746,True
80,include,10,0.574416543019035,0.5121,739.2,0.062316543019035,0.062316543019035,2.8705734538169225,0.03869396815562563,74.18658748752746,True
80,include,13,0.737065155264521,0.5,1.0,0.237065155264521,0.237065155264521,0.05619988784059144,0.0007575478229139463,74.18658748752746,False
80,include,14,0.505658284648588,0.4962,354.5,0.009458284648588,0.009458284648588,0.03171326814102212,0.00042747980753736486,74.18658748752746,True
80,include,17,0.768084405218613,0.5121,739.2,0.255984405218613,0.255984405218613,48.43830921662192,0.6529254257013177,74.18658748752746,True
80,include,18,0.834176521798447,0.5282,231.2,0.30597652179844703,0.30597652179844703,21.645321293401622,0.291768660973127,74.18658748752746,True
80,include,19,0.625144885306832,0.5,1.0,0.125144885306832,0.125144885306832,0.015661242318460132,0.0002111061156586177,74.18658748752746,False
80,include,20,0.157397443625507,0.5,1.0,-0.342602556374493,0.342602556374493,0.11737651163433765,0.0015821796851630554,74.18658748752746,False
80,include,23,0.989999998868234,0.5,1.0,0.489999998868234,0.489999998868234,0.2400999988908693,0.0032364340647321977,74.18658748752746,False
80,include,29,0.142364509079212,0.5,1.0,-0.357635490920788,0.357635490920788,0.12790314436615305,0.0017240736998134147,74.18658748752746,False
81,exclude,1,0.211793763244857,0.5,1.0,-0.288206236755143,0.288206236755143,0.08306283490456154,0.0013583112732517347,61.151546438772414,False
81,exclude,6,0.612171942320979,0.5,1.0,0.11217194232097905,0.11217194232097905,0.01258254464406105,0.00020576004004509095,61.151546438772414,False
81,exclude,7,0.664621999016086,0.4962,354.5,0.168421999016086,0.168421999016086,10.055736277287652,0.16443960722000533,61.151546438772414,True
81,exclude,10,0.567578788874055,0.5121,739.2,0.055478788874054996,0.055478788874054996,2.2751807342377113,0.037205612396339335,61.151546438772414,True
81,exclude,13,0.465725706414265,0.5,1.0,-0.03427429358573503,0.03427429358573503,0.0011747272008011571,1.921009801407631e-05,61.151546438772414,False
81,exclude,14,0.501655616459444,0.4962,354.5,0.005455616459444035,0.005455616459444035,0.010551249712681338,0.00017254264735963313,61.151546438772414,True
81,exclude,17,0.716155128693267,0.5121,739.2,0.20405512869326703,0.20405512869326703,30.779175907622253,0.5033262067777746,61.151546438772414,True
81,exclude,18,0.801486493737247,0.5282,231.2,0.273286493737247,0.273286493737247,17.267289370806658,0.2823688095622474,61.151546438772414,True
81,exclude,19,0.989999959990895,0.5,1.0,0.48999995999089496,0.48999995999089496,0.24009996079107868,0.003926310531353074,61.151546438772414,False
81,exclude,20,0.224211113678731,0.5,1.0,-0.27578888632126897,0.27578888632126897,0.07605950981832582,0.0012437871852428116,61.151546438772414,False
81,exclude,23,0.989999998987946,0.5,1.0,0.489999998987946,0.489999998987946,0.24009999900818707,0.003926311156310424,61.151546438772414,False
81,exclude,29,0.167534478872713,0.5,1.0,-0.332465521127287,0.332465521127287,0.11053332273843852,0.0018075311120563287,61.151546438772414,False
82,exclude,1,0.351182383863148,0.5,1.0,-0.14881761613685202,0.14881761613685202,0.02214668287265544,0.0001952289871782876,113.43952141917623,False
82,exclude,6,0.776292323328878,0.5,1.0,0.276292323328878,0.276292323328878,0.07633744793046926,0.0006729352079015814,113.43952141917623,False
82,exclude,7,0.657854798544353,0.4962,354.5,0.16165479854435305,0.16165479854435305,9.263891094861249,0.08166370043672669,113.43952141917623,True
82,exclude,10,0.592300652874682,0.5121,739.2,0.08020065287468203,0.08020065287468203,4.75464137815146,0.041913447083246576,113.43952141917623,True
82,exclude,13,0.642976950290279,0.5,1.0,0.14297695029027901,0.14297695029027901,0.020442408314308918,0.00018020534694228056,113.43952141917623,False
82,exclude,14,0.506180038116866,0.4962,354.5,0.009980038116865986,0.009980038116865986,0.03530861150859773,0.00031125494066681626,113.43952141917623,True
82,exclude,17,0.804558993060846,0.5121,739.2,0.292458993060846,0.292458993060846,63.22544853030361,0.5573493941029246,113.43952141917623,True
82,exclude,18,0.920162510262381,0.5282,231.2,0.39196251026238105,0.39196251026238105,35.520321705114476,0.3131212231922374,113.43952141917623,True
82,exclude,19,0.821278883073815,0.5,1.0,0.321278883073815,0.321278883073815,0.1032201207091581,0.0009099132244021385,113.43952141917623,False
82,exclude,20,0.191315442238636,0.5,1.0,-0.308684557761364,0.308684557761364,0.09528615620032886,0.0008399731857844505,113.43952141917623,False
82,exclude,23,0.989999999042811,0.5,1.0,0.489999999042811,0.489999999042811,0.24009999906195478,0.002116546297606007,113.43952141917623,False
82,exclude,29,0.212985568049299,0.5,1.0,-0.287014431950701,0.287014431950701,0.08237728414798356,0.000726177994383342,113.43952141917623,False
84,exclude,1,0.249966890548552,0.5,1.0,-0.25003310945144797,0.25003310945144797,0.06251655582195975,0.0009837172381400785,63.55134727552429,False
84,exclude,6,0.608949682905673,0.5,1.0,0.10894968290567297,0.10894968290567297,0.011870033405246689,0.00018677862726945252,63.55134727552429,False
84,exclude,7,0.674323442559521,0.4962,354.5,0.17812344255952106,0.17812344255952106,11.247562099790898,0.17698384978413673,63.55134727552429,True
84,exclude,10,0.548846377551133,0.5121,739.2,0.03674637755113297,0.03674637755113297,0.9981389977059985,0.015706024191408676,63.55134727552429,True
84,exclude,13,0.527798908314821,0.5,1.0,0.027798908314821014,0.027798908314821014,0.0007727793034958248,1.2159920074478853e-05,63.55134727552429,False
84,exclude,14,0.5043442836839,0.4962,354.5,0.008144283683900078,0.008144283683900078,0.02351375695860164,0.000369996199398554,63.55134727552429,True
84,exclude,17,0.727334205499593,0.5121,739.2,0.21523420549959305,0.21523420549959305,34.244004170036746,0.5388399402702393,63.55134727552429,True
84,exclude,18,0.794957622153273,0.5282,231.2,0.26675762215327303,0.26675762215327303,16.45210621945197,0.25887895260700816,63.55134727552429,True
84,exclude,19,0.543280434843453,0.5,1.0,0.04328043484345301,0.04328043484345301,0.0018731960402383811,2.9475315953841474e-05,63.55134727552429,False
84,exclude,20,0.133603769639262,0.5,1.0,-0.366396230360738,0.366396230360738,0.134246197622559,0.0021124052184218855,63.55134727552429,False
84,exclude,23,0.989999998653833,0.5,1.0,0.48999999865383304,0.48999999865383304,0.24009999868075638,0.003778047342408219,63.55134727552429,False
84,exclude,29,0.133062306779716,0.5,1.0,-0.366937693220284,0.366937693220284,0.13464327070582327,0.0021186532855406327,63.55134727552429,False
85,exclude,1,0.419588087877076,0.5,1.0,-0.08041191212292398,0.08041191212292398,0.006466075611264849,5.383843353353496e-05,120.10148117027309,False
85,exclude,6,0.807420434224571,0.5,1.0,0.307420434224571,0.307420434224571,0.09450732337882378,0.0007868955691298815,120.10148117027309,False
85,exclude,7,0.665574335829916,0.4962,354.5,0.169374335829916,0.169374335829916,10.169777468609023,0.08467653662148336,120.10148117027309,True
85,exclude,10,0.578043152818874,0.5121,739.2,0.06594315281887397,0.06594315281887397,3.2144107592101365,0.026764122539445843,120.10148117027309,True
85,exclude,13,0.730792569300524,0.5,1.0,0.23079256930052405,0.23079256930052405,0.0532652100443372,0.00044350169144725867,120.10148117027309,False
85,exclude,14,0.509835074198365,0.4962,354.5,0.013635074198365071,0.013635074198365071,0.06590695555599946,0.000548760555771667,120.10148117027309,True
85,exclude,17,0.812326748223503,0.5121,739.2,0.30022674822350304,0.30022674822350304,66.62860537787634,0.5547692228992086,120.10148117027309,True
85,exclude,18,0.93999603229404,0.5282,231.2,0.41179603229404005,0.41179603229404005,39.20596477567197,0.32644031025802234,120.10148117027309,True
85,exclude,19,0.989999273062261,0.5,1.0,0.489999273062261,0.489999273062261,0.2400992876015442,0.001999136773851648,120.10148117027309,False
85,exclude,20,0.233240983882185,0.5,1.0,-0.266759016117815,0.266759016117815,0.07116037268014468,0.0005925020406639075,120.10148117027309,False
85,exclude,23,0.9899999990987,0.5,1.0,0.48999999909869996,0.48999999909869996,0.24009999911672597,0.0019991426981348028,120.10148117027309,False
85,exclude,29,0.166507024186733,0.5,1.0,-0.333492975813267,0.333492975813267,0.11121756491678828,0.0009260299193072424,120.10148117027309,False
86,include,1,0.467124074036865,0.5,1.0,-0.03287592596313499,0.03287592596313499,0.0010808265079335331,5.5020232107893595e-06,196.4416481948047,False
86,include,6,0.989998107285285,0.5,1.0,0.48999810728528503,0.48999810728528503,0.2400981451431617,0.0012222364623262795,196.4416481948047,False
86,include,7,0.545527739805698,0.4962,354.5,0.049327739805698045,0.049327739805698045,0.8625785866330505,0.0043910168467822044,196.4416481948047,True
86,include,10,0.630796868460642,0.5121,739.2,0.11869686846064198,0.11869686846064198,10.41454931368269,0.05301599436467222,196.4416481948047,True
86,include,13,0.989999993523282,0.5,1.0,0.48999999352328205,0.48999999352328205,0.24009999365281645,0.0012222458722944392,196.4416481948047,False
86,include,14,0.508664109060586,0.4962,354.5,0.012464109060586037,0.012464109060586037,0.055072998201997854,0.00028035296337660423,196.4416481948047,True
86,include,17,0.939007122631401,0.5121,739.2,0.42690712263140096,0.42690712263140096,134.71897184844954,0.6857963832336266,196.4416481948047,True
86,include,18,0.989999996756227,0.5282,231.2,0.46179999675622696,0.46179999675622696,49.30553559533664,0.25099329011148375,196.4416481948047,True
86,include,19,0.989999995686073,0.5,1.0,0.489999995686073,0.489999995686073,0.24009999577235155,0.0012222458830840816,196.4416481948047,False
86,include,20,0.494696334573255,0.5,1.0,-0.005303665426744986,0.005303665426744986,2.812886695885007e-05,1.4319197185189365e-07,196.4416481948047,False
86,include,23,0.989999998098886,0.5,1.0,0.48999999809888595,0.48999999809888595,0.24009999813690824,0.0012222458951210234,196.4416481948047,False
86,include,29,0.148670006374808,0.5,1.0,-0.351329993625192,0.351329993625192,0.12343276442067747,0.0006283431520502885,196.4416481948047,False
87,exclude,1,0.297301532940765,0.5,1.0,-0.202698467059235,0.202698467059235,0.04108666854816378,0.00026284110672863167,156.3175146366409,False
87,exclude,6,0.841911264706249,0.5,1.0,0.341911264706249,0.341911264706249,0.11690331293302667,0.0007478580580350685,156.3175146366409,False
87,exclude,7,0.674753686629043,0.4962,354.5,0.17855368662904303,0.17855368662904303,11.301963038627576,0.07230132250310478,156.3175146366409,True
87,exclude,10,0.619573456530893,0.5121,739.2,0.10747345653089302,0.10747345653089302,8.538162020349379,0.0546206356990532,156.3175146366409,True
87,exclude,13,0.757450165097279,0.5,1.0,0.257450165097279,0.257450165097279,0.06628058750861623,0.00042401254691571224,156.3175146366409,False
87,exclude,14,0.498910989104023,0.4962,354.5,0.0027109891040230094,0.0027109891040230094,0.0026053842513956093,1.6667257392441333e-05,156.3175146366409,True
87,exclude,17,0.869853180692202,0.5121,739.2,0.35775318069220197,0.35775318069220197,94.6082404679503,0.6052312224120666,156.3175146366409,True
87,exclude,18,0.949775897739664,0.5282,231.2,0.421575897739664,0.421575897739664,41.09030612271683,0.26286437715076905,156.3175146366409,True
87,exclude,19,0.989999993188795,0.5,1.0,0.48999999318879495,0.48999999318879495,0.2400999933250191,0.001535976271648958,156.3175146366409,False
87,exclude,20,0.260772576279434,0.5,1.0,-0.239227423720566,0.239227423720566,0.057229760259979216,0.00036611227086746765,156.3175146366409,False
87,exclude,23,0.989999998229446,0.5,1.0,0.48999999822944595,0.48999999822944595,0.24009999826485703,0.001535976303250266,156.3175146366409,False
87,exclude,29,0.379429348903829,0.5,1.0,-0.12057065109617099,0.12057065109617099,0.014537281905754599,9.299842016773629e-05,156.3175146366409,False
88,exclude,1,0.247779347207303,0.5,1.0,-0.252220652792697,0.252220652792697,0.06361525769517422,0.0006464418350833656,98.40832421832715,False
88,exclude,6,0.695739030592482,0.5,1.0,0.195739030592482,0.195739030592482,0.0383137680972846,0.0003893346259233343,98.40832421832715,False
88,exclude,7,0.673845153505299,0.4962,354.5,0.17764515350529908,0.17764515350529908,11.187240299910092,0.11368184946519623,98.40832421832715,True
88,exclude,10,0.587225561830779,0.5121,739.2,0.07512556183077901,0.07512556183077901,4.171933949856435,0.04239411638186876,98.40832421832715,True
88,exclude,13,0.571961004040977,0.5,1.0,0.07196100404097705,0.07196100404097705,0.005178386102585516,5.262142347934744e-05,98.40832421832715,False
88,exclude,14,0.500117403012337,0.4962,354.5,0.003917403012337006,0.003917403012337006,0.005440173434998269,5.5281638806578864e-05,98.40832421832715,True
88,exclude,17,0.774836910272042,0.5121,739.2,0.26273691027204205,0.26273691027204205,51.027481627065875,0.518528102499308,98.40832421832715,True
88,exclude,18,0.895760490968221,0.5282,231.2,0.36756049096822097,0.36756049096822097,31.235285197208874,0.3174049090391049,98.40832421832715,True
88,exclude,19,0.989991965913026,0.5,1.0,0.48999196591302596,0.48999196591302596,0.24009212665931198,0.0024397542440276433,98.40832421832715,False
88,exclude,20,0.182627381763684,0.5,1.0,-0.317372618236316,0.317372618236316,0.1007253788061744,0.001023545310889622,98.40832421832715,False
88,exclude,23,0.989999998625272,0.5,1.0,0.489999998625272,0.489999998625272,0.24009999865276654,0.0024398342371940453,98.40832421832715,False
88,exclude,29,0.195175370356023,0.5,1.0,-0.304824629643977,0.304824629643977,0.09291805483758774,0.0009442092991182454,98.40832421832715,False
89,include,1,0.289979940095441,0.5,1.0,-0.21002005990455902,0.21002005990455902,0.04410842556231456,0.0007119834244140124,61.95147815220187,False
89,include,6,0.412417476508028,0.5,1.0,-0.08758252349197199,0.08758252349197199,0.007670698421221825,0.00012381784341572154,61.95147815220187,False
89,include,7,0.532298571564864,0.4962,354.5,0.03609857156486407,0.03609857156486407,0.4619513850688707,0.00745666445494573,61.95147815220187,True
89,include,10,0.570877338387035,0.5121,739.2,0.05877733838703503,0.05877733838703503,2.553770055413085,0.041222100449952205,61.95147815220187,True
89,include,13,0.488038664280757,0.5,1.0,-0.011961335719243016,0.011961335719243016,0.00014307355218843884,2.3094453345719524e-06,61.95147815220187,False
89,include,14,0.50546065558939,0.4962,354.5,0.009260655589390043,0.009260655589390043,0.03040182851960922,0.0004907361281181744,61.95147815220187,True
89,include,17,0.745257355794324,0.5121,739.2,0.23315735579432395,0.23315735579432395,40.18465101309192,0.6486471705221724,61.95147815220187,True
89,include,18,0.808391030864784,0.5282,231.2,0.28019103086478403,0.28019103086478403,18.150821585258665,0.2929844795739317,61.95147815220187,True
89,include,19,0.694484534190816,0.5,1.0,0.19448453419081602,0.19448453419081602,0.03782423403941868,0.0006105461107238219,61.95147815220187,False
89,include,20,0.170904610929596,0.5,1.0,-0.32909538907040403,0.32909538907040403,0.10830377510740061,0.0017482032445024281,61.95147815220187,False
89,include,23,0.989999998889224,0.5,1.0,0.48999999888922396,0.48999999888922396,0.2400999989114395,0.003875613723397589,61.95147815220187,False
89,include,29,0.13705085858245,0.5,1.0,-0.36294914141754997,0.36294914141754997,0.13173207925573668,0.0021263750790917113,61.95147815220187,False
90,exclude,1,0.28853396691258,0.5,1.0,-0.21146603308742,0.21146603308742,0.04471788314972982,0.00036903581031777906,121.17491554877282,False
90,exclude,6,0.846909387051009,0.5,1.0,0.34690938705100904,0.34690938705100904,0.1203461228241068,0.0009931603606166126,121.17491554877282,False
90,exclude,7,0.676508186355729,0.4962,354.5,0.18030818635572898,0.18030818635572898,11.525164412713318,0.09511180066038047,121.17491554877282,True
90,exclude,10,0.612275172474367,0.5121,739.2,0.10017517247436702,0.10017517247436702,7.417920181254979,0.061216631739836214,121.17491554877282,True
90,exclude,13,0.682685910412162,0.5,1.0,0.18268591041216198,0.18268591041216198,0.033374141863120474,0.0002754212100084972,121.17491554877282,False
90,exclude,14,0.502609249965341,0.4962,354.5,0.00640924996534098,0.00640924996534098,0.014562322974410177,0.00012017605218423984,121.17491554877282,True
90,exclude,17,0.814817116654748,0.5121,739.2,0.302717116654748,0.302717116654748,67.73855288749297,0.5590146490362377,121.17491554877282,True
90,exclude,18,0.910354501004328,0.5282,231.2,0.382154501004328,0.382154501004328,33.76492488187484,0.27864615980099017,121.17491554877282,True
90,exclude,19,0.989999998370381,0.5,1.0,0.489999998370381,0.489999998370381,0.24009999840297339,0.0019814331812456126,121.17491554877282,False
90,exclude,20,0.386532883050735,0.5,1.0,-0.11346711694926498,0.11346711694926498,0.012874786628778176,0.00010624960265473496,121.17491554877282,False
90,exclude,23,0.989999998247982,0.5,1.0,0.489999998247982,0.489999998247982,0.2400999982830224,0.001981433180255713,121.17491554877282,False
90,exclude,29,0.350742064497154,0.5,1.0,-0.149257935502846,0.149257935502846,0.022277931310571736,0.0001838493652723437,121.17491554877282,False
91,exclude,1,0.337995693598882,0.5,1.0,-0.16200430640111801,0.16200430640111801,0.02624539529250733,0.000188029986121284,139.5809032053983,False
91,exclude,6,0.84803477970198,0.5,1.0,0.34803477970198005,0.34803477970198005,0.12112820788220578,0.000867799284146781,139.5809032053983,False
91,exclude,7,0.67591879199105,0.4962,354.5,0.17971879199105,0.17971879199105,11.449940267029056,0.08203085095516296,139.5809032053983,True
91,exclude,10,0.617376519965215,0.5121,739.2,0.10527651996521503,0.10527651996521503,8.192661268905088,0.058694714540206784,139.5809032053983,True
91,exclude,13,0.736086000235331,0.5,1.0,0.236086000235331,0.236086000235331,0.05573659950711671,0.0003993139335479031,139.5809032053983,False
91,exclude,14,0.505539032976752,0.4962,354.5,0.009339032976751982,0.009339032976751982,0.030918616845535218,0.0002215103652111877,139.5809032053983,True
91,exclude,17,0.838951425258683,0.5121,739.2,0.32685142525868305,0.32685142525868305,78.97010661993313,0.5657658376355811,139.5809032053983,True
91,exclude,18,0.945127879037456,0.5282,231.2,0.416927879037456,0.416927879037456,40.18923158087686,0.2879278659039551,139.5809032053983,True
91,exclude,19,0.947914254581941,0.5,1.0,0.447914254581941,0.447914254581941,0.20062717945769587,0.001437354071011174,139.5809032053983,False
91,exclude,20,0.210044491003835,0.5,1.0,-0.289955508996165,0.289955508996165,0.08407419719722513,0.0006023330933280102,139.5809032053983,False
91,exclude,23,0.9899999980153,0.5,1.0,0.48999999801530003,0.48999999801530003,0.24009999805499405,0.0017201493366300854,139.5809032053983,False
91,exclude,29,0.358108229918457,0.5,1.0,-0.14189177008154302,0.14189177008154302,0.02013327441687347,0.00014424089509756672,139.5809032053983,False
92,include,1,0.301506049160068,0.5,1.0,-0.198493950839932,0.198493950839932,0.039399848520045334,0.00029080182431513035,135.4869372392564,False
92,include,6,0.658976107335297,0.5,1.0,0.158976107335297,0.158976107335297,0.02527340270348387,0.00018653756014023375,135.4869372392564,False
92,include,7,0.524585714971666,0.4962,354.5,0.028385714971665976,0.028385714971665976,0.2856379547234687,0.0021082324284817256,135.4869372392564,True
92,include,10,0.609932218866204,0.5121,739.2,0.09783221886620397,0.09783221886620397,7.07498894129215,0.05221897465139703,135.4869372392564,True
92,include,13,0.989999996621002,0.5,1.0,0.489999996621002,0.489999996621002,0.24009999668858198,0.0017721265354503463,135.4869372392564,False
92,include,14,0.502454147960728,0.4962,354.5,0.006254147960727985,0.006254147960727985,0.013866043000353354,0.00010234228688679637,135.4869372392564,True
92,include,17,0.871353311614568,0.5121,739.2,0.35925331161456797,0.35925331161456797,95.40332665694025,0.7041514746803044,135.4869372392564,True
92,include,18,0.899159221750832,0.5282,231.2,0.37095922175083196,0.37095922175083196,31.815604059498447,0.23482414399341883,135.4869372392564,True
92,include,19,0.927395999883554,0.5,1.0,0.42739599988355403,0.42739599988355403,0.18266734071646293,0.0013482284302721423,135.4869372392564,False
92,include,20,0.293620189377709,0.5,1.0,-0.206379810622291,0.206379810622291,0.04259262623249269,0.00031436703124581206,135.4869372392564,False
92,include,23,0.989999997289228,0.5,1.0,0.48999999728922805,0.48999999728922805,0.2400999973434435,0.0017721265402837387,135.4869372392564,False
92,include,29,0.148744577839418,0.5,1.0,-0.35125542216058203,0.35125542216058203,0.1233803715972087,0.0009106440378036687,135.4869372392564,False
93,exclude,1,0.214846236475009,0.5,1.0,-0.285153763524991,0.285153763524991,0.08131266885246649,0.001286949150347959,63.18250323292227,False
93,exclude,6,0.62626150534566,0.5,1.0,0.12626150534566005,0.12626150534566005,0.015941967732152142,0.0002523161779991857,63.18250323292227,False
93,exclude,7,0.664655997484863,0.4962,354.5,0.16845599748486306,0.16845599748486306,10.059796484915857,0.15921807415306768,63.18250323292227,True
93,exclude,10,0.571130752051122,0.5121,739.2,0.05903075205112196,0.05903075205112196,2.5758382651633926,0.04076822115875286,63.18250323292227,True
93,exclude,13,0.49347373498936,0.5,1.0,-0.00652626501064002,0.00652626501064002,4.259213498910418e-05,6.741128130376267e-07,63.18250323292227,False
93,exclude,14,0.50232442566809,0.4962,354.5,0.006124425668090017,0.006124425668090017,0.013296795071323765,0.00021045058981447972,63.18250323292227,True
93,exclude,17,0.717771228424429,0.5121,739.2,0.20567122842442898,0.20567122842442898,31.268643585832805,0.49489402897762635,63.18250323292227,True
93,exclude,18,0.810898889967096,0.5282,231.2,0.282698889967096,0.282698889967096,18.477194744250856,0.29244163809298096,63.18250323292227,True
93,exclude,19,0.989547512156772,0.5,1.0,0.48954751215677195,0.48954751215677195,0.23965676665888477,0.0037930875542456777,63.18250323292227,False
93,exclude,20,0.186397690083691,0.5,1.0,-0.313602309916309,0.313602309916309,0.09834640878484471,0.0015565449887651763,63.18250323292227,False
93,exclude,23,0.989999998989171,0.5,1.0,0.489999998989171,0.489999998989171,0.24009999900938758,0.003800102666465414,63.18250323292227,False
93,exclude,29,0.164838912587819,0.5,1.0,-0.335161087412181,0.335161087412181,0.11233295451531562,0.0017779123771212457,63.18250323292227,False
94,include,1,0.213957591511429,0.5,1.0,-0.286042408488571,0.286042408488571,0.0818202594539425,0.0018473945223503139,44.28954317232043,False
94,include,6,0.310001602898523,0.5,1.0,-0.18999839710147698,0.18999839710147698,0.03609939090113053,0.0008150770659493169,44.28954317232043,False
94,include,7,0.497531783101773,0.4962,354.5,0.0013317831017730097,0.0013317831017730097,0.0006287575885946052,1.4196524587039744e-05,44.28954317232043,True
94,include,10,0.564711433877479,0.5121,739.2,0.05261143387747902,0.05261143387747902,2.0460782308571015,0.046197772302511264,44.28954317232043,True
94,include,13,0.477946506180684,0.5,1.0,-0.022053493819315984,0.022053493819315984,0.0004863565896386083,1.0981296143568397e-05,44.28954317232043,False
94,include,14,0.497392461656499,0.4962,354.5,0.0011924616564989998,0.0011924616564989998,0.0005040865223871101,1.1381614852648746e-05,44.28954317232043,True
94,include,17,0.719763142235736,0.5121,739.2,0.207663142235736,0.207663142235736,31.877246491467876,0.7197465633691645,44.28954317232043,True
94,include,18,0.731716071522719,0.5282,231.2,0.203516071522719,0.203516071522719,9.576024564290957,0.21621411914394437,44.28954317232043,True
94,include,19,0.989999982403805,0.5,1.0,0.48999998240380505,0.48999998240380505,0.24009998275572925,0.005421143808631203,44.28954317232043,False
94,include,20,0.266467681161523,0.5,1.0,-0.23353231883847703,0.23353231883847703,0.05453734394207609,0.0012313819478761347,44.28954317232043,False
94,include,23,0.989999990374094,0.5,1.0,0.48999999037409403,0.48999999037409403,0.24009999056661224,0.005421143984990732,44.28954317232043,False
94,include,29,0.13132979862161,0.5,1.0,-0.36867020137839,0.36867020137839,0.13591771738438266,0.003068844418998816,44.28954317232043,False
95,include,1,0.212129569374748,0.5,1.0,-0.28787043062525197,0.28787043062525197,0.082869384828368,0.0011293626841793164,73.37712321227207,False
95,include,6,0.327569428429175,0.5,1.0,-0.17243057157082498,0.17243057157082498,0.029732302012241394,0.0004051985238809249,73.37712321227207,False
95,include,7,0.503164752718531,0.4962,354.5,0.006964752718531031,0.006964752718531031,0.01719600816253617,0.00023435108123263408,73.37712321227207,True
95,include,10,0.581680072396725,0.5121,739.2,0.06958007239672503,0.06958007239672503,3.578752882123001,0.04877205217994247,73.37712321227207,True
95,include,13,0.711801064498617,0.5,1.0,0.21180106449861702,0.21180106449861702,0.044859690922747324,0.0006113579949567265,73.37712321227207,False
95,include,14,0.496456219671577,0.4962,354.5,0.0002562196715770182,0.0002562196715770182,2.327240037652593e-05,3.1716152606857313e-07,73.37712321227207,True
95,include,17,0.784218981129517,0.5121,739.2,0.27211898112951705,0.27211898112951705,54.73682852740241,0.7459658559937639,73.37712321227207,True
95,include,18,0.776312082426939,0.5282,231.2,0.24811208242693905,0.24811208242693905,14.232580779168885,0.1939648238592779,73.37712321227207,True
95,include,19,0.989999985387284,0.5,1.0,0.48999998538728395,0.48999998538728395,0.2400999856795385,0.0032721368073391926,73.37712321227207,False
95,include,20,0.285730888905598,0.5,1.0,-0.214269111094402,0.214269111094402,0.045911251969185184,0.0006256889062871667,73.37712321227207,False
95,include,23,0.989999997339661,0.5,1.0,0.48999999733966104,0.48999999733966104,0.24009999739286783,0.0032721369669710893,73.37712321227207,False
95,include,29,0.141992834974064,0.5,1.0,-0.358007165025936,0.358007165025936,0.12816913020990778,0.001746717840642626,73.37712321227207,False
98,exclude,1,0.206904748279422,0.5,1.0,-0.293095251720578,0.293095251720578,0.08590482658114898,0.002468181141318517,34.80491165865489,False
98,exclude,6,0.535651999718277,0.5,1.0,0.03565199971827704,0.03565199971827704,0.001271065083912026,3.651970435603597e-05,34.80491165865489,False
98,exclude,7,0.657891775243789,0.4962,354.5,0.16169177524378897,0.16169177524378897,9.268129599337485,0.2662879794160544,34.80491165865489,True
98,exclude,10,0.522539239556301,0.5121,739.2,0.010439239556300994,0.010439239556300994,0.08055633248223007,0.002314510471173635,34.80491165865489,True
98,exclude,13,0.456931242883088,0.5,1.0,-0.04306875711691199,0.04306875711691199,0.0018549178395955576,5.32947147743815e-05,34.80491165865489,False
98,exclude,14,0.504033695815086,0.4962,354.5,0.007833695815085973,0.007833695815085973,0.02175452709870825,0.0006250418708733767,34.80491165865489,True
98,exclude,17,0.664638392356896,0.5121,739.2,0.15253839235689604,0.15253839235689604,17.199676876777247,0.4941738409067396,34.80491165865489,True
98,exclude,18,0.709381838608868,0.5282,231.2,0.18118183860886805,0.18118183860886805,7.589569717958707,0.21806030690129388,34.80491165865489,True
98,exclude,19,0.466174738808825,0.5,1.0,-0.033825261191175016,0.033825261191175016,0.0011441482946512105,3.2873184850239284e-05,34.80491165865489,False
98,exclude,20,0.0992327757321478,0.5,1.0,-0.4007672242678522,0.4007672242678522,0.16061436804735896,0.004614704086094676,34.80491165865489,False
98,exclude,23,0.989999998410163,0.5,1.0,0.48999999841016295,0.48999999841016295,0.2400999984419597,0.006898451597771959,34.80491165865489,False
98,exclude,29,0.107144707669757,0.5,1.0,-0.39285529233024297,0.39285529233024297,0.15433528071188066,0.004434296004699162,34.80491165865489,False
99,exclude,1,0.24912593308949,0.5,1.0,-0.25087406691051,0.25087406691051,0.06293779744821905,0.0007098551973591755,88.66286769803493,False
99,exclude,6,0.700308969380039,0.5,1.0,0.20030896938003895,0.20030896938003895,0.04012368321409338,0.00045254213241495075,88.66286769803493,False
99,exclude,7,0.666907622787218,0.4962,354.5,0.17070762278721807,0.17070762278721807,10.33051728333158,0.11651458554797614,88.66286769803493,True
99,exclude,10,0.581959118814276,0.5121,739.2,0.06985911881427598,0.06985911881427598,3.607515159130069,0.04068800449153557,88.66286769803493,True
99,exclude,13,0.553075884310289,0.5,1.0,0.05307588431028898,0.05307588431028898,0.0028170494953191796,3.177259622273209e-05,88.66286769803493,False
99,exclude,14,0.501475367725301,0.4962,354.5,0.005275367725301017,0.005275367725301017,0.009865559393868833,0.00011127047488999149,88.66286769803493,True
99,exclude,17,0.761724117023922,0.5121,739.2,0.24962411702392195,0.24962411702392195,46.06117809213981,0.5195092296023343,88.66286769803493,True
99,exclude,18,0.875346586984477,0.5282,231.2,0.347146586984477,0.347146586984477,27.862086060069302,0.3142475174044796,88.66286769803493,True
99,exclude,19,0.989999987793197,0.5,1.0,0.489999987793197,0.489999987793197,0.24009998803733318,0.002708010628023648,88.66286769803493,False
99,exclude,20,0.176684290183811,0.5,1.0,-0.323315709816189,0.323315709816189,0.10453304821394614,0.0011789946674177216,88.66286769803493,False
99,exclude,23,0.989999998681793,0.5,1.0,0.489999998681793,0.489999998681793,0.24009999870815715,0.002708010748376443,88.66286769803493,False
99,exclude,29,0.182047206564822,0.5,1.0,-0.317952793435178,0.317952793435178,0.10109397885323299,0.0011402065089698601,88.66286769803493,False
