member_id,arm,group_id,group_label,fisheries,n_release_groups,n_cells,n_cells_active,rep_hat,target_prop,penalty_wt,is_priored,signed_dev,abs_dev,contribution
1,include,1,RTTP/PTTP/pooled / LL.WEST.1/LL.EAST.1/LL.ALL.2/LL.OS.2/LL.ARCH.3/LL.WEST.3/LL.EAST.3/LL.OS.3/LL.ALL.5,"1-2,4-10",62,558,558,0.252616726111,0.5,1,0,-0.247383273889,0.247383273889,0.0611984842
1,include,6,RTTP / PHID.2/PL.ALL.2,"14-18,21-22",15,105,105,0.438897871087,0.5,1,0,-0.0611021289131,0.0611021289131,0.00373347015772
1,include,7,RTTP / PS.2,19-20,15,30,30,0.515777638235,0.4962,354.5,1,0.019577638235,0.019577638235,0.135874149236
1,include,10,RTTP / PS.WEST.3,"25,27",15,30,30,0.597987327934,0.5121,739.2,1,0.0858873279336,0.0858873279336,5.4528071872
1,include,13,PTTP/pooled / PHID.2/PL.ALL.2,"14-18,21-22",47,329,329,0.778421486409,0.5,1,0,0.278421486409,0.278421486409,0.0775185240945
1,include,14,PTTP/pooled / PS.2,19-20,47,94,94,0.50081640994,0.4962,354.5,1,0.00461640993955,0.00461640993955,0.00755483483878
1,include,17,PTTP/pooled / PS.WEST.3,"25,27",47,94,94,0.809647631422,0.5121,739.2,1,0.297547631422,0.297547631422,65.4447711195
1,include,18,PTTP/pooled / PS.EAST.3,"26,28",47,94,94,0.846064056554,0.5282,231.2,1,0.317864056554,0.317864056554,23.3598835133
1,include,19,JPTP / LL.WEST.1,1,37,37,37,0.750366639024,0.5,1,0,0.250366639024,0.250366639024,0.0626834539361
1,include,20,JPTP / LL.EAST.1/LL.ALL.2/LL.OS.2/LL.ARCH.3/LL.WEST.3/LL.EAST.3/LL.OS.3/LL.ALL.5,"2,4-10",37,296,296,0.220375954442,0.5,1,0,-0.279624045558,0.279624045558,0.0781896068544
1,include,23,JPTP / PS.JP.1/PL.JP.1,12-13,37,74,74,0.600773069511,0.5,1,0,0.100773069511,0.100773069511,0.0101552115387
1,include,29,JPTP / PS.WEST.3,"25,27",37,74,74,0.146474262204,0.5,1,0,-0.353525737796,0.353525737796,0.124980447285
2,exclude,1,RTTP/PTTP/pooled / LL.WEST.1/LL.EAST.1/LL.ALL.2/LL.OS.2/LL.ARCH.3/LL.WEST.3/LL.EAST.3/LL.OS.3/LL.ALL.5,"1-2,4-10",62,558,558,0.245383608638,0.5,1,0,-0.254616391362,0.254616391362,0.06482950675
2,exclude,6,RTTP / PHID.2/PL.ALL.2,"14-18,21-22",15,105,105,0.674426172796,0.5,1,0,0.174426172796,0.174426172796,0.0304244897564
2,exclude,7,RTTP / PS.2,19-20,15,30,30,0.674622335825,0.4962,354.5,1,0.178422335825,0.178422335825,11.2853408571
2,exclude,10,RTTP / PS.WEST.3,"25,27",15,30,30,0.58080888102,0.5121,739.2,1,0.0687088810196,0.0687088810196,3.48969691665
2,exclude,13,PTTP/pooled / PHID.2/PL.ALL.2,"14-18,21-22",47,329,329,0.542085960748,0.5,1,0,0.0420859607481,0.0420859607481,0.00177122809209
2,exclude,14,PTTP/pooled / PS.2,19-20,47,94,94,0.499431112575,0.4962,354.5,1,0.00323111257479,0.00323111257479,0.00370101136296
2,exclude,17,PTTP/pooled / PS.WEST.3,"25,27",47,94,94,0.762999992752,0.5121,739.2,1,0.250899992752,0.250899992752,46.5332360636
2,exclude,18,PTTP/pooled / PS.EAST.3,"26,28",47,94,94,0.874687147303,0.5282,231.2,1,0.346487147303,0.346487147303,27.7563329585
2,exclude,19,JPTP / LL.WEST.1,1,37,37,37,0.989999988966,0.5,1,0,0.489999988966,0.489999988966,0.240099989186
2,exclude,20,JPTP / LL.EAST.1/LL.ALL.2/LL.OS.2/LL.ARCH.3/LL.WEST.3/LL.EAST.3/LL.OS.3/LL.ALL.5,"2,4-10",37,296,296,0.189749305752,0.5,1,0,-0.310250694248,0.310250694248,0.0962554932813
2,exclude,23,JPTP / PS.JP.1/PL.JP.1,12-13,37,74,74,0.989999998681,0.5,1,0,0.489999998681,0.489999998681,0.240099998707
2,exclude,29,JPTP / PS.WEST.3,"25,27",37,74,74,0.190607581166,0.5,1,0,-0.309392418834,0.309392418834,0.0957236688319
4,exclude,1,RTTP/PTTP/pooled / LL.WEST.1/LL.EAST.1/LL.ALL.2/LL.OS.2/LL.ARCH.3/LL.WEST.3/LL.EAST.3/LL.OS.3/LL.ALL.5,"1-2,4-10",62,558,558,0.383107989289,0.5,1,0,-0.116892010711,0.116892010711,0.0136637421681
4,exclude,6,RTTP / PHID.2/PL.ALL.2,"14-18,21-22",15,105,105,0.857765026094,0.5,1,0,0.357765026094,0.357765026094,0.127995813896
4,exclude,7,RTTP / PS.2,19-20,15,30,30,0.675444526403,0.4962,354.5,1,0.179244526403,0.179244526403,11.389588787
4,exclude,10,RTTP / PS.WEST.3,"25,27",15,30,30,0.619489531088,0.5121,739.2,1,0.107389531088,0.107389531088,8.52483241757
4,exclude,13,PTTP/pooled / PHID.2/PL.ALL.2,"14-18,21-22",47,329,329,0.78111866745,0.5,1,0,0.28111866745,0.28111866745,0.079027705189
4,exclude,14,PTTP/pooled / PS.2,19-20,47,94,94,0.504028447775,0.4962,354.5,1,0.00782844777537,0.00782844777537,0.0217253887757
4,exclude,17,PTTP/pooled / PS.WEST.3,"25,27",47,94,94,0.849999238035,0.5121,739.2,1,0.337899238035,0.337899238035,84.3988216318
4,exclude,18,PTTP/pooled / PS.EAST.3,"26,28",47,94,94,0.965999653487,0.5282,231.2,1,0.437799653487,0.437799653487,44.3137656604
4,exclude,19,JPTP / LL.WEST.1,1,37,37,37,0.989999978439,0.5,1,0,0.489999978439,0.489999978439,0.24009997887
4,exclude,20,JPTP / LL.EAST.1/LL.ALL.2/LL.OS.2/LL.ARCH.3/LL.WEST.3/LL.EAST.3/LL.OS.3/LL.ALL.5,"2,4-10",37,296,296,0.239108528345,0.5,1,0,-0.260891471655,0.260891471655,0.0680643599822
4,exclude,23,JPTP / PS.JP.1/PL.JP.1,12-13,37,74,74,0.989999998144,0.5,1,0,0.489999998144,0.489999998144,0.240099998181
4,exclude,29,JPTP / PS.WEST.3,"25,27",37,74,74,0.381825740604,0.5,1,0,-0.118174259396,0.118174259396,0.0139651555838
5,include,1,RTTP/PTTP/pooled / LL.WEST.1/LL.EAST.1/LL.ALL.2/LL.OS.2/LL.ARCH.3/LL.WEST.3/LL.EAST.3/LL.OS.3/LL.ALL.5,"1-2,4-10",62,558,558,0.226886634765,0.5,1,0,-0.273113365235,0.273113365235,0.0745909102698
5,include,6,RTTP / PHID.2/PL.ALL.2,"14-18,21-22",15,105,105,0.3314894355,0.5,1,0,-0.1685105645,0.1685105645,0.028395810348
5,include,7,RTTP / PS.2,19-20,15,30,30,0.525186371171,0.4962,354.5,1,0.0289863711715,0.0289863711715,0.297854343503
5,include,10,RTTP / PS.WEST.3,"25,27",15,30,30,0.542810914472,0.5121,739.2,1,0.030710914472,0.030710914472,0.697184069886
5,include,13,PTTP/pooled / PHID.2/PL.ALL.2,"14-18,21-22",47,329,329,0.449616346419,0.5,1,0,-0.0503836535806,0.0503836535806,0.00253851254813
5,include,14,PTTP/pooled / PS.2,19-20,47,94,94,0.502308981425,0.4962,354.5,1,0.00610898142452,0.00610898142452,0.013229817359
5,include,17,PTTP/pooled / PS.WEST.3,"25,27",47,94,94,0.691287255868,0.5121,739.2,1,0.179187255868,0.179187255868,23.7342873145
5,include,18,PTTP/pooled / PS.EAST.3,"26,28",47,94,94,0.693391848242,0.5282,231.2,1,0.165191848242,0.165191848242,6.30906576295
5,include,19,JPTP / LL.WEST.1,1,37,37,37,0.461761340541,0.5,1,0,-0.0382386594587,0.0382386594587,0.0014621950772
5,include,20,JPTP / LL.EAST.1/LL.ALL.2/LL.OS.2/LL.ARCH.3/LL.WEST.3/LL.EAST.3/LL.OS.3/LL.ALL.5,"2,4-10",37,296,296,0.110319413243,0.5,1,0,-0.389680586757,0.389680586757,0.151850959695
5,include,23,JPTP / PS.JP.1/PL.JP.1,12-13,37,74,74,0.989999998464,0.5,1,0,0.489999998464,0.489999998464,0.240099998495
5,include,29,JPTP / PS.WEST.3,"25,27",37,74,74,0.135538147969,0.5,1,0,-0.364461852031,0.364461852031,0.132832441586
6,include,1,RTTP/PTTP/pooled / LL.WEST.1/LL.EAST.1/LL.ALL.2/LL.OS.2/LL.ARCH.3/LL.WEST.3/LL.EAST.3/LL.OS.3/LL.ALL.5,"1-2,4-10",62,558,558,0.194507568292,0.5,1,0,-0.305492431708,0.305492431708,0.0933256258308
6,include,6,RTTP / PHID.2/PL.ALL.2,"14-18,21-22",15,105,105,0.312385055032,0.5,1,0,-0.187614944968,0.187614944968,0.0351993675754
6,include,7,RTTP / PS.2,19-20,15,30,30,0.503843362725,0.4962,354.5,1,0.00764336272514,0.00764336272514,0.0207102422837
6,include,10,RTTP / PS.WEST.3,"25,27",15,30,30,0.524219451783,0.5121,739.2,1,0.0121194517827,0.0121194517827,0.10857451763
6,include,13,PTTP/pooled / PHID.2/PL.ALL.2,"14-18,21-22",47,329,329,0.419508480983,0.5,1,0,-0.0804915190174,0.0804915190174,0.00647888463373
6,include,14,PTTP/pooled / PS.2,19-20,47,94,94,0.499868203313,0.4962,354.5,1,0.00366820331345,0.00366820331345,0.00477005116205
6,include,17,PTTP/pooled / PS.WEST.3,"25,27",47,94,94,0.645623143181,0.5121,739.2,1,0.133523143181,0.133523143181,13.1787752822
6,include,18,PTTP/pooled / PS.EAST.3,"26,28",47,94,94,0.683040429202,0.5282,231.2,1,0.154840429202,0.154840429202,5.54314912878
6,include,19,JPTP / LL.WEST.1,1,37,37,37,0.363558534145,0.5,1,0,-0.136441465855,0.136441465855,0.0186162736046
6,include,20,JPTP / LL.EAST.1/LL.ALL.2/LL.OS.2/LL.ARCH.3/LL.WEST.3/LL.EAST.3/LL.OS.3/LL.ALL.5,"2,4-10",37,296,296,0.0828495752,0.5,1,0,-0.4171504248,0.4171504248,0.174014476911
6,include,23,JPTP / PS.JP.1/PL.JP.1,12-13,37,74,74,0.989999997484,0.5,1,0,0.489999997484,0.489999997484,0.240099997535
6,include,29,JPTP / PS.WEST.3,"25,27",37,74,74,0.121127730889,0.5,1,0,-0.378872269111,0.378872269111,0.143544196301
7,include,1,RTTP/PTTP/pooled / LL.WEST.1/LL.EAST.1/LL.ALL.2/LL.OS.2/LL.ARCH.3/LL.WEST.3/LL.EAST.3/LL.OS.3/LL.ALL.5,"1-2,4-10",62,558,558,0.323512904455,0.5,1,0,-0.176487095545,0.176487095545,0.0311476948939
7,include,6,RTTP / PHID.2/PL.ALL.2,"14-18,21-22",15,105,105,0.4576152377,0.5,1,0,-0.0423847623004,0.0423847623004,0.00179646807526
7,include,7,RTTP / PS.2,19-20,15,30,30,0.538169298607,0.4962,354.5,1,0.0419692986073,0.0419692986073,0.624424108072
7,include,10,RTTP / PS.WEST.3,"25,27",15,30,30,0.580206961432,0.5121,739.2,1,0.0681069614319,0.0681069614319,3.4288222181
7,include,13,PTTP/pooled / PHID.2/PL.ALL.2,"14-18,21-22",47,329,329,0.75717192845,0.5,1,0,0.25717192845,0.25717192845,0.0661374007828
7,include,14,PTTP/pooled / PS.2,19-20,47,94,94,0.506814676981,0.4962,354.5,1,0.0106146769809,0.0106146769809,0.0399419997465
7,include,17,PTTP/pooled / PS.WEST.3,"25,27",47,94,94,0.771804304134,0.5121,739.2,1,0.259704304134,0.259704304134,49.8563238731
7,include,18,PTTP/pooled / PS.EAST.3,"26,28",47,94,94,0.859078745997,0.5282,231.2,1,0.330878745997,0.330878745997,25.3119481405
7,include,19,JPTP / LL.WEST.1,1,37,37,37,0.801480023179,0.5,1,0,0.301480023179,0.301480023179,0.0908902043757
7,include,20,JPTP / LL.EAST.1/LL.ALL.2/LL.OS.2/LL.ARCH.3/LL.WEST.3/LL.EAST.3/LL.OS.3/LL.ALL.5,"2,4-10",37,296,296,0.213525497843,0.5,1,0,-0.286474502157,0.286474502157,0.0820676403861
7,include,23,JPTP / PS.JP.1/PL.JP.1,12-13,37,74,74,0.989999999002,0.5,1,0,0.489999999002,0.489999999002,0.240099999022
7,include,29,JPTP / PS.WEST.3,"25,27",37,74,74,0.140298002976,0.5,1,0,-0.359701997024,0.359701997024,0.129385526663
8,include,1,RTTP/PTTP/pooled / LL.WEST.1/LL.EAST.1/LL.ALL.2/LL.OS.2/LL.ARCH.3/LL.WEST.3/LL.EAST.3/LL.OS.3/LL.ALL.5,"1-2,4-10",62,558,558,0.237534948964,0.5,1,0,-0.262465051036,0.262465051036,0.0688879030152
8,include,6,RTTP / PHID.2/PL.ALL.2,"14-18,21-22",15,105,105,0.362110258515,0.5,1,0,-0.137889741485,0.137889741485,0.0190135808067
8,include,7,RTTP / PS.2,19-20,15,30,30,0.523488901349,0.4962,354.5,1,0.0272889013494,0.0272889013494,0.263990526516
8,include,10,RTTP / PS.WEST.3,"25,27",15,30,30,0.578421451904,0.5121,739.2,1,0.0663214519041,0.0663214519041,3.25139705919
8,include,13,PTTP/pooled / PHID.2/PL.ALL.2,"14-18,21-22",47,329,329,0.492141835335,0.5,1,0,-0.00785816466471,0.00785816466471,6.17507518977e-05
8,include,14,PTTP/pooled / PS.2,19-20,47,94,94,0.497680143546,0.4962,354.5,1,0.0014801435457,0.0014801435457,0.00077664743268
8,include,17,PTTP/pooled / PS.WEST.3,"25,27",47,94,94,0.769700829715,0.5121,739.2,1,0.257600829715,0.257600829715,49.0519721777
8,include,18,PTTP/pooled / PS.EAST.3,"26,28",47,94,94,0.820906355091,0.5282,231.2,1,0.292706355091,0.292706355091,19.8085247838
8,include,19,JPTP / LL.WEST.1,1,37,37,37,0.597881734167,0.5,1,0,0.0978817341669,0.0978817341669,0.00958083388352
8,include,20,JPTP / LL.EAST.1/LL.ALL.2/LL.OS.2/LL.ARCH.3/LL.WEST.3/LL.EAST.3/LL.OS.3/LL.ALL.5,"2,4-10",37,296,296,0.17382076473,0.5,1,0,-0.32617923527,0.32617923527,0.106392893521
8,include,23,JPTP / PS.JP.1/PL.JP.1,12-13,37,74,74,0.612468364894,0.5,1,0,0.112468364894,0.112468364894,0.012649133102
8,include,29,JPTP / PS.WEST.3,"25,27",37,74,74,0.134520168958,0.5,1,0,-0.365479831042,0.365479831042,0.133575506898
9,exclude,1,RTTP/PTTP/pooled / LL.WEST.1/LL.EAST.1/LL.ALL.2/LL.OS.2/LL.ARCH.3/LL.WEST.3/LL.EAST.3/LL.OS.3/LL.ALL.5,"1-2,4-10",62,558,558,0.280384951352,0.5,1,0,-0.219615048648,0.219615048648,0.0482307695925
9,exclude,6,RTTP / PHID.2/PL.ALL.2,"14-18,21-22",15,105,105,0.722606975126,0.5,1,0,0.222606975126,0.222606975126,0.0495538653749
9,exclude,7,RTTP / PS.2,19-20,15,30,30,0.664442257263,0.4962,354.5,1,0.168242257263,0.168242257263,10.0342845522
9,exclude,10,RTTP / PS.WEST.3,"25,27",15,30,30,0.589548432399,0.5121,739.2,1,0.0774484323986,0.0774484323986,4.4339135562
9,exclude,13,PTTP/pooled / PHID.2/PL.ALL.2,"14-18,21-22",47,329,329,0.590231695713,0.5,1,0,0.0902316957127,0.0902316957127,0.0081417589112
9,exclude,14,PTTP/pooled / PS.2,19-20,47,94,94,0.502300012818,0.4962,354.5,1,0.00610001281832,0.00610001281832,0.013191000438
9,exclude,17,PTTP/pooled / PS.WEST.3,"25,27",47,94,94,0.783536561532,0.5121,739.2,1,0.271436561532,0.271436561532,54.4626348872
9,exclude,18,PTTP/pooled / PS.EAST.3,"26,28",47,94,94,0.906237595315,0.5282,231.2,1,0.378037595315,0.378037595315,33.0413523066
9,exclude,19,JPTP / LL.WEST.1,1,37,37,37,0.713928270927,0.5,1,0,0.213928270927,0.213928270927,0.0457653051016
9,exclude,20,JPTP / LL.EAST.1/LL.ALL.2/LL.OS.2/LL.ARCH.3/LL.WEST.3/LL.EAST.3/LL.OS.3/LL.ALL.5,"2,4-10",37,296,296,0.179041488779,0.5,1,0,-0.320958511221,0.320958511221,0.103014365925
9,exclude,23,JPTP / PS.JP.1/PL.JP.1,12-13,37,74,74,0.989999998542,0.5,1,0,0.489999998542,0.489999998542,0.240099998571
9,exclude,29,JPTP / PS.WEST.3,"25,27",37,74,74,0.204167064856,0.5,1,0,-0.295832935144,0.295832935144,0.087517125516
10,exclude,1,RTTP/PTTP/pooled / LL.WEST.1/LL.EAST.1/LL.ALL.2/LL.OS.2/LL.ARCH.3/LL.WEST.3/LL.EAST.3/LL.OS.3/LL.ALL.5,"1-2,4-10",62,558,558,0.381828697706,0.5,1,0,-0.118171302294,0.118171302294,0.0139644566858
10,exclude,6,RTTP / PHID.2/PL.ALL.2,"14-18,21-22",15,105,105,0.793112913994,0.5,1,0,0.293112913994,0.293112913994,0.0859151803498
10,exclude,7,RTTP / PS.2,19-20,15,30,30,0.657330343796,0.4962,354.5,1,0.161130343796,0.161130343796,9.20387913676
10,exclude,10,RTTP / PS.WEST.3,"25,27",15,30,30,0.576159383024,0.5121,739.2,1,0.0640593830242,0.0640593830242,3.0333844859
10,exclude,13,PTTP/pooled / PHID.2/PL.ALL.2,"14-18,21-22",47,329,329,0.662247356957,0.5,1,0,0.162247356957,0.162247356957,0.0263242048394
10,exclude,14,PTTP/pooled / PS.2,19-20,47,94,94,0.509767883511,0.4962,354.5,1,0.0135678835109,0.0135678835109,0.0652590056211
10,exclude,17,PTTP/pooled / PS.WEST.3,"25,27",47,94,94,0.804987041286,0.5121,739.2,1,0.292887041286,0.292887041286,63.41065977
10,exclude,18,PTTP/pooled / PS.EAST.3,"26,28",47,94,94,0.920664181399,0.5282,231.2,1,0.392464181399,0.392464181399,35.6113045071
10,exclude,19,JPTP / LL.WEST.1,1,37,37,37,0.963513486637,0.5,1,0,0.463513486637,0.463513486637,0.214844752294
10,exclude,20,JPTP / LL.EAST.1/LL.ALL.2/LL.OS.2/LL.ARCH.3/LL.WEST.3/LL.EAST.3/LL.OS.3/LL.ALL.5,"2,4-10",37,296,296,0.228674884463,0.5,1,0,-0.271325115537,0.271325115537,0.073617318321
10,exclude,23,JPTP / PS.JP.1/PL.JP.1,12-13,37,74,74,0.989999999094,0.5,1,0,0.489999999094,0.489999999094,0.240099999112
10,exclude,29,JPTP / PS.WEST.3,"25,27",37,74,74,0.160849507514,0.5,1,0,-0.339150492486,0.339150492486,0.115023056553
11,exclude,1,RTTP/PTTP/pooled / LL.WEST.1/LL.EAST.1/LL.ALL.2/LL.OS.2/LL.ARCH.3/LL.WEST.3/LL.EAST.3/LL.OS.3/LL.ALL.5,"1-2,4-10",62,558,558,0.257307709622,0.5,1,0,-0.242692290378,0.242692290378,0.058899547809
11,exclude,6,RTTP / PHID.2/PL.ALL.2,"14-18,21-22",15,105,105,0.762072933824,0.5,1,0,0.262072933824,0.262072933824,0.068682222643
11,exclude,7,RTTP / PS.2,19-20,15,30,30,0.660472767271,0.4962,354.5,1,0.164272767271,0.164272767271,9.56637466273
11,exclude,10,RTTP / PS.WEST.3,"25,27",15,30,30,0.616633014207,0.5121,739.2,1,0.104533014207,0.104533014207,8.07735006298
11,exclude,13,PTTP/pooled / PHID.2/PL.ALL.2,"14-18,21-22",47,329,329,0.561570711802,0.5,1,0,0.0615707118023,0.0615707118023,0.00379095255185
11,exclude,14,PTTP/pooled / PS.2,19-20,47,94,94,0.500879902501,0.4962,354.5,1,0.0046799025014,0.0046799025014,0.00776407729132
11,exclude,17,PTTP/pooled / PS.WEST.3,"25,27",47,94,94,0.839694040334,0.5121,739.2,1,0.327594040334,0.327594040334,79.3293586101
11,exclude,18,PTTP/pooled / PS.EAST.3,"26,28",47,94,94,0.929041904611,0.5282,231.2,1,0.400841904611,0.400841904611,37.1478825521
11,exclude,19,JPTP / LL.WEST.1,1,37,37,37,0.989999987,0.5,1,0,0.489999987,0.489999987,0.24009998726
11,exclude,20,JPTP / LL.EAST.1/LL.ALL.2/LL.OS.2/LL.ARCH.3/LL.WEST.3/LL.EAST.3/LL.OS.3/LL.ALL.5,"2,4-10",37,296,296,0.266611307888,0.5,1,0,-0.233388692112,0.233388692112,0.0544702816059
11,exclude,23,JPTP / PS.JP.1/PL.JP.1,12-13,37,74,74,0.989999998441,0.5,1,0,0.489999998441,0.489999998441,0.240099998472
11,exclude,29,JPTP / PS.WEST.3,"25,27",37,74,74,0.416991145368,0.5,1,0,-0.0830088546322,0.0830088546322,0.00689046994736
12,exclude,1,RTTP/PTTP/pooled / LL.WEST.1/LL.EAST.1/LL.ALL.2/LL.OS.2/LL.ARCH.3/LL.WEST.3/LL.EAST.3/LL.OS.3/LL.ALL.5,"1-2,4-10",62,558,558,0.30654760227,0.5,1,0,-0.19345239773,0.19345239773,0.0374238301876
12,exclude,6,RTTP / PHID.2/PL.ALL.2,"14-18,21-22",15,105,105,0.915341462223,0.5,1,0,0.415341462223,0.415341462223,0.172508530241
12,exclude,7,RTTP / PS.2,19-20,15,30,30,0.659695411472,0.4962,354.5,1,0.163495411472,0.163495411472,9.47605072337
12,exclude,10,RTTP / PS.WEST.3,"25,27",15,30,30,0.611117193043,0.5121,739.2,1,0.099017193043,0.099017193043,7.24741581979
12,exclude,13,PTTP/pooled / PHID.2/PL.ALL.2,"14-18,21-22",47,329,329,0.820048251045,0.5,1,0,0.320048251045,0.320048251045,0.102430882997
12,exclude,14,PTTP/pooled / PS.2,19-20,47,94,94,0.501461008585,0.4962,354.5,1,0.00526100858546,0.00526100858546,0.00981192591871
12,exclude,17,PTTP/pooled / PS.WEST.3,"25,27",47,94,94,0.857307582187,0.5121,739.2,1,0.345207582187,0.345207582187,88.0891887317
12,exclude,18,PTTP/pooled / PS.EAST.3,"26,28",47,94,94,0.937617819133,0.5282,231.2,1,0.409417819133,0.409417819133,38.7544261841
12,exclude,19,JPTP / LL.WEST.1,1,37,37,37,0.989999996064,0.5,1,0,0.489999996064,0.489999996064,0.240099996143
12,exclude,20,JPTP / LL.EAST.1/LL.ALL.2/LL.OS.2/LL.ARCH.3/LL.WEST.3/LL.EAST.3/LL.OS.3/LL.ALL.5,"2,4-10",37,296,296,0.367741479716,0.5,1,0,-0.132258520284,0.132258520284,0.0174923161878
12,exclude,23,JPTP / PS.JP.1/PL.JP.1,12-13,37,74,74,0.989999998565,0.5,1,0,0.489999998565,0.489999998565,0.240099998594
12,exclude,29,JPTP / PS.WEST.3,"25,27",37,74,74,0.396957363667,0.5,1,0,-0.103042636333,0.103042636333,0.0106177849024
14,include,1,RTTP/PTTP/pooled / LL.WEST.1/LL.EAST.1/LL.ALL.2/LL.OS.2/LL.ARCH.3/LL.WEST.3/LL.EAST.3/LL.OS.3/LL.ALL.5,"1-2,4-10",62,558,558,0.207964374796,0.5,1,0,-0.292035625204,0.292035625204,0.0852848063883
14,include,6,RTTP / PHID.2/PL.ALL.2,"14-18,21-22",15,105,105,0.289145311555,0.5,1,0,-0.210854688445,0.210854688445,0.0444596996392
14,include,7,RTTP / PS.2,19-20,15,30,30,0.496214962497,0.4962,354.5,1,1.4962497131e-05,1.4962497131e-05,7.93641555802e-08
14,include,10,RTTP / PS.WEST.3,"25,27",15,30,30,0.550407792534,0.5121,739.2,1,0.0383077925343,0.0383077925343,1.08476636737
14,include,13,PTTP/pooled / PHID.2/PL.ALL.2,"14-18,21-22",47,329,329,0.462142177521,0.5,1,0,-0.0378578224791,0.0378578224791,0.00143321472286
14,include,14,PTTP/pooled / PS.2,19-20,47,94,94,0.495708074778,0.4962,354.5,1,-0.00049192522229,0.00049192522229,8.57856054232e-05
14,include,17,PTTP/pooled / PS.WEST.3,"25,27",47,94,94,0.714136869052,0.5121,739.2,1,0.202036869052,0.202036869052,30.1733282604
14,include,18,PTTP/pooled / PS.EAST.3,"26,28",47,94,94,0.729939191814,0.5282,231.2,1,0.201739191814,0.201739191814,9.40953979002
14,include,19,JPTP / LL.WEST.1,1,37,37,37,0.989999457229,0.5,1,0,0.489999457229,0.489999457229,0.240099468085
14,include,20,JPTP / LL.EAST.1/LL.ALL.2/LL.OS.2/LL.ARCH.3/LL.WEST.3/LL.EAST.3/LL.OS.3/LL.ALL.5,"2,4-10",37,296,296,0.230334752003,0.5,1,0,-0.269665247997,0.269665247997,0.0727193459773
14,include,23,JPTP / PS.JP.1/PL.JP.1,12-13,37,74,74,0.989999998403,0.5,1,0,0.489999998403,0.489999998403,0.240099998435
14,include,29,JPTP / PS.WEST.3,"25,27",37,74,74,0.126823192626,0.5,1,0,-0.373176807374,0.373176807374,0.139260929562
15,exclude,1,RTTP/PTTP/pooled / LL.WEST.1/LL.EAST.1/LL.ALL.2/LL.OS.2/LL.ARCH.3/LL.WEST.3/LL.EAST.3/LL.OS.3/LL.ALL.5,"1-2,4-10",62,558,558,0.214991921472,0.5,1,0,-0.285008078528,0.285008078528,0.0812296048263
15,exclude,6,RTTP / PHID.2/PL.ALL.2,"14-18,21-22",15,105,105,0.520590399969,0.5,1,0,0.0205903999687,0.0205903999687,0.000423964570871
15,exclude,7,RTTP / PS.2,19-20,15,30,30,0.656823503198,0.4962,354.5,1,0.160623503198,0.160623503198,9.14606801691
15,exclude,10,RTTP / PS.WEST.3,"25,27",15,30,30,0.530951489771,0.5121,739.2,1,0.0188514897709,0.0188514897709,0.262695910338
15,exclude,13,PTTP/pooled / PHID.2/PL.ALL.2,"14-18,21-22",47,329,329,0.452486073351,0.5,1,0,-0.0475139266488,0.0475139266488,0.00225757322559
15,exclude,14,PTTP/pooled / PS.2,19-20,47,94,94,0.503784509597,0.4962,354.5,1,0.00758450959656,0.00758450959656,0.0203925365733
15,exclude,17,PTTP/pooled / PS.WEST.3,"25,27",47,94,94,0.67330991835,0.5121,739.2,1,0.16120991835,0.16120991835,19.2108010429
15,exclude,18,PTTP/pooled / PS.EAST.3,"26,28",47,94,94,0.717226019237,0.5282,231.2,1,0.189026019237,0.189026019237,8.26096927135
15,exclude,19,JPTP / LL.WEST.1,1,37,37,37,0.484447432329,0.5,1,0,-0.0155525676705,0.0155525676705,0.000241882361146
15,exclude,20,JPTP / LL.EAST.1/LL.ALL.2/LL.OS.2/LL.ARCH.3/LL.WEST.3/LL.EAST.3/LL.OS.3/LL.ALL.5,"2,4-10",37,296,296,0.104089053337,0.5,1,0,-0.395910946663,0.395910946663,0.156745477687
15,exclude,23,JPTP / PS.JP.1/PL.JP.1,12-13,37,74,74,0.989999998533,0.5,1,0,0.489999998533,0.489999998533,0.240099998562
15,exclude,29,JPTP / PS.WEST.3,"25,27",37,74,74,0.110183623007,0.5,1,0,-0.389816376993,0.389816376993,0.151956807772
18,exclude,1,RTTP/PTTP/pooled / LL.WEST.1/LL.EAST.1/LL.ALL.2/LL.OS.2/LL.ARCH.3/LL.WEST.3/LL.EAST.3/LL.OS.3/LL.ALL.5,"1-2,4-10",62,558,558,0.234120424124,0.5,1,0,-0.265879575876,0.265879575876,0.0706919488682
18,exclude,6,RTTP / PHID.2/PL.ALL.2,"14-18,21-22",15,105,105,0.622882401598,0.5,1,0,0.122882401598,0.122882401598,0.0151000846224
18,exclude,7,RTTP / PS.2,19-20,15,30,30,0.656448053377,0.4962,354.5,1,0.160248053377,0.160248053377,9.10336098763
18,exclude,10,RTTP / PS.WEST.3,"25,27",15,30,30,0.570964304982,0.5121,739.2,1,0.0588643049816,0.0588643049816,2.5613327316
18,exclude,13,PTTP/pooled / PHID.2/PL.ALL.2,"14-18,21-22",47,329,329,0.501087266993,0.5,1,0,0.00108726699286,0.00108726699286,1.18214951377e-06
18,exclude,14,PTTP/pooled / PS.2,19-20,47,94,94,0.5001918641,0.4962,354.5,1,0.00399186410009,0.00399186410009,0.00564895005323
18,exclude,17,PTTP/pooled / PS.WEST.3,"25,27",47,94,94,0.742632468631,0.5121,739.2,1,0.230532468631,0.230532468631,39.2849459537
18,exclude,18,PTTP/pooled / PS.EAST.3,"26,28",47,94,94,0.866911091482,0.5282,231.2,1,0.338711091482,0.338711091482,26.5244670475
18,exclude,19,JPTP / LL.WEST.1,1,37,37,37,0.575904312391,0.5,1,0,0.0759043123913,0.0759043123913,0.00576146463959
18,exclude,20,JPTP / LL.EAST.1/LL.ALL.2/LL.OS.2/LL.ARCH.3/LL.WEST.3/LL.EAST.3/LL.OS.3/LL.ALL.5,"2,4-10",37,296,296,0.13687477697,0.5,1,0,-0.36312522303,0.36312522303,0.1318599276
18,exclude,23,JPTP / PS.JP.1/PL.JP.1,12-13,37,74,74,0.989999998391,0.5,1,0,0.489999998391,0.489999998391,0.240099998423
18,exclude,29,JPTP / PS.WEST.3,"25,27",37,74,74,0.172377471411,0.5,1,0,-0.327622528589,0.327622528589,0.107336521239
19,exclude,1,RTTP/PTTP/pooled / LL.WEST.1/LL.EAST.1/LL.ALL.2/LL.OS.2/LL.ARCH.3/LL.WEST.3/LL.EAST.3/LL.OS.3/LL.ALL.5,"1-2,4-10",62,558,558,0.309598950494,0.5,1,0,-0.190401049506,0.190401049506,0.0362525596528
19,exclude,6,RTTP / PHID.2/PL.ALL.2,"14-18,21-22",15,105,105,0.907796002199,0.5,1,0,0.407796002199,0.407796002199,0.16629757941
19,exclude,7,RTTP / PS.2,19-20,15,30,30,0.667206561041,0.4962,354.5,1,0.171006561041,0.171006561041,10.3667299693
19,exclude,10,RTTP / PS.WEST.3,"25,27",15,30,30,0.613952563201,0.5121,739.2,1,0.101852563201,0.101852563201,7.66841987089
19,exclude,13,PTTP/pooled / PHID.2/PL.ALL.2,"14-18,21-22",47,329,329,0.728767171324,0.5,1,0,0.228767171324,0.228767171324,0.0523344186756
19,exclude,14,PTTP/pooled / PS.2,19-20,47,94,94,0.50126275795,0.4962,354.5,1,0.00506275795018,0.00506275795018,0.00908637315303
19,exclude,17,PTTP/pooled / PS.WEST.3,"25,27",47,94,94,0.847600801929,0.5121,739.2,1,0.335500801929,0.335500801929,83.20493456
19,exclude,18,PTTP/pooled / PS.EAST.3,"26,28",47,94,94,0.943989826097,0.5282,231.2,1,0.415789826097,0.415789826097,39.9701286972
19,exclude,19,JPTP / LL.WEST.1,1,37,37,37,0.98999999526,0.5,1,0,0.48999999526,0.48999999526,0.240099995355
19,exclude,20,JPTP / LL.EAST.1/LL.ALL.2/LL.OS.2/LL.ARCH.3/LL.WEST.3/LL.EAST.3/LL.OS.3/LL.ALL.5,"2,4-10",37,296,296,0.374844337364,0.5,1,0,-0.125155662636,0.125155662636,0.01566393989
19,exclude,23,JPTP / PS.JP.1/PL.JP.1,12-13,37,74,74,0.989999998434,0.5,1,0,0.489999998434,0.489999998434,0.240099998466
19,exclude,29,JPTP / PS.WEST.3,"25,27",37,74,74,0.439588824506,0.5,1,0,-0.0604111754941,0.0604111754941,0.00364951012457
21,exclude,1,RTTP/PTTP/pooled / LL.WEST.1/LL.EAST.1/LL.ALL.2/LL.OS.2/LL.ARCH.3/LL.WEST.3/LL.EAST.3/LL.OS.3/LL.ALL.5,"1-2,4-10",62,558,558,0.338770494739,0.5,1,0,-0.161229505261,0.161229505261,0.0259949533667
21,exclude,6,RTTP / PHID.2/PL.ALL.2,"14-18,21-22",15,105,105,0.855820530977,0.5,1,0,0.355820530977,0.355820530977,0.126608250265
21,exclude,7,RTTP / PS.2,19-20,15,30,30,0.658321778566,0.4962,354.5,1,0.162121778566,0.162121778566,9.31749049981
21,exclude,10,RTTP / PS.WEST.3,"25,27",15,30,30,0.612244438305,0.5121,739.2,1,0.100144438305,0.100144438305,7.41336918045
21,exclude,13,PTTP/pooled / PHID.2/PL.ALL.2,"14-18,21-22",47,329,329,0.738790008219,0.5,1,0,0.238790008219,0.238790008219,0.057020668025
21,exclude,14,PTTP/pooled / PS.2,19-20,47,94,94,0.506731978634,0.4962,354.5,1,0.0105319786337,0.0105319786337,0.0393220524623
21,exclude,17,PTTP/pooled / PS.WEST.3,"25,27",47,94,94,0.824819443819,0.5121,739.2,1,0.312719443819,0.312719443819,72.2889186411
21,exclude,18,PTTP/pooled / PS.EAST.3,"26,28",47,94,94,0.931104809491,0.5282,231.2,1,0.402904809491,0.402904809491,37.5312244102
21,exclude,19,JPTP / LL.WEST.1,1,37,37,37,0.989987795236,0.5,1,0,0.489987795236,0.489987795236,0.24008803948
21,exclude,20,JPTP / LL.EAST.1/LL.ALL.2/LL.OS.2/LL.ARCH.3/LL.WEST.3/LL.EAST.3/LL.OS.3/LL.ALL.5,"2,4-10",37,296,296,0.237493632043,0.5,1,0,-0.262506367957,0.262506367957,0.0689095932181
21,exclude,23,JPTP / PS.JP.1/PL.JP.1,12-13,37,74,74,0.989999998411,0.5,1,0,0.489999998411,0.489999998411,0.240099998443
21,exclude,29,JPTP / PS.WEST.3,"25,27",37,74,74,0.320399754356,0.5,1,0,-0.179600245644,0.179600245644,0.0322562482354
22,include,1,RTTP/PTTP/pooled / LL.WEST.1/LL.EAST.1/LL.ALL.2/LL.OS.2/LL.ARCH.3/LL.WEST.3/LL.EAST.3/LL.OS.3/LL.ALL.5,"1-2,4-10",62,558,558,0.280853320723,0.5,1,0,-0.219146679277,0.219146679277,0.0480252670381
22,include,6,RTTP / PHID.2/PL.ALL.2,"14-18,21-22",15,105,105,0.441843130319,0.5,1,0,-0.0581568696809,0.0581568696809,0.00338222149109
22,include,7,RTTP / PS.2,19-20,15,30,30,0.52507612225,0.4962,354.5,1,0.0288761222501,0.0288761222501,0.295592889635
22,include,10,RTTP / PS.WEST.3,"25,27",15,30,30,0.594323564244,0.5121,739.2,1,0.0822235642436,0.0822235642436,4.99752017091
22,include,13,PTTP/pooled / PHID.2/PL.ALL.2,"14-18,21-22",47,329,329,0.799470552755,0.5,1,0,0.299470552755,0.299470552755,0.0896826119671
22,include,14,PTTP/pooled / PS.2,19-20,47,94,94,0.501754440669,0.4962,354.5,1,0.00555444066852,0.00555444066852,0.0109369670492
22,include,17,PTTP/pooled / PS.WEST.3,"25,27",47,94,94,0.812045084625,0.5121,739.2,1,0.299945084625,0.299945084625,66.503646162
22,include,18,PTTP/pooled / PS.EAST.3,"26,28",47,94,94,0.883367947471,0.5282,231.2,1,0.355167947471,0.355167947471,29.1645554346
22,include,19,JPTP / LL.WEST.1,1,37,37,37,0.793377739839,0.5,1,0,0.293377739839,0.293377739839,0.0860704982333
22,include,20,JPTP / LL.EAST.1/LL.ALL.2/LL.OS.2/LL.ARCH.3/LL.WEST.3/LL.EAST.3/LL.OS.3/LL.ALL.5,"2,4-10",37,296,296,0.204540785323,0.5,1,0,-0.295459214677,0.295459214677,0.0872961475377
22,include,23,JPTP / PS.JP.1/PL.JP.1,12-13,37,74,74,0.989999997124,0.5,1,0,0.489999997124,0.489999997124,0.240099997181
22,include,29,JPTP / PS.WEST.3,"25,27",37,74,74,0.136802991475,0.5,1,0,-0.363197008525,0.363197008525,0.131912067001
23,exclude,1,RTTP/PTTP/pooled / LL.WEST.1/LL.EAST.1/LL.ALL.2/LL.OS.2/LL.ARCH.3/LL.WEST.3/LL.EAST.3/LL.OS.3/LL.ALL.5,"1-2,4-10",62,558,558,0.318846923149,0.5,1,0,-0.181153076851,0.181153076851,0.0328164372526
23,exclude,6,RTTP / PHID.2/PL.ALL.2,"14-18,21-22",15,105,105,0.914316869085,0.5,1,0,0.414316869085,0.414316869085,0.171658468008
23,exclude,7,RTTP / PS.2,19-20,15,30,30,0.675723583601,0.4962,354.5,1,0.179523583601,0.179523583601,11.425080201
23,exclude,10,RTTP / PS.WEST.3,"25,27",15,30,30,0.618214209718,0.5121,739.2,1,0.106114209718,0.106114209718,8.32355869265
23,exclude,13,PTTP/pooled / PHID.2/PL.ALL.2,"14-18,21-22",47,329,329,0.82561271704,0.5,1,0,0.32561271704,0.32561271704,0.106023641498
23,exclude,14,PTTP/pooled / PS.2,19-20,47,94,94,0.49957784543,0.4962,354.5,1,0.00337784543033,0.00337784543033,0.00404478819181
23,exclude,17,PTTP/pooled / PS.WEST.3,"25,27",47,94,94,0.866371327024,0.5121,739.2,1,0.354271327024,0.354271327024,92.7756415934
23,exclude,18,PTTP/pooled / PS.EAST.3,"26,28",47,94,94,0.945983400854,0.5282,231.2,1,0.417783400854,0.417783400854,40.3543346707
23,exclude,19,JPTP / LL.WEST.1,1,37,37,37,0.989999995015,0.5,1,0,0.489999995015,0.489999995015,0.240099995114
23,exclude,20,JPTP / LL.EAST.1/LL.ALL.2/LL.OS.2/LL.ARCH.3/LL.WEST.3/LL.EAST.3/LL.OS.3/LL.ALL.5,"2,4-10",37,296,296,0.484172660789,0.5,1,0,-0.0158273392114,0.0158273392114,0.000250504666512
23,exclude,23,JPTP / PS.JP.1/PL.JP.1,12-13,37,74,74,0.989999998264,0.5,1,0,0.489999998264,0.489999998264,0.240099998299
23,exclude,29,JPTP / PS.WEST.3,"25,27",37,74,74,0.467012689002,0.5,1,0,-0.0329873109981,0.0329873109981,0.00108816268689
24,exclude,1,RTTP/PTTP/pooled / LL.WEST.1/LL.EAST.1/LL.ALL.2/LL.OS.2/LL.ARCH.3/LL.WEST.3/LL.EAST.3/LL.OS.3/LL.ALL.5,"1-2,4-10",62,558,558,0.351837036665,0.5,1,0,-0.148162963335,0.148162963335,0.0219522637042
24,exclude,6,RTTP / PHID.2/PL.ALL.2,"14-18,21-22",15,105,105,0.743948383878,0.5,1,0,0.243948383878,0.243948383878,0.0595108139967
24,exclude,7,RTTP / PS.2,19-20,15,30,30,0.657651776059,0.4962,354.5,1,0.161451776059,0.161451776059,9.24063663934
24,exclude,10,RTTP / PS.WEST.3,"25,27",15,30,30,0.569573180925,0.5121,739.2,1,0.0574731809254,0.0574731809254,2.44170069578
24,exclude,13,PTTP/pooled / PHID.2/PL.ALL.2,"14-18,21-22",47,329,329,0.619188095503,0.5,1,0,0.119188095503,0.119188095503,0.0142058021096
24,exclude,14,PTTP/pooled / PS.2,19-20,47,94,94,0.508681089096,0.4962,354.5,1,0.0124810890963,0.0124810890963,0.055223153893
24,exclude,17,PTTP/pooled / PS.WEST.3,"25,27",47,94,94,0.781863300852,0.5121,739.2,1,0.269763300852,0.269763300852,53.7932386894
24,exclude,18,PTTP/pooled / PS.EAST.3,"26,28",47,94,94,0.884180549945,0.5282,231.2,1,0.355980549945,0.355980549945,29.2981615283
24,exclude,19,JPTP / LL.WEST.1,1,37,37,37,0.836901016409,0.5,1,0,0.336901016409,0.336901016409,0.113502294858
24,exclude,20,JPTP / LL.EAST.1/LL.ALL.2/LL.OS.2/LL.ARCH.3/LL.WEST.3/LL.EAST.3/LL.OS.3/LL.ALL.5,"2,4-10",37,296,296,0.208620825617,0.5,1,0,-0.291379174383,0.291379174383,0.084901823264
24,exclude,23,JPTP / PS.JP.1/PL.JP.1,12-13,37,74,74,0.989999999037,0.5,1,0,0.489999999037,0.489999999037,0.240099999057
24,exclude,29,JPTP / PS.WEST.3,"25,27",37,74,74,0.15016148728,0.5,1,0,-0.34983851272,0.34983851272,0.122386984982
25,include,1,RTTP/PTTP/pooled / LL.WEST.1/LL.EAST.1/LL.ALL.2/LL.OS.2/LL.ARCH.3/LL.WEST.3/LL.EAST.3/LL.OS.3/LL.ALL.5,"1-2,4-10",62,558,558,0.211687237861,0.5,1,0,-0.288312762139,0.288312762139,0.0831242488123
25,include,6,RTTP / PHID.2/PL.ALL.2,"14-18,21-22",15,105,105,0.336606532183,0.5,1,0,-0.163393467817,0.163393467817,0.0266974253252
25,include,7,RTTP / PS.2,19-20,15,30,30,0.521765831859,0.4962,354.5,1,0.0255658318592,0.0255658318592,0.231705368443
25,include,10,RTTP / PS.WEST.3,"25,27",15,30,30,0.550198802862,0.5121,739.2,1,0.0380988028616,0.0380988028616,1.0729626818
25,include,13,PTTP/pooled / PHID.2/PL.ALL.2,"14-18,21-22",47,329,329,0.444629436773,0.5,1,0,-0.0553705632272,0.0553705632272,0.00306589927209
25,include,14,PTTP/pooled / PS.2,19-20,47,94,94,0.501981630635,0.4962,354.5,1,0.00578163063474,0.00578163063474,0.0118499611164
25,include,17,PTTP/pooled / PS.WEST.3,"25,27",47,94,94,0.704935277286,0.5121,739.2,1,0.192835277286,0.192835277286,27.4874803274
25,include,18,PTTP/pooled / PS.EAST.3,"26,28",47,94,94,0.768410566225,0.5282,231.2,1,0.240210566225,0.240210566225,13.3404980484
25,include,19,JPTP / LL.WEST.1,1,37,37,37,0.432164105454,0.5,1,0,-0.0678358945462,0.0678358945462,0.00460170858888
25,include,20,JPTP / LL.EAST.1/LL.ALL.2/LL.OS.2/LL.ARCH.3/LL.WEST.3/LL.EAST.3/LL.OS.3/LL.ALL.5,"2,4-10",37,296,296,0.110750011144,0.5,1,0,-0.389249988856,0.389249988856,0.151515553824
25,include,23,JPTP / PS.JP.1/PL.JP.1,12-13,37,74,74,0.989999998376,0.5,1,0,0.489999998376,0.489999998376,0.240099998409
25,include,29,JPTP / PS.WEST.3,"25,27",37,74,74,0.128517543783,0.5,1,0,-0.371482456217,0.371482456217,0.137999215277
27,include,1,RTTP/PTTP/pooled / LL.WEST.1/LL.EAST.1/LL.ALL.2/LL.OS.2/LL.ARCH.3/LL.WEST.3/LL.EAST.3/LL.OS.3/LL.ALL.5,"1-2,4-10",62,558,558,0.268393630264,0.5,1,0,-0.231606369736,0.231606369736,0.0536415105023
27,include,6,RTTP / PHID.2/PL.ALL.2,"14-18,21-22",15,105,105,0.406257806005,0.5,1,0,-0.0937421939946,0.0937421939946,0.00878759893493
27,include,7,RTTP / PS.2,19-20,15,30,30,0.520707846287,0.4962,354.5,1,0.0245078462866,0.0245078462866,0.212924940746
27,include,10,RTTP / PS.WEST.3,"25,27",15,30,30,0.590381935398,0.5121,739.2,1,0.0782819353984,0.0782819353984,4.52986299407
27,include,13,PTTP/pooled / PHID.2/PL.ALL.2,"14-18,21-22",47,329,329,0.75550719122,0.5,1,0,0.25550719122,0.25550719122,0.0652839247653
27,include,14,PTTP/pooled / PS.2,19-20,47,94,94,0.501047481562,0.4962,354.5,1,0.00484748156167,0.00484748156167,0.00833006847046
27,include,17,PTTP/pooled / PS.WEST.3,"25,27",47,94,94,0.782890698476,0.5121,739.2,1,0.270790698476,0.270790698476,54.2037636801
27,include,18,PTTP/pooled / PS.EAST.3,"26,28",47,94,94,0.838779634369,0.5282,231.2,1,0.310579634369,0.310579634369,22.3014847866
27,include,19,JPTP / LL.WEST.1,1,37,37,37,0.731150739964,0.5,1,0,0.231150739964,0.231150739964,0.0534306645861
27,include,20,JPTP / LL.EAST.1/LL.ALL.2/LL.OS.2/LL.ARCH.3/LL.WEST.3/LL.EAST.3/LL.OS.3/LL.ALL.5,"2,4-10",37,296,296,0.182109279686,0.5,1,0,-0.317890720314,0.317890720314,0.101054510062
27,include,23,JPTP / PS.JP.1/PL.JP.1,12-13,37,74,74,0.989999996769,0.5,1,0,0.489999996769,0.489999996769,0.240099996833
27,include,29,JPTP / PS.WEST.3,"25,27",37,74,74,0.134804099733,0.5,1,0,-0.365195900267,0.365195900267,0.133368045572
29,include,1,RTTP/PTTP/pooled / LL.WEST.1/LL.EAST.1/LL.ALL.2/LL.OS.2/LL.ARCH.3/LL.WEST.3/LL.EAST.3/LL.OS.3/LL.ALL.5,"1-2,4-10",62,558,558,0.250234633296,0.5,1,0,-0.249765366704,0.249765366704,0.0623827384048
29,include,6,RTTP / PHID.2/PL.ALL.2,"14-18,21-22",15,105,105,0.431946028085,0.5,1,0,-0.0680539719151,0.0680539719151,0.00463134309342
29,include,7,RTTP / PS.2,19-20,15,30,30,0.517176526627,0.4962,354.5,1,0.0209765266272,0.0209765266272,0.155985200282
29,include,10,RTTP / PS.WEST.3,"25,27",15,30,30,0.597247693488,0.5121,739.2,1,0.0851476934885,0.0851476934885,5.35929587898
29,include,13,PTTP/pooled / PHID.2/PL.ALL.2,"14-18,21-22",47,329,329,0.767983720607,0.5,1,0,0.267983720607,0.267983720607,0.0718152745106
29,include,14,PTTP/pooled / PS.2,19-20,47,94,94,0.501421053873,0.4962,354.5,1,0.00522105387315,0.00522105387315,0.00966345855716
29,include,17,PTTP/pooled / PS.WEST.3,"25,27",47,94,94,0.797922855884,0.5121,739.2,1,0.285822855884,0.285822855884,60.3887258957
29,include,18,PTTP/pooled / PS.EAST.3,"26,28",47,94,94,0.830525956046,0.5282,231.2,1,0.302325956046,0.302325956046,21.1319074313
29,include,19,JPTP / LL.WEST.1,1,37,37,37,0.705947862891,0.5,1,0,0.205947862891,0.205947862891,0.0424145222292
29,include,20,JPTP / LL.EAST.1/LL.ALL.2/LL.OS.2/LL.ARCH.3/LL.WEST.3/LL.EAST.3/LL.OS.3/LL.ALL.5,"2,4-10",37,296,296,0.169942656506,0.5,1,0,-0.330057343494,0.330057343494,0.108937849995
29,include,23,JPTP / PS.JP.1/PL.JP.1,12-13,37,74,74,0.989999996647,0.5,1,0,0.489999996647,0.489999996647,0.240099996714
29,include,29,JPTP / PS.WEST.3,"25,27",37,74,74,0.143990095544,0.5,1,0,-0.356009904456,0.356009904456,0.126743052071
30,exclude,1,RTTP/PTTP/pooled / LL.WEST.1/LL.EAST.1/LL.ALL.2/LL.OS.2/LL.ARCH.3/LL.WEST.3/LL.EAST.3/LL.OS.3/LL.ALL.5,"1-2,4-10",62,558,558,0.439473987042,0.5,1,0,-0.0605260129577,0.0605260129577,0.00366339824456
30,exclude,6,RTTP / PHID.2/PL.ALL.2,"14-18,21-22",15,105,105,0.896520450738,0.5,1,0,0.396520450738,0.396520450738,0.157228467853
30,exclude,7,RTTP / PS.2,19-20,15,30,30,0.66510864026,0.4962,354.5,1,0.16890864026,0.16890864026,10.1139306435
30,exclude,10,RTTP / PS.WEST.3,"25,27",15,30,30,0.606870363521,0.5121,739.2,1,0.0947703635212,0.0947703635212,6.639066996
30,exclude,13,PTTP/pooled / PHID.2/PL.ALL.2,"14-18,21-22",47,329,329,0.804567098471,0.5,1,0,0.304567098471,0.304567098471,0.0927611174713
30,exclude,14,PTTP/pooled / PS.2,19-20,47,94,94,0.505076800799,0.4962,354.5,1,0.00887680079917,0.00887680079917,0.0279337465158
30,exclude,17,PTTP/pooled / PS.WEST.3,"25,27",47,94,94,0.860301077685,0.5121,739.2,1,0.348201077685,0.348201077685,89.6235577783
30,exclude,18,PTTP/pooled / PS.EAST.3,"26,28",47,94,94,0.986573617929,0.5282,231.2,1,0.458373617929,0.458373617929,48.5765935795
30,exclude,19,JPTP / LL.WEST.1,1,37,37,37,0.989999991546,0.5,1,0,0.489999991546,0.489999991546,0.240099991715
30,exclude,20,JPTP / LL.EAST.1/LL.ALL.2/LL.OS.2/LL.ARCH.3/LL.WEST.3/LL.EAST.3/LL.OS.3/LL.ALL.5,"2,4-10",37,296,296,0.317882913892,0.5,1,0,-0.182117086108,0.182117086108,0.0331666330526
30,exclude,23,JPTP / PS.JP.1/PL.JP.1,12-13,37,74,74,0.989999998858,0.5,1,0,0.489999998858,0.489999998858,0.240099998881
30,exclude,29,JPTP / PS.WEST.3,"25,27",37,74,74,0.271785389442,0.5,1,0,-0.228214610558,0.228214610558,0.0520819084721
31,exclude,1,RTTP/PTTP/pooled / LL.WEST.1/LL.EAST.1/LL.ALL.2/LL.OS.2/LL.ARCH.3/LL.WEST.3/LL.EAST.3/LL.OS.3/LL.ALL.5,"1-2,4-10",62,558,558,0.251005210006,0.5,1,0,-0.248994789994,0.248994789994,0.0619984054443
31,exclude,6,RTTP / PHID.2/PL.ALL.2,"14-18,21-22",15,105,105,0.676585345161,0.5,1,0,0.176585345161,0.176585345161,0.0311823841258
31,exclude,7,RTTP / PS.2,19-20,15,30,30,0.665577324759,0.4962,354.5,1,0.169377324759,0.169377324759,10.1701364016
31,exclude,10,RTTP / PS.WEST.3,"25,27",15,30,30,0.576869850509,0.5121,739.2,1,0.0647698505089,0.0647698505089,3.10104270903
31,exclude,13,PTTP/pooled / PHID.2/PL.ALL.2,"14-18,21-22",47,329,329,0.564768034616,0.5,1,0,0.0647680346156,0.0647680346156,0.00419489830797
31,exclude,14,PTTP/pooled / PS.2,19-20,47,94,94,0.501763787506,0.4962,354.5,1,0.00556378750561,0.00556378750561,0.010973806784
31,exclude,17,PTTP/pooled / PS.WEST.3,"25,27",47,94,94,0.75054317832,0.5121,739.2,1,0.23844317832,0.23844317832,42.0273263532
31,exclude,18,PTTP/pooled / PS.EAST.3,"26,28",47,94,94,0.877615838208,0.5282,231.2,1,0.349415838208,0.349415838208,28.2275381514
31,exclude,19,JPTP / LL.WEST.1,1,37,37,37,0.631261426079,0.5,1,0,0.131261426079,0.131261426079,0.0172295619762
31,exclude,20,JPTP / LL.EAST.1/LL.ALL.2/LL.OS.2/LL.ARCH.3/LL.WEST.3/LL.EAST.3/LL.OS.3/LL.ALL.5,"2,4-10",37,296,296,0.134704688958,0.5,1,0,-0.365295311042,0.365295311042,0.133440664269
31,exclude,23,JPTP / PS.JP.1/PL.JP.1,12-13,37,74,74,0.989999998377,0.5,1,0,0.489999998377,0.489999998377,0.24009999841
31,exclude,29,JPTP / PS.WEST.3,"25,27",37,74,74,0.179314249428,0.5,1,0,-0.320685750572,0.320685750572,0.10283935062
32,include,1,RTTP/PTTP/pooled / LL.WEST.1/LL.EAST.1/LL.ALL.2/LL.OS.2/LL.ARCH.3/LL.WEST.3/LL.EAST.3/LL.OS.3/LL.ALL.5,"1-2,4-10",62,558,558,0.227969865298,0.5,1,0,-0.272030134702,0.272030134702,0.0740003941859
32,include,6,RTTP / PHID.2/PL.ALL.2,"14-18,21-22",15,105,105,0.407072706011,0.5,1,0,-0.092927293989,0.092927293989,0.00863548196812
32,include,7,RTTP / PS.2,19-20,15,30,30,0.526767929514,0.4962,354.5,1,0.0305679295144,0.0305679295144,0.331244202596
32,include,10,RTTP / PS.WEST.3,"25,27",15,30,30,0.588970008026,0.5121,739.2,1,0.0768700080264,0.0768700080264,4.36793142064
32,include,13,PTTP/pooled / PHID.2/PL.ALL.2,"14-18,21-22",47,329,329,0.971643339065,0.5,1,0,0.471643339065,0.471643339065,0.222447439284
32,include,14,PTTP/pooled / PS.2,19-20,47,94,94,0.502206229941,0.4962,354.5,1,0.00600622994081,0.00600622994081,0.0127885159271
32,include,17,PTTP/pooled / PS.WEST.3,"25,27",47,94,94,0.81392018857,0.5121,739.2,1,0.30182018857,0.30182018857,67.337739068
32,include,18,PTTP/pooled / PS.EAST.3,"26,28",47,94,94,0.851722476653,0.5282,231.2,1,0.323522476653,0.323522476653,24.1989625184
32,include,19,JPTP / LL.WEST.1,1,37,37,37,0.585010147639,0.5,1,0,0.0850101476392,0.0850101476392,0.00722672520164
32,include,20,JPTP / LL.EAST.1/LL.ALL.2/LL.OS.2/LL.ARCH.3/LL.WEST.3/LL.EAST.3/LL.OS.3/LL.ALL.5,"2,4-10",37,296,296,0.161157748138,0.5,1,0,-0.338842251862,0.338842251862,0.114814071647
32,include,23,JPTP / PS.JP.1/PL.JP.1,12-13,37,74,74,0.989999991921,0.5,1,0,0.489999991921,0.489999991921,0.240099992083
32,include,29,JPTP / PS.WEST.3,"25,27",37,74,74,0.144425625077,0.5,1,0,-0.355574374923,0.355574374923,0.126433136102
33,include,1,RTTP/PTTP/pooled / LL.WEST.1/LL.EAST.1/LL.ALL.2/LL.OS.2/LL.ARCH.3/LL.WEST.3/LL.EAST.3/LL.OS.3/LL.ALL.5,"1-2,4-10",62,558,558,0.284436889377,0.5,1,0,-0.215563110623,0.215563110623,0.0464674546617
33,include,6,RTTP / PHID.2/PL.ALL.2,"14-18,21-22",15,105,105,0.452545903818,0.5,1,0,-0.0474540961824,0.0474540961824,0.00225189124449
33,include,7,RTTP / PS.2,19-20,15,30,30,0.52587271348,0.4962,354.5,1,0.0296727134797,0.0296727134797,0.3121265885
33,include,10,RTTP / PS.WEST.3,"25,27",15,30,30,0.586168699052,0.5121,739.2,1,0.0740686990517,0.0740686990517,4.05537847488
33,include,13,PTTP/pooled / PHID.2/PL.ALL.2,"14-18,21-22",47,329,329,0.757295663374,0.5,1,0,0.257295663374,0.257295663374,0.0662010583909
33,include,14,PTTP/pooled / PS.2,19-20,47,94,94,0.501145797988,0.4962,354.5,1,0.00494579798773,0.00494579798773,0.00867139533721
33,include,17,PTTP/pooled / PS.WEST.3,"25,27",47,94,94,0.80078052629,0.5121,739.2,1,0.28868052629,0.28868052629,61.6023010747
33,include,18,PTTP/pooled / PS.EAST.3,"26,28",47,94,94,0.887442367122,0.5282,231.2,1,0.359242367122,0.359242367122,29.8375341112
33,include,19,JPTP / LL.WEST.1,1,37,37,37,0.817936146753,0.5,1,0,0.317936146753,0.317936146753,0.101083393412
33,include,20,JPTP / LL.EAST.1/LL.ALL.2/LL.OS.2/LL.ARCH.3/LL.WEST.3/LL.EAST.3/LL.OS.3/LL.ALL.5,"2,4-10",37,296,296,0.186071621194,0.5,1,0,-0.313928378806,0.313928378806,0.0985510270195
33,include,23,JPTP / PS.JP.1/PL.JP.1,12-13,37,74,74,0.989999998409,0.5,1,0,0.489999998409,0.489999998409,0.240099998441
33,include,29,JPTP / PS.WEST.3,"25,27",37,74,74,0.133592238984,0.5,1,0,-0.366407761016,0.366407761016,0.134254647333
34,include,1,RTTP/PTTP/pooled / LL.WEST.1/LL.EAST.1/LL.ALL.2/LL.OS.2/LL.ARCH.3/LL.WEST.3/LL.EAST.3/LL.OS.3/LL.ALL.5,"1-2,4-10",62,558,558,0.231417963797,0.5,1,0,-0.268582036203,0.268582036203,0.072136310171
34,include,6,RTTP / PHID.2/PL.ALL.2,"14-18,21-22",15,105,105,0.337289118284,0.5,1,0,-0.162710881716,0.162710881716,0.0264748310288
34,include,7,RTTP / PS.2,19-20,15,30,30,0.528315988025,0.4962,354.5,1,0.0321159880248,0.0321159880248,0.365644305474
34,include,10,RTTP / PS.WEST.3,"25,27",15,30,30,0.55039621912,0.5121,739.2,1,0.0382962191196,0.0382962191196,1.08411101484
34,include,13,PTTP/pooled / PHID.2/PL.ALL.2,"14-18,21-22",47,329,329,0.44874618578,0.5,1,0,-0.0512538142201,0.0512538142201,0.00262695347211
34,include,14,PTTP/pooled / PS.2,19-20,47,94,94,0.503454895657,0.4962,354.5,1,0.00725489565738,0.00725489565738,0.0186585796493
34,include,17,PTTP/pooled / PS.WEST.3,"25,27",47,94,94,0.691767360178,0.5121,739.2,1,0.179667360178,0.179667360178,23.8616423436
34,include,18,PTTP/pooled / PS.EAST.3,"26,28",47,94,94,0.704742279125,0.5282,231.2,1,0.176542279125,0.176542279125,7.20585116489
34,include,19,JPTP / LL.WEST.1,1,37,37,37,0.489063539404,0.5,1,0,-0.0109364605965,0.0109364605965,0.000119606170378
34,include,20,JPTP / LL.EAST.1/LL.ALL.2/LL.OS.2/LL.ARCH.3/LL.WEST.3/LL.EAST.3/LL.OS.3/LL.ALL.5,"2,4-10",37,296,296,0.116779750726,0.5,1,0,-0.383220249274,0.383220249274,0.146857759454
34,include,23,JPTP / PS.JP.1/PL.JP.1,12-13,37,74,74,0.989999998552,0.5,1,0,0.489999998552,0.489999998552,0.240099998581
34,include,29,JPTP / PS.WEST.3,"25,27",37,74,74,0.13761601808,0.5,1,0,-0.36238398192,0.36238398192,0.131322150352
35,include,1,RTTP/PTTP/pooled / LL.WEST.1/LL.EAST.1/LL.ALL.2/LL.OS.2/LL.ARCH.3/LL.WEST.3/LL.EAST.3/LL.OS.3/LL.ALL.5,"1-2,4-10",62,558,558,0.223861984911,0.5,1,0,-0.276138015089,0.276138015089,0.0762522033772
35,include,6,RTTP / PHID.2/PL.ALL.2,"14-18,21-22",15,105,105,0.348217768066,0.5,1,0,-0.151782231934,0.151782231934,0.023037845931
35,include,7,RTTP / PS.2,19-20,15,30,30,0.525777112532,0.4962,354.5,1,0.029577112532,0.029577112532,0.310118580141
35,include,10,RTTP / PS.WEST.3,"25,27",15,30,30,0.560294167059,0.5121,739.2,1,0.0481941670586,0.0481941670586,1.71692338428
35,include,13,PTTP/pooled / PHID.2/PL.ALL.2,"14-18,21-22",47,329,329,0.453236337626,0.5,1,0,-0.0467636623742,0.0467636623742,0.00218684011865
35,include,14,PTTP/pooled / PS.2,19-20,47,94,94,0.497104092618,0.4962,354.5,1,0.000904092618187,0.000904092618187,0.000289762437371
35,include,17,PTTP/pooled / PS.WEST.3,"25,27",47,94,94,0.74231132919,0.5121,739.2,1,0.23021132919,0.23021132919,39.1755716997
35,include,18,PTTP/pooled / PS.EAST.3,"26,28",47,94,94,0.804076120386,0.5282,231.2,1,0.275876120386,0.275876120386,17.5960849344
35,include,19,JPTP / LL.WEST.1,1,37,37,37,0.519639266633,0.5,1,0,0.0196392666331,0.0196392666331,0.000385700793887
35,include,20,JPTP / LL.EAST.1/LL.ALL.2/LL.OS.2/LL.ARCH.3/LL.WEST.3/LL.EAST.3/LL.OS.3/LL.ALL.5,"2,4-10",37,296,296,0.132197777794,0.5,1,0,-0.367802222206,0.367802222206,0.13527847466
35,include,23,JPTP / PS.JP.1/PL.JP.1,12-13,37,74,74,0.989999997429,0.5,1,0,0.489999997429,0.489999997429,0.24009999748
35,include,29,JPTP / PS.WEST.3,"25,27",37,74,74,0.130298848608,0.5,1,0,-0.369701151392,0.369701151392,0.13667894134
36,exclude,1,RTTP/PTTP/pooled / LL.WEST.1/LL.EAST.1/LL.ALL.2/LL.OS.2/LL.ARCH.3/LL.WEST.3/LL.EAST.3/LL.OS.3/LL.ALL.5,"1-2,4-10",62,558,558,0.244322596501,0.5,1,0,-0.255677403499,0.255677403499,0.0653709346599
36,exclude,6,RTTP / PHID.2/PL.ALL.2,"14-18,21-22",15,105,105,0.676186095297,0.5,1,0,0.176186095297,0.176186095297,0.0310415401762
36,exclude,7,RTTP / PS.2,19-20,15,30,30,0.675289460112,0.4962,354.5,1,0.179089460112,0.179089460112,11.3698908093
36,exclude,10,RTTP / PS.WEST.3,"25,27",15,30,30,0.582385327138,0.5121,739.2,1,0.0702853271383,0.0702853271383,3.65166811433
36,exclude,13,PTTP/pooled / PHID.2/PL.ALL.2,"14-18,21-22",47,329,329,0.548241164182,0.5,1,0,0.048241164182,0.048241164182,0.00232720992163
36,exclude,14,PTTP/pooled / PS.2,19-20,47,94,94,0.499501463634,0.4962,354.5,1,0.00330146363371,0.00330146363371,0.00386393022321
36,exclude,17,PTTP/pooled / PS.WEST.3,"25,27",47,94,94,0.766941284722,0.5121,739.2,1,0.254841284722,0.254841284722,48.0066642309
36,exclude,18,PTTP/pooled / PS.EAST.3,"26,28",47,94,94,0.882952674971,0.5282,231.2,1,0.354752674971,0.354752674971,29.0963952442
36,exclude,19,JPTP / LL.WEST.1,1,37,37,37,0.9899999847,0.5,1,0,0.4899999847,0.4899999847,0.240099985006
36,exclude,20,JPTP / LL.EAST.1/LL.ALL.2/LL.OS.2/LL.ARCH.3/LL.WEST.3/LL.EAST.3/LL.OS.3/LL.ALL.5,"2,4-10",37,296,296,0.165391715604,0.5,1,0,-0.334608284396,0.334608284396,0.111962703986
36,exclude,23,JPTP / PS.JP.1/PL.JP.1,12-13,37,74,74,0.989999998592,0.5,1,0,0.489999998592,0.489999998592,0.240099998621
36,exclude,29,JPTP / PS.WEST.3,"25,27",37,74,74,0.189907063407,0.5,1,0,-0.310092936593,0.310092936593,0.096157629325
38,exclude,1,RTTP/PTTP/pooled / LL.WEST.1/LL.EAST.1/LL.ALL.2/LL.OS.2/LL.ARCH.3/LL.WEST.3/LL.EAST.3/LL.OS.3/LL.ALL.5,"1-2,4-10",62,558,558,0.211654623667,0.5,1,0,-0.288345376333,0.288345376333,0.0831430560524
38,exclude,6,RTTP / PHID.2/PL.ALL.2,"14-18,21-22",15,105,105,0.564015701895,0.5,1,0,0.064015701895,0.064015701895,0.00409801008911
38,exclude,7,RTTP / PS.2,19-20,15,30,30,0.656011049292,0.4962,354.5,1,0.159811049292,0.159811049292,9.05377808818
38,exclude,10,RTTP / PS.WEST.3,"25,27",15,30,30,0.562822631579,0.5121,739.2,1,0.0507226315794,0.0507226315794,1.90180293392
38,exclude,13,PTTP/pooled / PHID.2/PL.ALL.2,"14-18,21-22",47,329,329,0.453419641788,0.5,1,0,-0.0465803582116,0.0465803582116,0.00216972977112
38,exclude,14,PTTP/pooled / PS.2,19-20,47,94,94,0.501702999663,0.4962,354.5,1,0.00550299966307,0.00550299966307,0.0107353253759
38,exclude,17,PTTP/pooled / PS.WEST.3,"25,27",47,94,94,0.706612739425,0.5121,739.2,1,0.194512739425,0.194512739425,27.9677841263
38,exclude,18,PTTP/pooled / PS.EAST.3,"26,28",47,94,94,0.814208223572,0.5282,231.2,1,0.286008223572,0.286008223572,18.9123227535
38,exclude,19,JPTP / LL.WEST.1,1,37,37,37,0.473269423301,0.5,1,0,-0.0267305766987,0.0267305766987,0.000714523730644
38,exclude,20,JPTP / LL.EAST.1/LL.ALL.2/LL.OS.2/LL.ARCH.3/LL.WEST.3/LL.EAST.3/LL.OS.3/LL.ALL.5,"2,4-10",37,296,296,0.120184262546,0.5,1,0,-0.379815737454,0.379815737454,0.144259994418
38,exclude,23,JPTP / PS.JP.1/PL.JP.1,12-13,37,74,74,0.989999998557,0.5,1,0,0.489999998557,0.489999998557,0.240099998586
38,exclude,29,JPTP / PS.WEST.3,"25,27",37,74,74,0.152849732899,0.5,1,0,-0.347150267101,0.347150267101,0.120513307948
39,exclude,1,RTTP/PTTP/pooled / LL.WEST.1/LL.EAST.1/LL.ALL.2/LL.OS.2/LL.ARCH.3/LL.WEST.3/LL.EAST.3/LL.OS.3/LL.ALL.5,"1-2,4-10",62,558,558,0.226910139051,0.5,1,0,-0.273089860949,0.273089860949,0.0745780721533
39,exclude,6,RTTP / PHID.2/PL.ALL.2,"14-18,21-22",15,105,105,0.64156774913,0.5,1,0,0.14156774913,0.14156774913,0.0200414275937
39,exclude,7,RTTP / PS.2,19-20,15,30,30,0.674443679923,0.4962,354.5,1,0.178243679923,0.178243679923,11.2627519438
39,exclude,10,RTTP / PS.WEST.3,"25,27",15,30,30,0.576959899493,0.5121,739.2,1,0.0648598994927,0.0648598994927,3.10967141078
39,exclude,13,PTTP/pooled / PHID.2/PL.ALL.2,"14-18,21-22",47,329,329,0.510045090725,0.5,1,0,0.0100450907251,0.0100450907251,0.000100903847675
39,exclude,14,PTTP/pooled / PS.2,19-20,47,94,94,0.501646476217,0.4962,354.5,1,0.00544647621698,0.00544647621698,0.0105159245781
39,exclude,17,PTTP/pooled / PS.WEST.3,"25,27",47,94,94,0.735477535473,0.5121,739.2,1,0.223377535473,0.223377535473,36.8842492631
39,exclude,18,PTTP/pooled / PS.EAST.3,"26,28",47,94,94,0.836786989035,0.5282,231.2,1,0.308586989035,0.308586989035,22.0162349702
39,exclude,19,JPTP / LL.WEST.1,1,37,37,37,0.924674086873,0.5,1,0,0.424674086873,0.424674086873,0.180348080062
39,exclude,20,JPTP / LL.EAST.1/LL.ALL.2/LL.OS.2/LL.ARCH.3/LL.WEST.3/LL.EAST.3/LL.OS.3/LL.ALL.5,"2,4-10",37,296,296,0.16753805518,0.5,1,0,-0.33246194482,0.33246194482,0.110530944754
39,exclude,23,JPTP / PS.JP.1/PL.JP.1,12-13,37,74,74,0.98999999892,0.5,1,0,0.48999999892,0.48999999892,0.240099998941
39,exclude,29,JPTP / PS.WEST.3,"25,27",37,74,74,0.174396278434,0.5,1,0,-0.325603721566,0.325603721566,0.106017783498
40,include,1,RTTP/PTTP/pooled / LL.WEST.1/LL.EAST.1/LL.ALL.2/LL.OS.2/LL.ARCH.3/LL.WEST.3/LL.EAST.3/LL.OS.3/LL.ALL.5,"1-2,4-10",62,558,558,0.218018888792,0.5,1,0,-0.281981111208,0.281981111208,0.079513347078
40,include,6,RTTP / PHID.2/PL.ALL.2,"14-18,21-22",15,105,105,0.320960121041,0.5,1,0,-0.179039878959,0.179039878959,0.0320552782575
40,include,7,RTTP / PS.2,19-20,15,30,30,0.502331184182,0.4962,354.5,1,0.00613118418235,0.00613118418235,0.0133261582049
40,include,10,RTTP / PS.WEST.3,"25,27",15,30,30,0.573389538757,0.5121,739.2,1,0.0612895387574,0.0612895387574,2.77673646916
40,include,13,PTTP/pooled / PHID.2/PL.ALL.2,"14-18,21-22",47,329,329,0.563048092966,0.5,1,0,0.0630480929655,0.0630480929655,0.00397506202659
40,include,14,PTTP/pooled / PS.2,19-20,47,94,94,0.498026932543,0.4962,354.5,1,0.00182693254349,0.00182693254349,0.0011832084528
40,include,17,PTTP/pooled / PS.WEST.3,"25,27",47,94,94,0.737616498426,0.5121,739.2,1,0.225516498426,0.225516498426,37.5940052332
40,include,18,PTTP/pooled / PS.EAST.3,"26,28",47,94,94,0.752724564736,0.5282,231.2,1,0.224524564736,0.224524564736,11.6550879753
40,include,19,JPTP / LL.WEST.1,1,37,37,37,0.989999983968,0.5,1,0,0.489999983968,0.489999983968,0.240099984289
40,include,20,JPTP / LL.EAST.1/LL.ALL.2/LL.OS.2/LL.ARCH.3/LL.WEST.3/LL.EAST.3/LL.OS.3/LL.ALL.5,"2,4-10",37,296,296,0.250225325958,0.5,1,0,-0.249774674042,0.249774674042,0.0623873877928
40,include,23,JPTP / PS.JP.1/PL.JP.1,12-13,37,74,74,0.9899999974,0.5,1,0,0.4899999974,0.4899999974,0.240099997452
40,include,29,JPTP / PS.WEST.3,"25,27",37,74,74,0.132948093039,0.5,1,0,-0.367051906961,0.367051906961,0.134727102404
41,exclude,1,RTTP/PTTP/pooled / LL.WEST.1/LL.EAST.1/LL.ALL.2/LL.OS.2/LL.ARCH.3/LL.WEST.3/LL.EAST.3/LL.OS.3/LL.ALL.5,"1-2,4-10",62,558,558,0.310390020139,0.5,1,0,-0.189609979861,0.189609979861,0.0359519444631
41,exclude,6,RTTP / PHID.2/PL.ALL.2,"14-18,21-22",15,105,105,0.924637917125,0.5,1,0,0.424637917125,0.424637917125,0.18031736066
41,exclude,7,RTTP / PS.2,19-20,15,30,30,0.659414384724,0.4962,354.5,1,0.163214384724,0.163214384724,9.44350259252
41,exclude,10,RTTP / PS.WEST.3,"25,27",15,30,30,0.611307901816,0.5121,739.2,1,0.0992079018159,0.0992079018159,7.27535999298
41,exclude,13,PTTP/pooled / PHID.2/PL.ALL.2,"14-18,21-22",47,329,329,0.728055292219,0.5,1,0,0.228055292219,0.228055292219,0.0520092163092
41,exclude,14,PTTP/pooled / PS.2,19-20,47,94,94,0.502233891718,0.4962,354.5,1,0.00603389171808,0.00603389171808,0.0129065825646
41,exclude,17,PTTP/pooled / PS.WEST.3,"25,27",47,94,94,0.841411586277,0.5121,739.2,1,0.329311586277,0.329311586277,80.1633725371
41,exclude,18,PTTP/pooled / PS.EAST.3,"26,28",47,94,94,0.936162905368,0.5282,231.2,1,0.407962905368,0.407962905368,38.4794788745
41,exclude,19,JPTP / LL.WEST.1,1,37,37,37,0.989999996962,0.5,1,0,0.489999996962,0.489999996962,0.240099997023
41,exclude,20,JPTP / LL.EAST.1/LL.ALL.2/LL.OS.2/LL.ARCH.3/LL.WEST.3/LL.EAST.3/LL.OS.3/LL.ALL.5,"2,4-10",37,296,296,0.443556155417,0.5,1,0,-0.0564438445829,0.0564438445829,0.0031859075913
41,exclude,23,JPTP / PS.JP.1/PL.JP.1,12-13,37,74,74,0.989999998553,0.5,1,0,0.489999998553,0.489999998553,0.240099998582
41,exclude,29,JPTP / PS.WEST.3,"25,27",37,74,74,0.420638158161,0.5,1,0,-0.0793618418387,0.0793618418387,0.00629830194003
42,include,1,RTTP/PTTP/pooled / LL.WEST.1/LL.EAST.1/LL.ALL.2/LL.OS.2/LL.ARCH.3/LL.WEST.3/LL.EAST.3/LL.OS.3/LL.ALL.5,"1-2,4-10",62,558,558,0.225553593919,0.5,1,0,-0.274446406081,0.274446406081,0.075320829811
42,include,6,RTTP / PHID.2/PL.ALL.2,"14-18,21-22",15,105,105,0.359969585437,0.5,1,0,-0.140030414563,0.140030414563,0.0196085170026
42,include,7,RTTP / PS.2,19-20,15,30,30,0.502159894298,0.4962,354.5,1,0.00595989429832,0.00595989429832,0.0125919605467
42,include,10,RTTP / PS.WEST.3,"25,27",15,30,30,0.577014093112,0.5121,739.2,1,0.0649140931124,0.0649140931124,3.11487014702
42,include,13,PTTP/pooled / PHID.2/PL.ALL.2,"14-18,21-22",47,329,329,0.97887733818,0.5,1,0,0.47887733818,0.47887733818,0.229323505022
42,include,14,PTTP/pooled / PS.2,19-20,47,94,94,0.504948390856,0.4962,354.5,1,0.00874839085582,0.00874839085582,0.0271314244397
42,include,17,PTTP/pooled / PS.WEST.3,"25,27",47,94,94,0.732032089215,0.5121,739.2,1,0.219932089215,0.219932089215,35.7551955621
42,include,18,PTTP/pooled / PS.EAST.3,"26,28",47,94,94,0.731837385851,0.5282,231.2,1,0.203637385851,0.203637385851,9.58744435266
42,include,19,JPTP / LL.WEST.1,1,37,37,37,0.989999997809,0.5,1,0,0.489999997809,0.489999997809,0.240099997853
42,include,20,JPTP / LL.EAST.1/LL.ALL.2/LL.OS.2/LL.ARCH.3/LL.WEST.3/LL.EAST.3/LL.OS.3/LL.ALL.5,"2,4-10",37,296,296,0.254742261565,0.5,1,0,-0.245257738435,0.245257738435,0.0601513582622
42,include,23,JPTP / PS.JP.1/PL.JP.1,12-13,37,74,74,0.989999995502,0.5,1,0,0.489999995502,0.489999995502,0.240099995592
42,include,29,JPTP / PS.WEST.3,"25,27",37,74,74,0.133909938761,0.5,1,0,-0.366090061239,0.366090061239,0.134021932938
43,include,1,RTTP/PTTP/pooled / LL.WEST.1/LL.EAST.1/LL.ALL.2/LL.OS.2/LL.ARCH.3/LL.WEST.3/LL.EAST.3/LL.OS.3/LL.ALL.5,"1-2,4-10",62,558,558,0.218054409161,0.5,1,0,-0.281945590839,0.281945590839,0.0794933161935
43,include,6,RTTP / PHID.2/PL.ALL.2,"14-18,21-22",15,105,105,0.333860366241,0.5,1,0,-0.166139633759,0.166139633759,0.0276023779056
43,include,7,RTTP / PS.2,19-20,15,30,30,0.515598240032,0.4962,354.5,1,0.0193982400323,0.0193982400323,0.133395413446
43,include,10,RTTP / PS.WEST.3,"25,27",15,30,30,0.556444429333,0.5121,739.2,1,0.0443444293329,0.0443444293329,1.45358388278
43,include,13,PTTP/pooled / PHID.2/PL.ALL.2,"14-18,21-22",47,329,329,0.430469429029,0.5,1,0,-0.069530570971,0.069530570971,0.00483450029955
43,include,14,PTTP/pooled / PS.2,19-20,47,94,94,0.496611970305,0.4962,354.5,1,0.00041197030482,0.00041197030482,6.0165574113e-05
43,include,17,PTTP/pooled / PS.WEST.3,"25,27",47,94,94,0.706836413858,0.5121,739.2,1,0.194736413858,0.194736413858,28.0321426362
43,include,18,PTTP/pooled / PS.EAST.3,"26,28",47,94,94,0.747083407834,0.5282,231.2,1,0.218883407834,0.218883407834,11.0767795672
43,include,19,JPTP / LL.WEST.1,1,37,37,37,0.911293123581,0.5,1,0,0.411293123581,0.411293123581,0.169162033505
43,include,20,JPTP / LL.EAST.1/LL.ALL.2/LL.OS.2/LL.ARCH.3/LL.WEST.3/LL.EAST.3/LL.OS.3/LL.ALL.5,"2,4-10",37,296,296,0.144054455344,0.5,1,0,-0.355945544656,0.355945544656,0.126697230761
43,include,23,JPTP / PS.JP.1/PL.JP.1,12-13,37,74,74,0.989999998251,0.5,1,0,0.489999998251,0.489999998251,0.240099998286
43,include,29,JPTP / PS.WEST.3,"25,27",37,74,74,0.122435955904,0.5,1,0,-0.377564044096,0.377564044096,0.142554607394
44,include,1,RTTP/PTTP/pooled / LL.WEST.1/LL.EAST.1/LL.ALL.2/LL.OS.2/LL.ARCH.3/LL.WEST.3/LL.EAST.3/LL.OS.3/LL.ALL.5,"1-2,4-10",62,558,558,0.260094922742,0.5,1,0,-0.239905077258,0.239905077258,0.057554446094
44,include,6,RTTP / PHID.2/PL.ALL.2,"14-18,21-22",15,105,105,0.406919465363,0.5,1,0,-0.0930805346367,0.0930805346367,0.00866398592825
44,include,7,RTTP / PS.2,19-20,15,30,30,0.522366637809,0.4962,354.5,1,0.0261666378091,0.0261666378091,0.242723645186
44,include,10,RTTP / PS.WEST.3,"25,27",15,30,30,0.590615699163,0.5121,739.2,1,0.0785156991631,0.0785156991631,4.55695733914
44,include,13,PTTP/pooled / PHID.2/PL.ALL.2,"14-18,21-22",47,329,329,0.798471729942,0.5,1,0,0.298471729942,0.298471729942,0.0890853735747
44,include,14,PTTP/pooled / PS.2,19-20,47,94,94,0.501270579165,0.4962,354.5,1,0.00507057916496,0.00507057916496,0.00911446905264
44,include,17,PTTP/pooled / PS.WEST.3,"25,27",47,94,94,0.799498820697,0.5121,739.2,1,0.287398820697,0.287398820697,61.0565023165
44,include,18,PTTP/pooled / PS.EAST.3,"26,28",47,94,94,0.832551585081,0.5282,231.2,1,0.304351585081,0.304351585081,21.4160299534
44,include,19,JPTP / LL.WEST.1,1,37,37,37,0.741021943714,0.5,1,0,0.241021943714,0.241021943714,0.0580915773519
44,include,20,JPTP / LL.EAST.1/LL.ALL.2/LL.OS.2/LL.ARCH.3/LL.WEST.3/LL.EAST.3/LL.OS.3/LL.ALL.5,"2,4-10",37,296,296,0.23446228507,0.5,1,0,-0.26553771493,0.26553771493,0.0705102780505
44,include,23,JPTP / PS.JP.1/PL.JP.1,12-13,37,74,74,0.608715736467,0.5,1,0,0.108715736467,0.108715736467,0.0118191113556
44,include,29,JPTP / PS.WEST.3,"25,27",37,74,74,0.145742462731,0.5,1,0,-0.354257537269,0.354257537269,0.125498402712
45,include,1,RTTP/PTTP/pooled / LL.WEST.1/LL.EAST.1/LL.ALL.2/LL.OS.2/LL.ARCH.3/LL.WEST.3/LL.EAST.3/LL.OS.3/LL.ALL.5,"1-2,4-10",62,558,558,0.213214957891,0.5,1,0,-0.286785042109,0.286785042109,0.0822456603777
45,include,6,RTTP / PHID.2/PL.ALL.2,"14-18,21-22",15,105,105,0.325562575762,0.5,1,0,-0.174437424238,0.174437424238,0.0304284149749
45,include,7,RTTP / PS.2,19-20,15,30,30,0.517823258429,0.4962,354.5,1,0.021623258429,0.021623258429,0.165751900653
45,include,10,RTTP / PS.WEST.3,"25,27",15,30,30,0.580324985182,0.5121,739.2,1,0.0682249851823,0.0682249851823,3.44071624743
45,include,13,PTTP/pooled / PHID.2/PL.ALL.2,"14-18,21-22",47,329,329,0.667337019094,0.5,1,0,0.167337019094,0.167337019094,0.0280016779593
45,include,14,PTTP/pooled / PS.2,19-20,47,94,94,0.497070664491,0.4962,354.5,1,0.000870664490658,0.000870664490658,0.000268731084301
45,include,17,PTTP/pooled / PS.WEST.3,"25,27",47,94,94,0.765287775187,0.5121,739.2,1,0.253187775187,0.253187775187,47.3857133933
45,include,18,PTTP/pooled / PS.EAST.3,"26,28",47,94,94,0.750293105498,0.5282,231.2,1,0.222093105498,0.222093105498,11.4040203443
45,include,19,JPTP / LL.WEST.1,1,37,37,37,0.989999718902,0.5,1,0,0.489999718902,0.489999718902,0.240099724524
45,include,20,JPTP / LL.EAST.1/LL.ALL.2/LL.OS.2/LL.ARCH.3/LL.WEST.3/LL.EAST.3/LL.OS.3/LL.ALL.5,"2,4-10",37,296,296,0.216523169881,0.5,1,0,-0.283476830119,0.283476830119,0.0803591132142
45,include,23,JPTP / PS.JP.1/PL.JP.1,12-13,37,74,74,0.989999997187,0.5,1,0,0.489999997187,0.489999997187,0.240099997243
45,include,29,JPTP / PS.WEST.3,"25,27",37,74,74,0.14597965447,0.5,1,0,-0.35402034553,0.35402034553,0.125330405049
46,include,1,RTTP/PTTP/pooled / LL.WEST.1/LL.EAST.1/LL.ALL.2/LL.OS.2/LL.ARCH.3/LL.WEST.3/LL.EAST.3/LL.OS.3/LL.ALL.5,"1-2,4-10",62,558,558,0.418460114356,0.5,1,0,-0.0815398856443,0.0815398856443,0.00664875295089
46,include,6,RTTP / PHID.2/PL.ALL.2,"14-18,21-22",15,105,105,0.989999924664,0.5,1,0,0.489999924664,0.489999924664,0.240099926171
46,include,7,RTTP / PS.2,19-20,15,30,30,0.533348920424,0.4962,354.5,1,0.0371489204244,0.0371489204244,0.489224991343
46,include,10,RTTP / PS.WEST.3,"25,27",15,30,30,0.607076706606,0.5121,739.2,1,0.0949767066064,0.0949767066064,6.66800889054
46,include,13,PTTP/pooled / PHID.2/PL.ALL.2,"14-18,21-22",47,329,329,0.952586963388,0.5,1,0,0.452586963388,0.452586963388,0.204834959429
46,include,14,PTTP/pooled / PS.2,19-20,47,94,94,0.504799095939,0.4962,354.5,1,0.00859909593928,0.00859909593928,0.0262133078699
46,include,17,PTTP/pooled / PS.WEST.3,"25,27",47,94,94,0.887669988371,0.5121,739.2,1,0.375569988371,0.375569988371,104.266241709
46,include,18,PTTP/pooled / PS.EAST.3,"26,28",47,94,94,0.98999999276,0.5282,231.2,1,0.46179999276,0.46179999276,49.305534742
46,include,19,JPTP / LL.WEST.1,1,37,37,37,0.989999993417,0.5,1,0,0.489999993417,0.489999993417,0.240099993548
46,include,20,JPTP / LL.EAST.1/LL.ALL.2/LL.OS.2/LL.ARCH.3/LL.WEST.3/LL.EAST.3/LL.OS.3/LL.ALL.5,"2,4-10",37,296,296,0.345475184374,0.5,1,0,-0.154524815626,0.154524815626,0.0238779186442
46,include,23,JPTP / PS.JP.1/PL.JP.1,12-13,37,74,74,0.989999998732,0.5,1,0,0.489999998732,0.489999998732,0.240099998757
46,include,29,JPTP / PS.WEST.3,"25,27",37,74,74,0.138017862806,0.5,1,0,-0.361982137194,0.361982137194,0.131031067647
47,exclude,1,RTTP/PTTP/pooled / LL.WEST.1/LL.EAST.1/LL.ALL.2/LL.OS.2/LL.ARCH.3/LL.WEST.3/LL.EAST.3/LL.OS.3/LL.ALL.5,"1-2,4-10",62,558,558,0.275977413114,0.5,1,0,-0.224022586886,0.224022586886,0.050186119435
47,exclude,6,RTTP / PHID.2/PL.ALL.2,"14-18,21-22",15,105,105,0.803492995476,0.5,1,0,0.303492995476,0.303492995476,0.0921079983032
47,exclude,7,RTTP / PS.2,19-20,15,30,30,0.660547101385,0.4962,354.5,1,0.164347101385,0.164347101385,9.57503427053
47,exclude,10,RTTP / PS.WEST.3,"25,27",15,30,30,0.617000942777,0.5121,739.2,1,0.104900942777,0.104900942777,8.13431040244
47,exclude,13,PTTP/pooled / PHID.2/PL.ALL.2,"14-18,21-22",47,329,329,0.622482588104,0.5,1,0,0.122482588104,0.122482588104,0.0150019843886
47,exclude,14,PTTP/pooled / PS.2,19-20,47,94,94,0.502594599286,0.4962,354.5,1,0.00639459928554,0.00639459928554,0.014495824058
47,exclude,17,PTTP/pooled / PS.WEST.3,"25,27",47,94,94,0.841073615977,0.5121,739.2,1,0.328973615977,0.328973615977,79.9989146945
47,exclude,18,PTTP/pooled / PS.EAST.3,"26,28",47,94,94,0.932026738355,0.5282,231.2,1,0.403826738355,0.403826738355,37.703179202
47,exclude,19,JPTP / LL.WEST.1,1,37,37,37,0.989999977106,0.5,1,0,0.489999977106,0.489999977106,0.240099977563
47,exclude,20,JPTP / LL.EAST.1/LL.ALL.2/LL.OS.2/LL.ARCH.3/LL.WEST.3/LL.EAST.3/LL.OS.3/LL.ALL.5,"2,4-10",37,296,296,0.278685937917,0.5,1,0,-0.221314062083,0.221314062083,0.0489799140758
47,exclude,23,JPTP / PS.JP.1/PL.JP.1,12-13,37,74,74,0.989999998465,0.5,1,0,0.489999998465,0.489999998465,0.240099998496
47,exclude,29,JPTP / PS.WEST.3,"25,27",37,74,74,0.432098051386,0.5,1,0,-0.0679019486139,0.0679019486139,0.00461067462557
49,include,1,RTTP/PTTP/pooled / LL.WEST.1/LL.EAST.1/LL.ALL.2/LL.OS.2/LL.ARCH.3/LL.WEST.3/LL.EAST.3/LL.OS.3/LL.ALL.5,"1-2,4-10",62,558,558,0.260011548885,0.5,1,0,-0.239988451115,0.239988451115,0.0575944566688
49,include,6,RTTP / PHID.2/PL.ALL.2,"14-18,21-22",15,105,105,0.373935326034,0.5,1,0,-0.126064673966,0.126064673966,0.0158923020222
49,include,7,RTTP / PS.2,19-20,15,30,30,0.533608118291,0.4962,354.5,1,0.0374081182912,0.0374081182912,0.496075712844
49,include,10,RTTP / PS.WEST.3,"25,27",15,30,30,0.559359150096,0.5121,739.2,1,0.047259150096,0.047259150096,1.65094943635
49,include,13,PTTP/pooled / PHID.2/PL.ALL.2,"14-18,21-22",47,329,329,0.466479401911,0.5,1,0,-0.0335205980886,0.0335205980886,0.00112363049621
49,include,14,PTTP/pooled / PS.2,19-20,47,94,94,0.504270540025,0.4962,354.5,1,0.00807054002517,0.00807054002517,0.0230898669776
49,include,17,PTTP/pooled / PS.WEST.3,"25,27",47,94,94,0.718787007512,0.5121,739.2,1,0.206687007512,0.206687007512,31.5782684998
49,include,18,PTTP/pooled / PS.EAST.3,"26,28",47,94,94,0.756324668628,0.5282,231.2,1,0.228124668628,0.228124668628,12.0318478577
49,include,19,JPTP / LL.WEST.1,1,37,37,37,0.575827315497,0.5,1,0,0.0758273154967,0.0758273154967,0.00574978177543
49,include,20,JPTP / LL.EAST.1/LL.ALL.2/LL.OS.2/LL.ARCH.3/LL.WEST.3/LL.EAST.3/LL.OS.3/LL.ALL.5,"2,4-10",37,296,296,0.133219555666,0.5,1,0,-0.366780444334,0.366780444334,0.134527894346
49,include,23,JPTP / PS.JP.1/PL.JP.1,12-13,37,74,74,0.989999998711,0.5,1,0,0.489999998711,0.489999998711,0.240099998737
49,include,29,JPTP / PS.WEST.3,"25,27",37,74,74,0.134991777657,0.5,1,0,-0.365008222343,0.365008222343,0.133231002378
50,exclude,1,RTTP/PTTP/pooled / LL.WEST.1/LL.EAST.1/LL.ALL.2/LL.OS.2/LL.ARCH.3/LL.WEST.3/LL.EAST.3/LL.OS.3/LL.ALL.5,"1-2,4-10",62,558,558,0.264820510139,0.5,1,0,-0.235179489861,0.235179489861,0.0553093924515
50,exclude,6,RTTP / PHID.2/PL.ALL.2,"14-18,21-22",15,105,105,0.720717453696,0.5,1,0,0.220717453696,0.220717453696,0.0487161943662
50,exclude,7,RTTP / PS.2,19-20,15,30,30,0.674960922767,0.4962,354.5,1,0.178760922767,0.178760922767,11.3282132318
50,exclude,10,RTTP / PS.WEST.3,"25,27",15,30,30,0.590859818367,0.5121,739.2,1,0.0787598183673,0.0787598183673,4.58533816485
50,exclude,13,PTTP/pooled / PHID.2/PL.ALL.2,"14-18,21-22",47,329,329,0.574165317411,0.5,1,0,0.0741653174108,0.0741653174108,0.00550049430664
50,exclude,14,PTTP/pooled / PS.2,19-20,47,94,94,0.50037306396,0.4962,354.5,1,0.00417306396007,0.00417306396007,0.00617342706785
50,exclude,17,PTTP/pooled / PS.WEST.3,"25,27",47,94,94,0.779762668742,0.5121,739.2,1,0.267662668742,0.267662668742,52.9587304929
50,exclude,18,PTTP/pooled / PS.EAST.3,"26,28",47,94,94,0.899531082817,0.5282,231.2,1,0.371331082817,0.371331082817,31.879421933
50,exclude,19,JPTP / LL.WEST.1,1,37,37,37,0.989999985914,0.5,1,0,0.489999985914,0.489999985914,0.240099986196
50,exclude,20,JPTP / LL.EAST.1/LL.ALL.2/LL.OS.2/LL.ARCH.3/LL.WEST.3/LL.EAST.3/LL.OS.3/LL.ALL.5,"2,4-10",37,296,296,0.185987705607,0.5,1,0,-0.314012294393,0.314012294393,0.0986037210298
50,exclude,23,JPTP / PS.JP.1/PL.JP.1,12-13,37,74,74,0.989999998657,0.5,1,0,0.489999998657,0.489999998657,0.240099998683
50,exclude,29,JPTP / PS.WEST.3,"25,27",37,74,74,0.19972839752,0.5,1,0,-0.30027160248,0.30027160248,0.0901630352557
51,exclude,1,RTTP/PTTP/pooled / LL.WEST.1/LL.EAST.1/LL.ALL.2/LL.OS.2/LL.ARCH.3/LL.WEST.3/LL.EAST.3/LL.OS.3/LL.ALL.5,"1-2,4-10",62,558,558,0.234983001764,0.5,1,0,-0.265016998236,0.265016998236,0.0702340093538
51,exclude,6,RTTP / PHID.2/PL.ALL.2,"14-18,21-22",15,105,105,0.695696131188,0.5,1,0,0.195696131188,0.195696131188,0.0382969757619
51,exclude,7,RTTP / PS.2,19-20,15,30,30,0.665277803889,0.4962,354.5,1,0.169077803889,0.169077803889,10.1341991857
51,exclude,10,RTTP / PS.WEST.3,"25,27",15,30,30,0.579415206224,0.5121,739.2,1,0.0673152062239,0.0673152062239,3.34956430225
51,exclude,13,PTTP/pooled / PHID.2/PL.ALL.2,"14-18,21-22",47,329,329,0.519894305189,0.5,1,0,0.0198943051886,0.0198943051886,0.000395783378938
51,exclude,14,PTTP/pooled / PS.2,19-20,47,94,94,0.499600739595,0.4962,354.5,1,0.00340073959538,0.00340073959538,0.00409980306254
51,exclude,17,PTTP/pooled / PS.WEST.3,"25,27",47,94,94,0.749778614139,0.5121,739.2,1,0.237678614139,0.237678614139,41.758238579
51,exclude,18,PTTP/pooled / PS.EAST.3,"26,28",47,94,94,0.855825504993,0.5282,231.2,1,0.327625504993,0.327625504993,24.8166546159
51,exclude,19,JPTP / LL.WEST.1,1,37,37,37,0.98999999469,0.5,1,0,0.48999999469,0.48999999469,0.240099994796
51,exclude,20,JPTP / LL.EAST.1/LL.ALL.2/LL.OS.2/LL.ARCH.3/LL.WEST.3/LL.EAST.3/LL.OS.3/LL.ALL.5,"2,4-10",37,296,296,0.277145878262,0.5,1,0,-0.222854121738,0.222854121738,0.0496639595757
51,exclude,23,JPTP / PS.JP.1/PL.JP.1,12-13,37,74,74,0.989999998759,0.5,1,0,0.489999998759,0.489999998759,0.240099998784
51,exclude,29,JPTP / PS.WEST.3,"25,27",37,74,74,0.192734961225,0.5,1,0,-0.307265038775,0.307265038775,0.0944118040531
52,include,1,RTTP/PTTP/pooled / LL.WEST.1/LL.EAST.1/LL.ALL.2/LL.OS.2/LL.ARCH.3/LL.WEST.3/LL.EAST.3/LL.OS.3/LL.ALL.5,"1-2,4-10",62,558,558,0.207791769917,0.5,1,0,-0.292208230083,0.292208230083,0.085385649728
52,include,6,RTTP / PHID.2/PL.ALL.2,"14-18,21-22",15,105,105,0.330426254907,0.5,1,0,-0.169573745093,0.169573745093,0.0287552550249
52,include,7,RTTP / PS.2,19-20,15,30,30,0.522729885356,0.4962,354.5,1,0.0265298853559,0.0265298853559,0.249509442625
52,include,10,RTTP / PS.WEST.3,"25,27",15,30,30,0.546884194869,0.5121,739.2,1,0.034784194869,0.034784194869,0.894387805215
52,include,13,PTTP/pooled / PHID.2/PL.ALL.2,"14-18,21-22",47,329,329,0.443187013259,0.5,1,0,-0.0568129867408,0.0568129867408,0.00322771546241
52,include,14,PTTP/pooled / PS.2,19-20,47,94,94,0.501809522935,0.4962,354.5,1,0.00560952293506,0.00560952293506,0.0111549620096
52,include,17,PTTP/pooled / PS.WEST.3,"25,27",47,94,94,0.694605884686,0.5121,739.2,1,0.182505884686,0.182505884686,24.621567761
52,include,18,PTTP/pooled / PS.EAST.3,"26,28",47,94,94,0.759808625844,0.5282,231.2,1,0.231608625844,0.231608625844,12.4021588467
52,include,19,JPTP / LL.WEST.1,1,37,37,37,0.424454543249,0.5,1,0,-0.0755454567507,0.0755454567507,0.00570711603568
52,include,20,JPTP / LL.EAST.1/LL.ALL.2/LL.OS.2/LL.ARCH.3/LL.WEST.3/LL.EAST.3/LL.OS.3/LL.ALL.5,"2,4-10",37,296,296,0.0996215740854,0.5,1,0,-0.400378425915,0.400378425915,0.160302883938
52,include,23,JPTP / PS.JP.1/PL.JP.1,12-13,37,74,74,0.989999998337,0.5,1,0,0.489999998337,0.489999998337,0.24009999837
52,include,29,JPTP / PS.WEST.3,"25,27",37,74,74,0.127598791313,0.5,1,0,-0.372401208687,0.372401208687,0.138682660231
53,exclude,1,RTTP/PTTP/pooled / LL.WEST.1/LL.EAST.1/LL.ALL.2/LL.OS.2/LL.ARCH.3/LL.WEST.3/LL.EAST.3/LL.OS.3/LL.ALL.5,"1-2,4-10",62,558,558,0.276620658726,0.5,1,0,-0.223379341274,0.223379341274,0.049898330108
53,exclude,6,RTTP / PHID.2/PL.ALL.2,"14-18,21-22",15,105,105,0.841391410189,0.5,1,0,0.341391410189,0.341391410189,0.116548094951
53,exclude,7,RTTP / PS.2,19-20,15,30,30,0.658592327578,0.4962,354.5,1,0.162392327578,0.162392327578,9.3486145259
53,exclude,10,RTTP / PS.WEST.3,"25,27",15,30,30,0.606358136736,0.5121,739.2,1,0.094258136736,0.094258136736,6.56749361522
53,exclude,13,PTTP/pooled / PHID.2/PL.ALL.2,"14-18,21-22",47,329,329,0.640552147253,0.5,1,0,0.140552147253,0.140552147253,0.0197549060974
53,exclude,14,PTTP/pooled / PS.2,19-20,47,94,94,0.50283833831,0.4962,354.5,1,0.00663833830962,0.00663833830962,0.0156219413394
53,exclude,17,PTTP/pooled / PS.WEST.3,"25,27",47,94,94,0.807290965405,0.5121,739.2,1,0.295190965405,0.295190965405,64.4121923172
53,exclude,18,PTTP/pooled / PS.EAST.3,"26,28",47,94,94,0.901196846056,0.5282,231.2,1,0.372996846056,0.372996846056,32.1660808252
53,exclude,19,JPTP / LL.WEST.1,1,37,37,37,0.989999994734,0.5,1,0,0.489999994734,0.489999994734,0.24009999484
53,exclude,20,JPTP / LL.EAST.1/LL.ALL.2/LL.OS.2/LL.ARCH.3/LL.WEST.3/LL.EAST.3/LL.OS.3/LL.ALL.5,"2,4-10",37,296,296,0.338360894492,0.5,1,0,-0.161639105508,0.161639105508,0.0261272004293
53,exclude,23,JPTP / PS.JP.1/PL.JP.1,12-13,37,74,74,0.989999998517,0.5,1,0,0.489999998517,0.489999998517,0.240099998547
53,exclude,29,JPTP / PS.WEST.3,"25,27",37,74,74,0.303028536825,0.5,1,0,-0.196971463175,0.196971463175,0.0387977573055
54,exclude,1,RTTP/PTTP/pooled / LL.WEST.1/LL.EAST.1/LL.ALL.2/LL.OS.2/LL.ARCH.3/LL.WEST.3/LL.EAST.3/LL.OS.3/LL.ALL.5,"1-2,4-10",62,558,558,0.293076921626,0.5,1,0,-0.206923078374,0.206923078374,0.0428171603639
54,exclude,6,RTTP / PHID.2/PL.ALL.2,"14-18,21-22",15,105,105,0.812390321023,0.5,1,0,0.312390321023,0.312390321023,0.0975877126688
54,exclude,7,RTTP / PS.2,19-20,15,30,30,0.667719902238,0.4962,354.5,1,0.171519902238,0.171519902238,10.4290627482
54,exclude,10,RTTP / PS.WEST.3,"25,27",15,30,30,0.610837164633,0.5121,739.2,1,0.0987371646329,0.0987371646329,7.20648126087
54,exclude,13,PTTP/pooled / PHID.2/PL.ALL.2,"14-18,21-22",47,329,329,0.665888044157,0.5,1,0,0.165888044157,0.165888044157,0.0275188431944
54,exclude,14,PTTP/pooled / PS.2,19-20,47,94,94,0.504231547631,0.4962,354.5,1,0.0080315476313,0.0080315476313,0.0228672909819
54,exclude,17,PTTP/pooled / PS.WEST.3,"25,27",47,94,94,0.8143761911,0.5121,739.2,1,0.3022761911,0.3022761911,67.5413661057
54,exclude,18,PTTP/pooled / PS.EAST.3,"26,28",47,94,94,0.90994800026,0.5282,231.2,1,0.38174800026,0.38174800026,33.6931310545
54,exclude,19,JPTP / LL.WEST.1,1,37,37,37,0.98999999427,0.5,1,0,0.48999999427,0.48999999427,0.240099994385
54,exclude,20,JPTP / LL.EAST.1/LL.ALL.2/LL.OS.2/LL.ARCH.3/LL.WEST.3/LL.EAST.3/LL.OS.3/LL.ALL.5,"2,4-10",37,296,296,0.25885823787,0.5,1,0,-0.24114176213,0.24114176213,0.0581493494434
54,exclude,23,JPTP / PS.JP.1/PL.JP.1,12-13,37,74,74,0.989999998338,0.5,1,0,0.489999998338,0.489999998338,0.240099998371
54,exclude,29,JPTP / PS.WEST.3,"25,27",37,74,74,0.305629925088,0.5,1,0,-0.194370074912,0.194370074912,0.0377797260212
55,exclude,1,RTTP/PTTP/pooled / LL.WEST.1/LL.EAST.1/LL.ALL.2/LL.OS.2/LL.ARCH.3/LL.WEST.3/LL.EAST.3/LL.OS.3/LL.ALL.5,"1-2,4-10",62,558,558,0.279405702486,0.5,1,0,-0.220594297514,0.220594297514,0.0486618440955
55,exclude,6,RTTP / PHID.2/PL.ALL.2,"14-18,21-22",15,105,105,0.879734806859,0.5,1,0,0.379734806859,0.379734806859,0.14419852354
55,exclude,7,RTTP / PS.2,19-20,15,30,30,0.666387137224,0.4962,354.5,1,0.170187137224,0.170187137224,10.2676180643
55,exclude,10,RTTP / PS.WEST.3,"25,27",15,30,30,0.611473819676,0.5121,739.2,1,0.0993738196757,0.0993738196757,7.29971534251
55,exclude,13,PTTP/pooled / PHID.2/PL.ALL.2,"14-18,21-22",47,329,329,0.656916668856,0.5,1,0,0.156916668856,0.156916668856,0.0246228409648
55,exclude,14,PTTP/pooled / PS.2,19-20,47,94,94,0.501310325611,0.4962,354.5,1,0.00511032561095,0.00511032561095,0.00925791917282
55,exclude,17,PTTP/pooled / PS.WEST.3,"25,27",47,94,94,0.818252895629,0.5121,739.2,1,0.306152895629,0.306152895629,69.284916995
55,exclude,18,PTTP/pooled / PS.EAST.3,"26,28",47,94,94,0.925768172018,0.5282,231.2,1,0.397568172018,0.397568172018,36.5435763641
55,exclude,19,JPTP / LL.WEST.1,1,37,37,37,0.989999994605,0.5,1,0,0.489999994605,0.489999994605,0.240099994713
55,exclude,20,JPTP / LL.EAST.1/LL.ALL.2/LL.OS.2/LL.ARCH.3/LL.WEST.3/LL.EAST.3/LL.OS.3/LL.ALL.5,"2,4-10",37,296,296,0.302985956964,0.5,1,0,-0.197014043036,0.197014043036,0.0388145331532
55,exclude,23,JPTP / PS.JP.1/PL.JP.1,12-13,37,74,74,0.989999998512,0.5,1,0,0.489999998512,0.489999998512,0.240099998542
55,exclude,29,JPTP / PS.WEST.3,"25,27",37,74,74,0.324600158356,0.5,1,0,-0.175399841644,0.175399841644,0.0307651044489
56,exclude,1,RTTP/PTTP/pooled / LL.WEST.1/LL.EAST.1/LL.ALL.2/LL.OS.2/LL.ARCH.3/LL.WEST.3/LL.EAST.3/LL.OS.3/LL.ALL.5,"1-2,4-10",62,558,558,0.355737919196,0.5,1,0,-0.144262080804,0.144262080804,0.020811547958
56,exclude,6,RTTP / PHID.2/PL.ALL.2,"14-18,21-22",15,105,105,0.810545840599,0.5,1,0,0.310545840599,0.310545840599,0.096438719113
56,exclude,7,RTTP / PS.2,19-20,15,30,30,0.665521183083,0.4962,354.5,1,0.169321183083,0.169321183083,10.1633955479
56,exclude,10,RTTP / PS.WEST.3,"25,27",15,30,30,0.596756314402,0.5121,739.2,1,0.0846563144021,0.0846563144021,5.29761840718
56,exclude,13,PTTP/pooled / PHID.2/PL.ALL.2,"14-18,21-22",47,329,329,0.699929047983,0.5,1,0,0.199929047983,0.199929047983,0.0399716242275
56,exclude,14,PTTP/pooled / PS.2,19-20,47,94,94,0.504722286303,0.4962,354.5,1,0.00852228630293,0.00852228630293,0.0257471094774
56,exclude,17,PTTP/pooled / PS.WEST.3,"25,27",47,94,94,0.817000204018,0.5121,739.2,1,0.304900204018,0.304900204018,68.7190881558
56,exclude,18,PTTP/pooled / PS.EAST.3,"26,28",47,94,94,0.93858594628,0.5282,231.2,1,0.41038594628,0.41038594628,38.9379236779
56,exclude,19,JPTP / LL.WEST.1,1,37,37,37,0.943183201114,0.5,1,0,0.443183201114,0.443183201114,0.19641134975
56,exclude,20,JPTP / LL.EAST.1/LL.ALL.2/LL.OS.2/LL.ARCH.3/LL.WEST.3/LL.EAST.3/LL.OS.3/LL.ALL.5,"2,4-10",37,296,296,0.232703308845,0.5,1,0,-0.267296691155,0.267296691155,0.0714475211026
56,exclude,23,JPTP / PS.JP.1/PL.JP.1,12-13,37,74,74,0.989999998709,0.5,1,0,0.489999998709,0.489999998709,0.240099998735
56,exclude,29,JPTP / PS.WEST.3,"25,27",37,74,74,0.224008509845,0.5,1,0,-0.275991490155,0.275991490155,0.0761713026379
57,exclude,1,RTTP/PTTP/pooled / LL.WEST.1/LL.EAST.1/LL.ALL.2/LL.OS.2/LL.ARCH.3/LL.WEST.3/LL.EAST.3/LL.OS.3/LL.ALL.5,"1-2,4-10",62,558,558,0.376124229342,0.5,1,0,-0.123875770658,0.123875770658,0.0153452065561
57,exclude,6,RTTP / PHID.2/PL.ALL.2,"14-18,21-22",15,105,105,0.846793992307,0.5,1,0,0.346793992307,0.346793992307,0.1202660731
57,exclude,7,RTTP / PS.2,19-20,15,30,30,0.665593372059,0.4962,354.5,1,0.169393372059,0.169393372059,10.1720635894
57,exclude,10,RTTP / PS.WEST.3,"25,27",15,30,30,0.602731584221,0.5121,739.2,1,0.0906315842212,0.0906315842212,6.071850936
57,exclude,13,PTTP/pooled / PHID.2/PL.ALL.2,"14-18,21-22",47,329,329,0.728397570366,0.5,1,0,0.228397570366,0.228397570366,0.0521654501489
57,exclude,14,PTTP/pooled / PS.2,19-20,47,94,94,0.505627797505,0.4962,354.5,1,0.00942779750519,0.00942779750519,0.0315091531757
57,exclude,17,PTTP/pooled / PS.WEST.3,"25,27",47,94,94,0.826773890251,0.5121,739.2,1,0.314673890251,0.314673890251,73.1953306063
57,exclude,18,PTTP/pooled / PS.EAST.3,"26,28",47,94,94,0.948377623021,0.5282,231.2,1,0.420177623021,0.420177623021,40.818183106
57,exclude,19,JPTP / LL.WEST.1,1,37,37,37,0.989999963245,0.5,1,0,0.489999963245,0.489999963245,0.24009996398
57,exclude,20,JPTP / LL.EAST.1/LL.ALL.2/LL.OS.2/LL.ARCH.3/LL.WEST.3/LL.EAST.3/LL.OS.3/LL.ALL.5,"2,4-10",37,296,296,0.253189727368,0.5,1,0,-0.246810272632,0.246810272632,0.0609153106768
57,exclude,23,JPTP / PS.JP.1/PL.JP.1,12-13,37,74,74,0.989999998754,0.5,1,0,0.489999998754,0.489999998754,0.240099998779
57,exclude,29,JPTP / PS.WEST.3,"25,27",37,74,74,0.236465549984,0.5,1,0,-0.263534450016,0.263534450016,0.0694504063455
62,include,1,RTTP/PTTP/pooled / LL.WEST.1/LL.EAST.1/LL.ALL.2/LL.OS.2/LL.ARCH.3/LL.WEST.3/LL.EAST.3/LL.OS.3/LL.ALL.5,"1-2,4-10",62,558,558,0.216906129233,0.5,1,0,-0.283093870767,0.283093870767,0.0801421396656
62,include,6,RTTP / PHID.2/PL.ALL.2,"14-18,21-22",15,105,105,0.318247608186,0.5,1,0,-0.181752391814,0.181752391814,0.0330339319301
62,include,7,RTTP / PS.2,19-20,15,30,30,0.525862090341,0.4962,354.5,1,0.0296620903413,0.0296620903413,0.311903139411
62,include,10,RTTP / PS.WEST.3,"25,27",15,30,30,0.553907527304,0.5121,739.2,1,0.0418075273043,0.0418075273043,1.29202501561
62,include,13,PTTP/pooled / PHID.2/PL.ALL.2,"14-18,21-22",47,329,329,0.435525312124,0.5,1,0,-0.0644746878762,0.0644746878762,0.00415698537673
62,include,14,PTTP/pooled / PS.2,19-20,47,94,94,0.502012124318,0.4962,354.5,1,0.00581212431755,0.00581212431755,0.0119752897298
62,include,17,PTTP/pooled / PS.WEST.3,"25,27",47,94,94,0.684541373879,0.5121,739.2,1,0.172441373879,0.172441373879,21.9808714728
62,include,18,PTTP/pooled / PS.EAST.3,"26,28",47,94,94,0.747810673452,0.5282,231.2,1,0.219610673452,0.219610673452,11.1505096331
62,include,19,JPTP / LL.WEST.1,1,37,37,37,0.469383642634,0.5,1,0,-0.0306163573664,0.0306163573664,0.000937361338386
62,include,20,JPTP / LL.EAST.1/LL.ALL.2/LL.OS.2/LL.ARCH.3/LL.WEST.3/LL.EAST.3/LL.OS.3/LL.ALL.5,"2,4-10",37,296,296,0.1109027173,0.5,1,0,-0.3890972827,0.3890972827,0.151396695405
62,include,23,JPTP / PS.JP.1/PL.JP.1,12-13,37,74,74,0.989999998358,0.5,1,0,0.489999998358,0.489999998358,0.240099998391
62,include,29,JPTP / PS.WEST.3,"25,27",37,74,74,0.124598891493,0.5,1,0,-0.375401108507,0.375401108507,0.140925992269
63,include,1,RTTP/PTTP/pooled / LL.WEST.1/LL.EAST.1/LL.ALL.2/LL.OS.2/LL.ARCH.3/LL.WEST.3/LL.EAST.3/LL.OS.3/LL.ALL.5,"1-2,4-10",62,558,558,0.248770417475,0.5,1,0,-0.251229582525,0.251229582525,0.0631163031355
63,include,6,RTTP / PHID.2/PL.ALL.2,"14-18,21-22",15,105,105,0.404362218993,0.5,1,0,-0.0956377810067,0.0956377810067,0.00914658515588
63,include,7,RTTP / PS.2,19-20,15,30,30,0.515271800336,0.4962,354.5,1,0.0190718003357,0.0190718003357,0.128943549872
63,include,10,RTTP / PS.WEST.3,"25,27",15,30,30,0.586728402954,0.5121,739.2,1,0.0746284029543,0.0746284029543,4.11689939153
63,include,13,PTTP/pooled / PHID.2/PL.ALL.2,"14-18,21-22",47,329,329,0.736820315101,0.5,1,0,0.236820315101,0.236820315101,0.0560838616444
63,include,14,PTTP/pooled / PS.2,19-20,47,94,94,0.500171038202,0.4962,354.5,1,0.00397103820181,0.00397103820181,0.00559016168989
63,include,17,PTTP/pooled / PS.WEST.3,"25,27",47,94,94,0.779087715584,0.5121,739.2,1,0.266987715584,0.266987715584,52.6919798495
63,include,18,PTTP/pooled / PS.EAST.3,"26,28",47,94,94,0.827924810607,0.5282,231.2,1,0.299724810607,0.299724810607,20.769843236
63,include,19,JPTP / LL.WEST.1,1,37,37,37,0.63573817136,0.5,1,0,0.13573817136,0.13573817136,0.0184248511641
63,include,20,JPTP / LL.EAST.1/LL.ALL.2/LL.OS.2/LL.ARCH.3/LL.WEST.3/LL.EAST.3/LL.OS.3/LL.ALL.5,"2,4-10",37,296,296,0.165059243879,0.5,1,0,-0.334940756121,0.334940756121,0.112185310111
63,include,23,JPTP / PS.JP.1/PL.JP.1,12-13,37,74,74,0.989999996451,0.5,1,0,0.489999996451,0.489999996451,0.240099996522
63,include,29,JPTP / PS.WEST.3,"25,27",37,74,74,0.135475305581,0.5,1,0,-0.364524694419,0.364524694419,0.132878252841
65,include,1,RTTP/PTTP/pooled / LL.WEST.1/LL.EAST.1/LL.ALL.2/LL.OS.2/LL.ARCH.3/LL.WEST.3/LL.EAST.3/LL.OS.3/LL.ALL.5,"1-2,4-10",62,558,558,0.256178847491,0.5,1,0,-0.243821152509,0.243821152509,0.0594487544109
65,include,6,RTTP / PHID.2/PL.ALL.2,"14-18,21-22",15,105,105,0.387327526692,0.5,1,0,-0.112672473308,0.112672473308,0.0126950862414
65,include,7,RTTP / PS.2,19-20,15,30,30,0.526066702693,0.4962,354.5,1,0.0298667026933,0.0298667026933,0.316221065103
65,include,10,RTTP / PS.WEST.3,"25,27",15,30,30,0.573037653244,0.5121,739.2,1,0.0609376532438,0.0609376532438,2.74494349325
65,include,13,PTTP/pooled / PHID.2/PL.ALL.2,"14-18,21-22",47,329,329,0.489669316437,0.5,1,0,-0.0103306835631,0.0103306835631,0.000106723022881
65,include,14,PTTP/pooled / PS.2,19-20,47,94,94,0.498656387338,0.4962,354.5,1,0.00245638733775,0.00245638733775,0.00213899583796
65,include,17,PTTP/pooled / PS.WEST.3,"25,27",47,94,94,0.768604862444,0.5121,739.2,1,0.256504862444,0.256504862444,48.6354751028
65,include,18,PTTP/pooled / PS.EAST.3,"26,28",47,94,94,0.838456659313,0.5282,231.2,1,0.310256659313,0.310256659313,22.2551258027
65,include,19,JPTP / LL.WEST.1,1,37,37,37,0.674302137644,0.5,1,0,0.174302137644,0.174302137644,0.0303812351874
65,include,20,JPTP / LL.EAST.1/LL.ALL.2/LL.OS.2/LL.ARCH.3/LL.WEST.3/LL.EAST.3/LL.OS.3/LL.ALL.5,"2,4-10",37,296,296,0.152559171761,0.5,1,0,-0.347440828239,0.347440828239,0.120715129127
65,include,23,JPTP / PS.JP.1/PL.JP.1,12-13,37,74,74,0.989999998093,0.5,1,0,0.489999998093,0.489999998093,0.240099998131
65,include,29,JPTP / PS.WEST.3,"25,27",37,74,74,0.130913139232,0.5,1,0,-0.369086860768,0.369086860768,0.136225110792
66,exclude,1,RTTP/PTTP/pooled / LL.WEST.1/LL.EAST.1/LL.ALL.2/LL.OS.2/LL.ARCH.3/LL.WEST.3/LL.EAST.3/LL.OS.3/LL.ALL.5,"1-2,4-10",62,558,558,0.293981365037,0.5,1,0,-0.206018634963,0.206018634963,0.042443677952
66,exclude,6,RTTP / PHID.2/PL.ALL.2,"14-18,21-22",15,105,105,0.729929445166,0.5,1,0,0.229929445166,0.229929445166,0.0528675497543
66,exclude,7,RTTP / PS.2,19-20,15,30,30,0.674708181114,0.4962,354.5,1,0.178508181114,0.178508181114,11.2962030219
66,exclude,10,RTTP / PS.WEST.3,"25,27",15,30,30,0.591121312666,0.5121,739.2,1,0.0790213126659,0.0790213126659,4.61583671875
66,exclude,13,PTTP/pooled / PHID.2/PL.ALL.2,"14-18,21-22",47,329,329,0.603088334102,0.5,1,0,0.103088334102,0.103088334102,0.0106272046279
66,exclude,14,PTTP/pooled / PS.2,19-20,47,94,94,0.504831590884,0.4962,354.5,1,0.00863159088381,0.00863159088381,0.0264117960402
66,exclude,17,PTTP/pooled / PS.WEST.3,"25,27",47,94,94,0.780472044451,0.5121,739.2,1,0.268372044451,0.268372044451,53.2398112965
66,exclude,18,PTTP/pooled / PS.EAST.3,"26,28",47,94,94,0.898147993034,0.5282,231.2,1,0.369947993034,0.369947993034,31.6423828575
66,exclude,19,JPTP / LL.WEST.1,1,37,37,37,0.661845234134,0.5,1,0,0.161845234134,0.161845234134,0.0261938798118
66,exclude,20,JPTP / LL.EAST.1/LL.ALL.2/LL.OS.2/LL.ARCH.3/LL.WEST.3/LL.EAST.3/LL.OS.3/LL.ALL.5,"2,4-10",37,296,296,0.167956310909,0.5,1,0,-0.332043689091,0.332043689091,0.110253011465
66,exclude,23,JPTP / PS.JP.1/PL.JP.1,12-13,37,74,74,0.989999998854,0.5,1,0,0.489999998854,0.489999998854,0.240099998876
66,exclude,29,JPTP / PS.WEST.3,"25,27",37,74,74,0.201718322983,0.5,1,0,-0.298281677017,0.298281677017,0.0889719588443
68,exclude,1,RTTP/PTTP/pooled / LL.WEST.1/LL.EAST.1/LL.ALL.2/LL.OS.2/LL.ARCH.3/LL.WEST.3/LL.EAST.3/LL.OS.3/LL.ALL.5,"1-2,4-10",62,558,558,0.293400744609,0.5,1,0,-0.206599255391,0.206599255391,0.042683252328
68,exclude,6,RTTP / PHID.2/PL.ALL.2,"14-18,21-22",15,105,105,0.717812703618,0.5,1,0,0.217812703618,0.217812703618,0.0474423738573
68,exclude,7,RTTP / PS.2,19-20,15,30,30,0.665911612368,0.4962,354.5,1,0.169711612368,0.169711612368,10.2103201216
68,exclude,10,RTTP / PS.WEST.3,"25,27",15,30,30,0.586140432018,0.5121,739.2,1,0.0740404320179,0.0740404320179,4.05228373586
68,exclude,13,PTTP/pooled / PHID.2/PL.ALL.2,"14-18,21-22",47,329,329,0.57698735654,0.5,1,0,0.07698735654,0.07698735654,0.00592705306702
68,exclude,14,PTTP/pooled / PS.2,19-20,47,94,94,0.505230688438,0.4962,354.5,1,0.00903068843849,0.00903068843849,0.0289106567871
68,exclude,17,PTTP/pooled / PS.WEST.3,"25,27",47,94,94,0.773711870167,0.5121,739.2,1,0.261611870167,0.261611870167,50.5914176367
68,exclude,18,PTTP/pooled / PS.EAST.3,"26,28",47,94,94,0.891700265987,0.5282,231.2,1,0.363500265987,0.363500265987,30.5490209077
68,exclude,19,JPTP / LL.WEST.1,1,37,37,37,0.682018989353,0.5,1,0,0.182018989353,0.182018989353,0.0331309124851
68,exclude,20,JPTP / LL.EAST.1/LL.ALL.2/LL.OS.2/LL.ARCH.3/LL.WEST.3/LL.EAST.3/LL.OS.3/LL.ALL.5,"2,4-10",37,296,296,0.157762777178,0.5,1,0,-0.342237222822,0.342237222822,0.117126316685
68,exclude,23,JPTP / PS.JP.1/PL.JP.1,12-13,37,74,74,0.989999998901,0.5,1,0,0.489999998901,0.489999998901,0.240099998923
68,exclude,29,JPTP / PS.WEST.3,"25,27",37,74,74,0.18578003203,0.5,1,0,-0.31421996797,0.31421996797,0.098734188271
69,exclude,1,RTTP/PTTP/pooled / LL.WEST.1/LL.EAST.1/LL.ALL.2/LL.OS.2/LL.ARCH.3/LL.WEST.3/LL.EAST.3/LL.OS.3/LL.ALL.5,"1-2,4-10",62,558,558,0.264136586918,0.5,1,0,-0.235863413082,0.235863413082,0.0556315496307
69,exclude,6,RTTP / PHID.2/PL.ALL.2,"14-18,21-22",15,105,105,0.625328508761,0.5,1,0,0.125328508761,0.125328508761,0.0157072351082
69,exclude,7,RTTP / PS.2,19-20,15,30,30,0.67359883448,0.4962,354.5,1,0.17739883448,0.17739883448,11.1562378253
69,exclude,10,RTTP / PS.WEST.3,"25,27",15,30,30,0.556563605387,0.5121,739.2,1,0.0444636053872,0.0444636053872,1.46140742122
69,exclude,13,PTTP/pooled / PHID.2/PL.ALL.2,"14-18,21-22",47,329,329,0.545367189618,0.5,1,0,0.0453671896179,0.0453671896179,0.00205818189383
69,exclude,14,PTTP/pooled / PS.2,19-20,47,94,94,0.504847234347,0.4962,354.5,1,0.00864723434732,0.00864723434732,0.0265076176285
69,exclude,17,PTTP/pooled / PS.WEST.3,"25,27",47,94,94,0.744424760812,0.5121,739.2,1,0.232324760812,0.232324760812,39.8981680843
69,exclude,18,PTTP/pooled / PS.EAST.3,"26,28",47,94,94,0.815925270988,0.5282,231.2,1,0.287725270988,0.287725270988,19.1400842578
69,exclude,19,JPTP / LL.WEST.1,1,37,37,37,0.575691698644,0.5,1,0,0.0756916986445,0.0756916986445,0.00572923324369
69,exclude,20,JPTP / LL.EAST.1/LL.ALL.2/LL.OS.2/LL.ARCH.3/LL.WEST.3/LL.EAST.3/LL.OS.3/LL.ALL.5,"2,4-10",37,296,296,0.132883427397,0.5,1,0,-0.367116572603,0.367116572603,0.13477457788
69,exclude,23,JPTP / PS.JP.1/PL.JP.1,12-13,37,74,74,0.989999998772,0.5,1,0,0.489999998772,0.489999998772,0.240099998796
69,exclude,29,JPTP / PS.WEST.3,"25,27",37,74,74,0.141192544607,0.5,1,0,-0.358807455393,0.358807455393,0.128742790046
70,exclude,1,RTTP/PTTP/pooled / LL.WEST.1/LL.EAST.1/LL.ALL.2/LL.OS.2/LL.ARCH.3/LL.WEST.3/LL.EAST.3/LL.OS.3/LL.ALL.5,"1-2,4-10",62,558,558,0.2212497151,0.5,1,0,-0.2787502849,0.2787502849,0.077701721332
70,exclude,6,RTTP / PHID.2/PL.ALL.2,"14-18,21-22",15,105,105,0.748070436196,0.5,1,0,0.248070436196,0.248070436196,0.0615389413147
70,exclude,7,RTTP / PS.2,19-20,15,30,30,0.657106215849,0.4962,354.5,1,0.160906215849,0.160906215849,9.1782922509
70,exclude,10,RTTP / PS.WEST.3,"25,27",15,30,30,0.530122063915,0.5121,739.2,1,0.0180220639147,0.0180220639147,0.240088307102
70,exclude,13,PTTP/pooled / PHID.2/PL.ALL.2,"14-18,21-22",47,329,329,0.824434942212,0.5,1,0,0.324434942212,0.324434942212,0.105258031728
70,exclude,14,PTTP/pooled / PS.2,19-20,47,94,94,0.515034528956,0.4962,354.5,1,0.0188345289564,0.0188345289564,0.125755146018
70,exclude,17,PTTP/pooled / PS.WEST.3,"25,27",47,94,94,0.67257410862,0.5121,739.2,1,0.16047410862,0.16047410862,19.035833706
70,exclude,18,PTTP/pooled / PS.EAST.3,"26,28",47,94,94,0.777018007889,0.5282,231.2,1,0.248818007889,0.248818007889,14.3136847227
70,exclude,19,JPTP / LL.WEST.1,1,37,37,37,0.545137568305,0.5,1,0,0.0451375683048,0.0451375683048,0.00203740007247
70,exclude,20,JPTP / LL.EAST.1/LL.ALL.2/LL.OS.2/LL.ARCH.3/LL.WEST.3/LL.EAST.3/LL.OS.3/LL.ALL.5,"2,4-10",37,296,296,0.133743931162,0.5,1,0,-0.366256068838,0.366256068838,0.134143507961
70,exclude,23,JPTP / PS.JP.1/PL.JP.1,12-13,37,74,74,0.989999998709,0.5,1,0,0.489999998709,0.489999998709,0.240099998735
70,exclude,29,JPTP / PS.WEST.3,"25,27",37,74,74,0.124222366719,0.5,1,0,-0.375777633281,0.375777633281,0.141208829674
71,include,1,RTTP/PTTP/pooled / LL.WEST.1/LL.EAST.1/LL.ALL.2/LL.OS.2/LL.ARCH.3/LL.WEST.3/LL.EAST.3/LL.OS.3/LL.ALL.5,"1-2,4-10",62,558,558,0.339306536512,0.5,1,0,-0.160693463488,0.160693463488,0.0258223892076
71,include,6,RTTP / PHID.2/PL.ALL.2,"14-18,21-22",15,105,105,0.410135153469,0.5,1,0,-0.0898648465314,0.0898648465314,0.00807569064212
71,include,7,RTTP / PS.2,19-20,15,30,30,0.554531217575,0.4962,354.5,1,0.0583312175749,0.0583312175749,1.20619721957
71,include,10,RTTP / PS.WEST.3,"25,27",15,30,30,0.599050885751,0.5121,739.2,1,0.0869508857507,0.0869508857507,5.58868946907
71,include,13,PTTP/pooled / PHID.2/PL.ALL.2,"14-18,21-22",47,329,329,0.863783991173,0.5,1,0,0.363783991173,0.363783991173,0.132338792233
71,include,14,PTTP/pooled / PS.2,19-20,47,94,94,0.508254324007,0.4962,354.5,1,0.012054324007,0.012054324007,0.0515112348158
71,include,17,PTTP/pooled / PS.WEST.3,"25,27",47,94,94,0.854558910839,0.5121,739.2,1,0.342458910839,0.342458910839,86.691975669
71,include,18,PTTP/pooled / PS.EAST.3,"26,28",47,94,94,0.972936671378,0.5282,231.2,1,0.444736671378,0.444736671378,45.7292114279
71,include,19,JPTP / LL.WEST.1,1,37,37,37,0.882267683799,0.5,1,0,0.382267683799,0.382267683799,0.146128582077
71,include,20,JPTP / LL.EAST.1/LL.ALL.2/LL.OS.2/LL.ARCH.3/LL.WEST.3/LL.EAST.3/LL.OS.3/LL.ALL.5,"2,4-10",37,296,296,0.242683066902,0.5,1,0,-0.257316933098,0.257316933098,0.0662120040589
71,include,23,JPTP / PS.JP.1/PL.JP.1,12-13,37,74,74,0.989999999075,0.5,1,0,0.489999999075,0.489999999075,0.240099999093
71,include,29,JPTP / PS.WEST.3,"25,27",37,74,74,0.138707168007,0.5,1,0,-0.361292831993,0.361292831993,0.13053251045
72,exclude,1,RTTP/PTTP/pooled / LL.WEST.1/LL.EAST.1/LL.ALL.2/LL.OS.2/LL.ARCH.3/LL.WEST.3/LL.EAST.3/LL.OS.3/LL.ALL.5,"1-2,4-10",62,558,558,0.239316636264,0.5,1,0,-0.260683363736,0.260683363736,0.0679558161285
72,exclude,6,RTTP / PHID.2/PL.ALL.2,"14-18,21-22",15,105,105,0.686738655998,0.5,1,0,0.186738655998,0.186738655998,0.0348713256439
72,exclude,7,RTTP / PS.2,19-20,15,30,30,0.657078897076,0.4962,354.5,1,0.160878897076,0.160878897076,9.17517592138
72,exclude,10,RTTP / PS.WEST.3,"25,27",15,30,30,0.58201428317,0.5121,739.2,1,0.0699142831695,0.0699142831695,3.61321476783
72,exclude,13,PTTP/pooled / PHID.2/PL.ALL.2,"14-18,21-22",47,329,329,0.539843436185,0.5,1,0,0.0398434361849,0.0398434361849,0.00158749940702
72,exclude,14,PTTP/pooled / PS.2,19-20,47,94,94,0.501608541026,0.4962,354.5,1,0.00540854102609,0.00540854102609,0.0103699460329
72,exclude,17,PTTP/pooled / PS.WEST.3,"25,27",47,94,94,0.752480230291,0.5121,739.2,1,0.240380230291,0.240380230291,42.7129386608
72,exclude,18,PTTP/pooled / PS.EAST.3,"26,28",47,94,94,0.870794640163,0.5282,231.2,1,0.342594640163,0.342594640163,27.1361954228
72,exclude,19,JPTP / LL.WEST.1,1,37,37,37,0.989999981039,0.5,1,0,0.489999981039,0.489999981039,0.240099981419
72,exclude,20,JPTP / LL.EAST.1/LL.ALL.2/LL.OS.2/LL.ARCH.3/LL.WEST.3/LL.EAST.3/LL.OS.3/LL.ALL.5,"2,4-10",37,296,296,0.195130531042,0.5,1,0,-0.304869468958,0.304869468958,0.0929453931026
72,exclude,23,JPTP / PS.JP.1/PL.JP.1,12-13,37,74,74,0.989999998764,0.5,1,0,0.489999998764,0.489999998764,0.240099998789
72,exclude,29,JPTP / PS.WEST.3,"25,27",37,74,74,0.176970862291,0.5,1,0,-0.323029137709,0.323029137709,0.104347823809
73,exclude,1,RTTP/PTTP/pooled / LL.WEST.1/LL.EAST.1/LL.ALL.2/LL.OS.2/LL.ARCH.3/LL.WEST.3/LL.EAST.3/LL.OS.3/LL.ALL.5,"1-2,4-10",62,558,558,0.217035733902,0.5,1,0,-0.282964266098,0.282964266098,0.0800687758886
73,exclude,6,RTTP / PHID.2/PL.ALL.2,"14-18,21-22",15,105,105,0.594948308773,0.5,1,0,0.0949483087728,0.0949483087728,0.00901518133881
73,exclude,7,RTTP / PS.2,19-20,15,30,30,0.664225177527,0.4962,354.5,1,0.168025177527,0.168025177527,10.0084071703
73,exclude,10,RTTP / PS.WEST.3,"25,27",15,30,30,0.568134897245,0.5121,739.2,1,0.0560348972453,0.0560348972453,2.32102125711
73,exclude,13,PTTP/pooled / PHID.2/PL.ALL.2,"14-18,21-22",47,329,329,0.493755921416,0.5,1,0,-0.0062440785844,0.0062440785844,3.89885173682e-05
73,exclude,14,PTTP/pooled / PS.2,19-20,47,94,94,0.49871564587,0.4962,354.5,1,0.00251564586985,0.00251564586985,0.00224344408351
73,exclude,17,PTTP/pooled / PS.WEST.3,"25,27",47,94,94,0.731940324953,0.5121,739.2,1,0.219840324953,0.219840324953,35.7253648571
73,exclude,18,PTTP/pooled / PS.EAST.3,"26,28",47,94,94,0.856328565582,0.5282,231.2,1,0.328128565582,0.328128565582,24.8929238034
73,exclude,19,JPTP / LL.WEST.1,1,37,37,37,0.513686361924,0.5,1,0,0.0136863619237,0.0136863619237,0.000187316502707
73,exclude,20,JPTP / LL.EAST.1/LL.ALL.2/LL.OS.2/LL.ARCH.3/LL.WEST.3/LL.EAST.3/LL.OS.3/LL.ALL.5,"2,4-10",37,296,296,0.122110881329,0.5,1,0,-0.377889118671,0.377889118671,0.14280018601
73,exclude,23,JPTP / PS.JP.1/PL.JP.1,12-13,37,74,74,0.989999998106,0.5,1,0,0.489999998106,0.489999998106,0.240099998144
73,exclude,29,JPTP / PS.WEST.3,"25,27",37,74,74,0.1687611756,0.5,1,0,-0.3312388244,0.3312388244,0.10971915879
74,include,1,RTTP/PTTP/pooled / LL.WEST.1/LL.EAST.1/LL.ALL.2/LL.OS.2/LL.ARCH.3/LL.WEST.3/LL.EAST.3/LL.OS.3/LL.ALL.5,"1-2,4-10",62,558,558,0.362286510765,0.5,1,0,-0.137713489235,0.137713489235,0.0189650051173
74,include,6,RTTP / PHID.2/PL.ALL.2,"14-18,21-22",15,105,105,0.809719530781,0.5,1,0,0.309719530781,0.309719530781,0.0959261877472
74,include,7,RTTP / PS.2,19-20,15,30,30,0.524127158916,0.4962,354.5,1,0.0279271589159,0.0279271589159,0.276483839714
74,include,10,RTTP / PS.WEST.3,"25,27",15,30,30,0.599515284555,0.5121,739.2,1,0.0874152845553,0.0874152845553,5.6485465151
74,include,13,PTTP/pooled / PHID.2/PL.ALL.2,"14-18,21-22",47,329,329,0.916179280284,0.5,1,0,0.416179280284,0.416179280284,0.173205193338
74,include,14,PTTP/pooled / PS.2,19-20,47,94,94,0.503891628678,0.4962,354.5,1,0.00769162867789,0.00769162867789,0.0209726282842
74,include,17,PTTP/pooled / PS.WEST.3,"25,27",47,94,94,0.868300427341,0.5121,739.2,1,0.356200427341,0.356200427341,93.7887678884
74,include,18,PTTP/pooled / PS.EAST.3,"26,28",47,94,94,0.98095798499,0.5282,231.2,1,0.45275798499,0.45275798499,47.3936401352
74,include,19,JPTP / LL.WEST.1,1,37,37,37,0.989999984803,0.5,1,0,0.489999984803,0.489999984803,0.240099985106
74,include,20,JPTP / LL.EAST.1/LL.ALL.2/LL.OS.2/LL.ARCH.3/LL.WEST.3/LL.EAST.3/LL.OS.3/LL.ALL.5,"2,4-10",37,296,296,0.286495969675,0.5,1,0,-0.213504030325,0.213504030325,0.0455839709649
74,include,23,JPTP / PS.JP.1/PL.JP.1,12-13,37,74,74,0.989999998148,0.5,1,0,0.489999998148,0.489999998148,0.240099998185
74,include,29,JPTP / PS.WEST.3,"25,27",37,74,74,0.137746974913,0.5,1,0,-0.362253025087,0.362253025087,0.131227254184
75,exclude,1,RTTP/PTTP/pooled / LL.WEST.1/LL.EAST.1/LL.ALL.2/LL.OS.2/LL.ARCH.3/LL.WEST.3/LL.EAST.3/LL.OS.3/LL.ALL.5,"1-2,4-10",62,558,558,0.280347462003,0.5,1,0,-0.219652537997,0.219652537997,0.0482472374485
75,exclude,6,RTTP / PHID.2/PL.ALL.2,"14-18,21-22",15,105,105,0.766897578095,0.5,1,0,0.266897578095,0.266897578095,0.071234317193
75,exclude,7,RTTP / PS.2,19-20,15,30,30,0.674524107404,0.4962,354.5,1,0.178324107404,0.178324107404,11.2729182412
75,exclude,10,RTTP / PS.WEST.3,"25,27",15,30,30,0.612964208492,0.5121,739.2,1,0.100864208492,0.100864208492,7.5203166596
75,exclude,13,PTTP/pooled / PHID.2/PL.ALL.2,"14-18,21-22",47,329,329,0.628275351333,0.5,1,0,0.128275351333,0.128275351333,0.0164545657596
75,exclude,14,PTTP/pooled / PS.2,19-20,47,94,94,0.500787543088,0.4962,354.5,1,0.00458754308793,0.00458754308793,0.00746064803638
75,exclude,17,PTTP/pooled / PS.WEST.3,"25,27",47,94,94,0.826492597011,0.5121,739.2,1,0.314392597011,0.314392597011,73.0645275768
75,exclude,18,PTTP/pooled / PS.EAST.3,"26,28",47,94,94,0.918592095928,0.5282,231.2,1,0.390392095928,0.390392095928,35.2362645557
75,exclude,19,JPTP / LL.WEST.1,1,37,37,37,0.989999989679,0.5,1,0,0.489999989679,0.489999989679,0.240099989886
75,exclude,20,JPTP / LL.EAST.1/LL.ALL.2/LL.OS.2/LL.ARCH.3/LL.WEST.3/LL.EAST.3/LL.OS.3/LL.ALL.5,"2,4-10",37,296,296,0.226520875228,0.5,1,0,-0.273479124772,0.273479124772,0.0747908316861
75,exclude,23,JPTP / PS.JP.1/PL.JP.1,12-13,37,74,74,0.989999998203,0.5,1,0,0.489999998203,0.489999998203,0.240099998239
75,exclude,29,JPTP / PS.WEST.3,"25,27",37,74,74,0.297869068629,0.5,1,0,-0.202130931371,0.202130931371,0.040856913417
76,exclude,1,RTTP/PTTP/pooled / LL.WEST.1/LL.EAST.1/LL.ALL.2/LL.OS.2/LL.ARCH.3/LL.WEST.3/LL.EAST.3/LL.OS.3/LL.ALL.5,"1-2,4-10",62,558,558,0.307543031576,0.5,1,0,-0.192456968424,0.192456968424,0.0370396846951
76,exclude,6,RTTP / PHID.2/PL.ALL.2,"14-18,21-22",15,105,105,0.756139280074,0.5,1,0,0.256139280074,0.256139280074,0.0656073307967
76,exclude,7,RTTP / PS.2,19-20,15,30,30,0.665848033185,0.4962,354.5,1,0.169648033185,0.169648033185,10.2026713555
76,exclude,10,RTTP / PS.WEST.3,"25,27",15,30,30,0.590865645767,0.5121,739.2,1,0.0787656457668,0.0787656457668,4.5860167237
76,exclude,13,PTTP/pooled / PHID.2/PL.ALL.2,"14-18,21-22",47,329,329,0.634585643994,0.5,1,0,0.134585643994,0.134585643994,0.0181132955692
76,exclude,14,PTTP/pooled / PS.2,19-20,47,94,94,0.503670354135,0.4962,354.5,1,0.00747035413475,0.00747035413475,0.0197832946736
76,exclude,17,PTTP/pooled / PS.WEST.3,"25,27",47,94,94,0.78945971808,0.5121,739.2,1,0.27735971808,0.27735971808,56.8654830474
76,exclude,18,PTTP/pooled / PS.EAST.3,"26,28",47,94,94,0.913656123482,0.5282,231.2,1,0.385456123482,0.385456123482,34.3508690276
76,exclude,19,JPTP / LL.WEST.1,1,37,37,37,0.794787424424,0.5,1,0,0.294787424424,0.294787424424,0.0868996255987
76,exclude,20,JPTP / LL.EAST.1/LL.ALL.2/LL.OS.2/LL.ARCH.3/LL.WEST.3/LL.EAST.3/LL.OS.3/LL.ALL.5,"2,4-10",37,296,296,0.187987439407,0.5,1,0,-0.312012560593,0.312012560593,0.0973518379675
76,exclude,23,JPTP / PS.JP.1/PL.JP.1,12-13,37,74,74,0.98999999861,0.5,1,0,0.48999999861,0.48999999861,0.240099998637
76,exclude,29,JPTP / PS.WEST.3,"25,27",37,74,74,0.205763108177,0.5,1,0,-0.294236891823,0.294236891823,0.0865753485097
78,include,1,RTTP/PTTP/pooled / LL.WEST.1/LL.EAST.1/LL.ALL.2/LL.OS.2/LL.ARCH.3/LL.WEST.3/LL.EAST.3/LL.OS.3/LL.ALL.5,"1-2,4-10",62,558,558,0.231593255691,0.5,1,0,-0.268406744309,0.268406744309,0.0720421803908
78,include,6,RTTP / PHID.2/PL.ALL.2,"14-18,21-22",15,105,105,0.376053630065,0.5,1,0,-0.123946369935,0.123946369935,0.01536270262
78,include,7,RTTP / PS.2,19-20,15,30,30,0.511170222918,0.4962,354.5,1,0.0149702229179,0.0149702229179,0.0794461350576
78,include,10,RTTP / PS.WEST.3,"25,27",15,30,30,0.584205440064,0.5121,739.2,1,0.0721054400641,0.0721054400641,3.84324456467
78,include,13,PTTP/pooled / PHID.2/PL.ALL.2,"14-18,21-22",47,329,329,0.743210995487,0.5,1,0,0.243210995487,0.243210995487,0.0591515883257
78,include,14,PTTP/pooled / PS.2,19-20,47,94,94,0.501228008678,0.4962,354.5,1,0.00502800867767,0.00502800867767,0.00896206886262
78,include,17,PTTP/pooled / PS.WEST.3,"25,27",47,94,94,0.766117819406,0.5121,739.2,1,0.254017819406,0.254017819406,47.696918864
78,include,18,PTTP/pooled / PS.EAST.3,"26,28",47,94,94,0.781484550634,0.5282,231.2,1,0.253284550634,0.253284550634,14.832188302
78,include,19,JPTP / LL.WEST.1,1,37,37,37,0.989999986203,0.5,1,0,0.489999986203,0.489999986203,0.240099986479
78,include,20,JPTP / LL.EAST.1/LL.ALL.2/LL.OS.2/LL.ARCH.3/LL.WEST.3/LL.EAST.3/LL.OS.3/LL.ALL.5,"2,4-10",37,296,296,0.189231558695,0.5,1,0,-0.310768441305,0.310768441305,0.0965770241112
78,include,23,JPTP / PS.JP.1/PL.JP.1,12-13,37,74,74,0.989999997141,0.5,1,0,0.489999997141,0.489999997141,0.240099997199
78,include,29,JPTP / PS.WEST.3,"25,27",37,74,74,0.131648122333,0.5,1,0,-0.368351877667,0.368351877667,0.135683105781
79,exclude,1,RTTP/PTTP/pooled / LL.WEST.1/LL.EAST.1/LL.ALL.2/LL.OS.2/LL.ARCH.3/LL.WEST.3/LL.EAST.3/LL.OS.3/LL.ALL.5,"1-2,4-10",62,558,558,0.235530485202,0.5,1,0,-0.264469514798,0.264469514798,0.0699441242575
79,exclude,6,RTTP / PHID.2/PL.ALL.2,"14-18,21-22",15,105,105,0.717207299446,0.5,1,0,0.217207299446,0.217207299446,0.0471790109325
79,exclude,7,RTTP / PS.2,19-20,15,30,30,0.657916870655,0.4962,354.5,1,0.161716870655,0.161716870655,9.27100674725
79,exclude,10,RTTP / PS.WEST.3,"25,27",15,30,30,0.578519577765,0.5121,739.2,1,0.0664195777651,0.0664195777651,3.26102538152
79,exclude,13,PTTP/pooled / PHID.2/PL.ALL.2,"14-18,21-22",47,329,329,0.502872291204,0.5,1,0,0.0028722912042,0.0028722912042,8.25005676174e-06
79,exclude,14,PTTP/pooled / PS.2,19-20,47,94,94,0.500095152331,0.4962,354.5,1,0.00389515233099,0.00389515233099,0.00537854904113
79,exclude,17,PTTP/pooled / PS.WEST.3,"25,27",47,94,94,0.739527223569,0.5121,739.2,1,0.227427223569,0.227427223569,38.2337465814
79,exclude,18,PTTP/pooled / PS.EAST.3,"26,28",47,94,94,0.843854999228,0.5282,231.2,1,0.315654999228,0.315654999228,23.0363237579
79,exclude,19,JPTP / LL.WEST.1,1,37,37,37,0.989999994806,0.5,1,0,0.489999994806,0.489999994806,0.24009999491
79,exclude,20,JPTP / LL.EAST.1/LL.ALL.2/LL.OS.2/LL.ARCH.3/LL.WEST.3/LL.EAST.3/LL.OS.3/LL.ALL.5,"2,4-10",37,296,296,0.348447550026,0.5,1,0,-0.151552449974,0.151552449974,0.0229681450931
79,exclude,23,JPTP / PS.JP.1/PL.JP.1,12-13,37,74,74,0.989999998847,0.5,1,0,0.489999998847,0.489999998847,0.240099998871
79,exclude,29,JPTP / PS.WEST.3,"25,27",37,74,74,0.194227979167,0.5,1,0,-0.305772020833,0.305772020833,0.0934965287244
80,include,1,RTTP/PTTP/pooled / LL.WEST.1/LL.EAST.1/LL.ALL.2/LL.OS.2/LL.ARCH.3/LL.WEST.3/LL.EAST.3/LL.OS.3/LL.ALL.5,"1-2,4-10",62,558,558,0.275629958034,0.5,1,0,-0.224370041966,0.224370041966,0.0503419157318
80,include,6,RTTP / PHID.2/PL.ALL.2,"14-18,21-22",15,105,105,0.430059875344,0.5,1,0,-0.0699401246564,0.0699401246564,0.00489162103695
80,include,7,RTTP / PS.2,19-20,15,30,30,0.536933608893,0.4962,354.5,1,0.040733608893,0.040733608893,0.588195933727
80,include,10,RTTP / PS.WEST.3,"25,27",15,30,30,0.574416543019,0.5121,739.2,1,0.062316543019,0.062316543019,2.87057345382
80,include,13,PTTP/pooled / PHID.2/PL.ALL.2,"14-18,21-22",47,329,329,0.737065155265,0.5,1,0,0.237065155265,0.237065155265,0.0561998878406
80,include,14,PTTP/pooled / PS.2,19-20,47,94,94,0.505658284649,0.4962,354.5,1,0.00945828464859,0.00945828464859,0.031713268141
80,include,17,PTTP/pooled / PS.WEST.3,"25,27",47,94,94,0.768084405219,0.5121,739.2,1,0.255984405219,0.255984405219,48.4383092166
80,include,18,PTTP/pooled / PS.EAST.3,"26,28",47,94,94,0.834176521798,0.5282,231.2,1,0.305976521798,0.305976521798,21.6453212934
80,include,19,JPTP / LL.WEST.1,1,37,37,37,0.625144885307,0.5,1,0,0.125144885307,0.125144885307,0.0156612423185
80,include,20,JPTP / LL.EAST.1/LL.ALL.2/LL.OS.2/LL.ARCH.3/LL.WEST.3/LL.EAST.3/LL.OS.3/LL.ALL.5,"2,4-10",37,296,296,0.157397443626,0.5,1,0,-0.342602556374,0.342602556374,0.117376511634
80,include,23,JPTP / PS.JP.1/PL.JP.1,12-13,37,74,74,0.989999998868,0.5,1,0,0.489999998868,0.489999998868,0.240099998891
80,include,29,JPTP / PS.WEST.3,"25,27",37,74,74,0.142364509079,0.5,1,0,-0.357635490921,0.357635490921,0.127903144366
81,exclude,1,RTTP/PTTP/pooled / LL.WEST.1/LL.EAST.1/LL.ALL.2/LL.OS.2/LL.ARCH.3/LL.WEST.3/LL.EAST.3/LL.OS.3/LL.ALL.5,"1-2,4-10",62,558,558,0.211793763245,0.5,1,0,-0.288206236755,0.288206236755,0.0830628349046
81,exclude,6,RTTP / PHID.2/PL.ALL.2,"14-18,21-22",15,105,105,0.612171942321,0.5,1,0,0.112171942321,0.112171942321,0.0125825446441
81,exclude,7,RTTP / PS.2,19-20,15,30,30,0.664621999016,0.4962,354.5,1,0.168421999016,0.168421999016,10.0557362773
81,exclude,10,RTTP / PS.WEST.3,"25,27",15,30,30,0.567578788874,0.5121,739.2,1,0.0554787888741,0.0554787888741,2.27518073424
81,exclude,13,PTTP/pooled / PHID.2/PL.ALL.2,"14-18,21-22",47,329,329,0.465725706414,0.5,1,0,-0.0342742935857,0.0342742935857,0.0011747272008
81,exclude,14,PTTP/pooled / PS.2,19-20,47,94,94,0.501655616459,0.4962,354.5,1,0.00545561645944,0.00545561645944,0.0105512497127
81,exclude,17,PTTP/pooled / PS.WEST.3,"25,27",47,94,94,0.716155128693,0.5121,739.2,1,0.204055128693,0.204055128693,30.7791759076
81,exclude,18,PTTP/pooled / PS.EAST.3,"26,28",47,94,94,0.801486493737,0.5282,231.2,1,0.273286493737,0.273286493737,17.2672893708
81,exclude,19,JPTP / LL.WEST.1,1,37,37,37,0.989999959991,0.5,1,0,0.489999959991,0.489999959991,0.240099960791
81,exclude,20,JPTP / LL.EAST.1/LL.ALL.2/LL.OS.2/LL.ARCH.3/LL.WEST.3/LL.EAST.3/LL.OS.3/LL.ALL.5,"2,4-10",37,296,296,0.224211113679,0.5,1,0,-0.275788886321,0.275788886321,0.0760595098183
81,exclude,23,JPTP / PS.JP.1/PL.JP.1,12-13,37,74,74,0.989999998988,0.5,1,0,0.489999998988,0.489999998988,0.240099999008
81,exclude,29,JPTP / PS.WEST.3,"25,27",37,74,74,0.167534478873,0.5,1,0,-0.332465521127,0.332465521127,0.110533322738
82,exclude,1,RTTP/PTTP/pooled / LL.WEST.1/LL.EAST.1/LL.ALL.2/LL.OS.2/LL.ARCH.3/LL.WEST.3/LL.EAST.3/LL.OS.3/LL.ALL.5,"1-2,4-10",62,558,558,0.351182383863,0.5,1,0,-0.148817616137,0.148817616137,0.0221466828727
82,exclude,6,RTTP / PHID.2/PL.ALL.2,"14-18,21-22",15,105,105,0.776292323329,0.5,1,0,0.276292323329,0.276292323329,0.0763374479305
82,exclude,7,RTTP / PS.2,19-20,15,30,30,0.657854798544,0.4962,354.5,1,0.161654798544,0.161654798544,9.26389109486
82,exclude,10,RTTP / PS.WEST.3,"25,27",15,30,30,0.592300652875,0.5121,739.2,1,0.0802006528747,0.0802006528747,4.75464137815
82,exclude,13,PTTP/pooled / PHID.2/PL.ALL.2,"14-18,21-22",47,329,329,0.64297695029,0.5,1,0,0.14297695029,0.14297695029,0.0204424083143
82,exclude,14,PTTP/pooled / PS.2,19-20,47,94,94,0.506180038117,0.4962,354.5,1,0.00998003811687,0.00998003811687,0.0353086115086
82,exclude,17,PTTP/pooled / PS.WEST.3,"25,27",47,94,94,0.804558993061,0.5121,739.2,1,0.292458993061,0.292458993061,63.2254485303
82,exclude,18,PTTP/pooled / PS.EAST.3,"26,28",47,94,94,0.920162510262,0.5282,231.2,1,0.391962510262,0.391962510262,35.5203217051
82,exclude,19,JPTP / LL.WEST.1,1,37,37,37,0.821278883074,0.5,1,0,0.321278883074,0.321278883074,0.103220120709
82,exclude,20,JPTP / LL.EAST.1/LL.ALL.2/LL.OS.2/LL.ARCH.3/LL.WEST.3/LL.EAST.3/LL.OS.3/LL.ALL.5,"2,4-10",37,296,296,0.191315442239,0.5,1,0,-0.308684557761,0.308684557761,0.0952861562003
82,exclude,23,JPTP / PS.JP.1/PL.JP.1,12-13,37,74,74,0.989999999043,0.5,1,0,0.489999999043,0.489999999043,0.240099999062
82,exclude,29,JPTP / PS.WEST.3,"25,27",37,74,74,0.212985568049,0.5,1,0,-0.287014431951,0.287014431951,0.082377284148
84,exclude,1,RTTP/PTTP/pooled / LL.WEST.1/LL.EAST.1/LL.ALL.2/LL.OS.2/LL.ARCH.3/LL.WEST.3/LL.EAST.3/LL.OS.3/LL.ALL.5,"1-2,4-10",62,558,558,0.249966890549,0.5,1,0,-0.250033109451,0.250033109451,0.062516555822
84,exclude,6,RTTP / PHID.2/PL.ALL.2,"14-18,21-22",15,105,105,0.608949682906,0.5,1,0,0.108949682906,0.108949682906,0.0118700334052
84,exclude,7,RTTP / PS.2,19-20,15,30,30,0.67432344256,0.4962,354.5,1,0.17812344256,0.17812344256,11.2475620998
84,exclude,10,RTTP / PS.WEST.3,"25,27",15,30,30,0.548846377551,0.5121,739.2,1,0.0367463775511,0.0367463775511,0.998138997706
84,exclude,13,PTTP/pooled / PHID.2/PL.ALL.2,"14-18,21-22",47,329,329,0.527798908315,0.5,1,0,0.0277989083148,0.0277989083148,0.000772779303496
84,exclude,14,PTTP/pooled / PS.2,19-20,47,94,94,0.504344283684,0.4962,354.5,1,0.0081442836839,0.0081442836839,0.0235137569586
84,exclude,17,PTTP/pooled / PS.WEST.3,"25,27",47,94,94,0.7273342055,0.5121,739.2,1,0.2152342055,0.2152342055,34.24400417
84,exclude,18,PTTP/pooled / PS.EAST.3,"26,28",47,94,94,0.794957622153,0.5282,231.2,1,0.266757622153,0.266757622153,16.4521062195
84,exclude,19,JPTP / LL.WEST.1,1,37,37,37,0.543280434843,0.5,1,0,0.0432804348435,0.0432804348435,0.00187319604024
84,exclude,20,JPTP / LL.EAST.1/LL.ALL.2/LL.OS.2/LL.ARCH.3/LL.WEST.3/LL.EAST.3/LL.OS.3/LL.ALL.5,"2,4-10",37,296,296,0.133603769639,0.5,1,0,-0.366396230361,0.366396230361,0.134246197623
84,exclude,23,JPTP / PS.JP.1/PL.JP.1,12-13,37,74,74,0.989999998654,0.5,1,0,0.489999998654,0.489999998654,0.240099998681
84,exclude,29,JPTP / PS.WEST.3,"25,27",37,74,74,0.13306230678,0.5,1,0,-0.36693769322,0.36693769322,0.134643270706
85,exclude,1,RTTP/PTTP/pooled / LL.WEST.1/LL.EAST.1/LL.ALL.2/LL.OS.2/LL.ARCH.3/LL.WEST.3/LL.EAST.3/LL.OS.3/LL.ALL.5,"1-2,4-10",62,558,558,0.419588087877,0.5,1,0,-0.0804119121229,0.0804119121229,0.00646607561126
85,exclude,6,RTTP / PHID.2/PL.ALL.2,"14-18,21-22",15,105,105,0.807420434225,0.5,1,0,0.307420434225,0.307420434225,0.0945073233788
85,exclude,7,RTTP / PS.2,19-20,15,30,30,0.66557433583,0.4962,354.5,1,0.16937433583,0.16937433583,10.1697774686
85,exclude,10,RTTP / PS.WEST.3,"25,27",15,30,30,0.578043152819,0.5121,739.2,1,0.0659431528189,0.0659431528189,3.21441075921
85,exclude,13,PTTP/pooled / PHID.2/PL.ALL.2,"14-18,21-22",47,329,329,0.730792569301,0.5,1,0,0.230792569301,0.230792569301,0.0532652100443
85,exclude,14,PTTP/pooled / PS.2,19-20,47,94,94,0.509835074198,0.4962,354.5,1,0.0136350741984,0.0136350741984,0.065906955556
85,exclude,17,PTTP/pooled / PS.WEST.3,"25,27",47,94,94,0.812326748224,0.5121,739.2,1,0.300226748224,0.300226748224,66.6286053779
85,exclude,18,PTTP/pooled / PS.EAST.3,"26,28",47,94,94,0.939996032294,0.5282,231.2,1,0.411796032294,0.411796032294,39.2059647757
85,exclude,19,JPTP / LL.WEST.1,1,37,37,37,0.989999273062,0.5,1,0,0.489999273062,0.489999273062,0.240099287602
85,exclude,20,JPTP / LL.EAST.1/LL.ALL.2/LL.OS.2/LL.ARCH.3/LL.WEST.3/LL.EAST.3/LL.OS.3/LL.ALL.5,"2,4-10",37,296,296,0.233240983882,0.5,1,0,-0.266759016118,0.266759016118,0.0711603726801
85,exclude,23,JPTP / PS.JP.1/PL.JP.1,12-13,37,74,74,0.989999999099,0.5,1,0,0.489999999099,0.489999999099,0.240099999117
85,exclude,29,JPTP / PS.WEST.3,"25,27",37,74,74,0.166507024187,0.5,1,0,-0.333492975813,0.333492975813,0.111217564917
86,include,1,RTTP/PTTP/pooled / LL.WEST.1/LL.EAST.1/LL.ALL.2/LL.OS.2/LL.ARCH.3/LL.WEST.3/LL.EAST.3/LL.OS.3/LL.ALL.5,"1-2,4-10",62,558,558,0.467124074037,0.5,1,0,-0.0328759259631,0.0328759259631,0.00108082650793
86,include,6,RTTP / PHID.2/PL.ALL.2,"14-18,21-22",15,105,105,0.989998107285,0.5,1,0,0.489998107285,0.489998107285,0.240098145143
86,include,7,RTTP / PS.2,19-20,15,30,30,0.545527739806,0.4962,354.5,1,0.0493277398057,0.0493277398057,0.862578586633
86,include,10,RTTP / PS.WEST.3,"25,27",15,30,30,0.630796868461,0.5121,739.2,1,0.118696868461,0.118696868461,10.4145493137
86,include,13,PTTP/pooled / PHID.2/PL.ALL.2,"14-18,21-22",47,329,329,0.989999993523,0.5,1,0,0.489999993523,0.489999993523,0.240099993653
86,include,14,PTTP/pooled / PS.2,19-20,47,94,94,0.508664109061,0.4962,354.5,1,0.0124641090606,0.0124641090606,0.055072998202
86,include,17,PTTP/pooled / PS.WEST.3,"25,27",47,94,94,0.939007122631,0.5121,739.2,1,0.426907122631,0.426907122631,134.718971848
86,include,18,PTTP/pooled / PS.EAST.3,"26,28",47,94,94,0.989999996756,0.5282,231.2,1,0.461799996756,0.461799996756,49.3055355953
86,include,19,JPTP / LL.WEST.1,1,37,37,37,0.989999995686,0.5,1,0,0.489999995686,0.489999995686,0.240099995772
86,include,20,JPTP / LL.EAST.1/LL.ALL.2/LL.OS.2/LL.ARCH.3/LL.WEST.3/LL.EAST.3/LL.OS.3/LL.ALL.5,"2,4-10",37,296,296,0.494696334573,0.5,1,0,-0.00530366542674,0.00530366542674,2.81288669589e-05
86,include,23,JPTP / PS.JP.1/PL.JP.1,12-13,37,74,74,0.989999998099,0.5,1,0,0.489999998099,0.489999998099,0.240099998137
86,include,29,JPTP / PS.WEST.3,"25,27",37,74,74,0.148670006375,0.5,1,0,-0.351329993625,0.351329993625,0.123432764421
87,exclude,1,RTTP/PTTP/pooled / LL.WEST.1/LL.EAST.1/LL.ALL.2/LL.OS.2/LL.ARCH.3/LL.WEST.3/LL.EAST.3/LL.OS.3/LL.ALL.5,"1-2,4-10",62,558,558,0.297301532941,0.5,1,0,-0.202698467059,0.202698467059,0.0410866685482
87,exclude,6,RTTP / PHID.2/PL.ALL.2,"14-18,21-22",15,105,105,0.841911264706,0.5,1,0,0.341911264706,0.341911264706,0.116903312933
87,exclude,7,RTTP / PS.2,19-20,15,30,30,0.674753686629,0.4962,354.5,1,0.178553686629,0.178553686629,11.3019630386
87,exclude,10,RTTP / PS.WEST.3,"25,27",15,30,30,0.619573456531,0.5121,739.2,1,0.107473456531,0.107473456531,8.53816202035
87,exclude,13,PTTP/pooled / PHID.2/PL.ALL.2,"14-18,21-22",47,329,329,0.757450165097,0.5,1,0,0.257450165097,0.257450165097,0.0662805875086
87,exclude,14,PTTP/pooled / PS.2,19-20,47,94,94,0.498910989104,0.4962,354.5,1,0.00271098910402,0.00271098910402,0.0026053842514
87,exclude,17,PTTP/pooled / PS.WEST.3,"25,27",47,94,94,0.869853180692,0.5121,739.2,1,0.357753180692,0.357753180692,94.608240468
87,exclude,18,PTTP/pooled / PS.EAST.3,"26,28",47,94,94,0.94977589774,0.5282,231.2,1,0.42157589774,0.42157589774,41.0903061227
87,exclude,19,JPTP / LL.WEST.1,1,37,37,37,0.989999993189,0.5,1,0,0.489999993189,0.489999993189,0.240099993325
87,exclude,20,JPTP / LL.EAST.1/LL.ALL.2/LL.OS.2/LL.ARCH.3/LL.WEST.3/LL.EAST.3/LL.OS.3/LL.ALL.5,"2,4-10",37,296,296,0.260772576279,0.5,1,0,-0.239227423721,0.239227423721,0.05722976026
87,exclude,23,JPTP / PS.JP.1/PL.JP.1,12-13,37,74,74,0.989999998229,0.5,1,0,0.489999998229,0.489999998229,0.240099998265
87,exclude,29,JPTP / PS.WEST.3,"25,27",37,74,74,0.379429348904,0.5,1,0,-0.120570651096,0.120570651096,0.0145372819058
88,exclude,1,RTTP/PTTP/pooled / LL.WEST.1/LL.EAST.1/LL.ALL.2/LL.OS.2/LL.ARCH.3/LL.WEST.3/LL.EAST.3/LL.OS.3/LL.ALL.5,"1-2,4-10",62,558,558,0.247779347207,0.5,1,0,-0.252220652793,0.252220652793,0.0636152576952
88,exclude,6,RTTP / PHID.2/PL.ALL.2,"14-18,21-22",15,105,105,0.695739030592,0.5,1,0,0.195739030592,0.195739030592,0.0383137680973
88,exclude,7,RTTP / PS.2,19-20,15,30,30,0.673845153505,0.4962,354.5,1,0.177645153505,0.177645153505,11.1872402999
88,exclude,10,RTTP / PS.WEST.3,"25,27",15,30,30,0.587225561831,0.5121,739.2,1,0.0751255618308,0.0751255618308,4.17193394986
88,exclude,13,PTTP/pooled / PHID.2/PL.ALL.2,"14-18,21-22",47,329,329,0.571961004041,0.5,1,0,0.071961004041,0.071961004041,0.00517838610259
88,exclude,14,PTTP/pooled / PS.2,19-20,47,94,94,0.500117403012,0.4962,354.5,1,0.00391740301234,0.00391740301234,0.005440173435
88,exclude,17,PTTP/pooled / PS.WEST.3,"25,27",47,94,94,0.774836910272,0.5121,739.2,1,0.262736910272,0.262736910272,51.0274816271
88,exclude,18,PTTP/pooled / PS.EAST.3,"26,28",47,94,94,0.895760490968,0.5282,231.2,1,0.367560490968,0.367560490968,31.2352851972
88,exclude,19,JPTP / LL.WEST.1,1,37,37,37,0.989991965913,0.5,1,0,0.489991965913,0.489991965913,0.240092126659
88,exclude,20,JPTP / LL.EAST.1/LL.ALL.2/LL.OS.2/LL.ARCH.3/LL.WEST.3/LL.EAST.3/LL.OS.3/LL.ALL.5,"2,4-10",37,296,296,0.182627381764,0.5,1,0,-0.317372618236,0.317372618236,0.100725378806
88,exclude,23,JPTP / PS.JP.1/PL.JP.1,12-13,37,74,74,0.989999998625,0.5,1,0,0.489999998625,0.489999998625,0.240099998653
88,exclude,29,JPTP / PS.WEST.3,"25,27",37,74,74,0.195175370356,0.5,1,0,-0.304824629644,0.304824629644,0.0929180548376
89,include,1,RTTP/PTTP/pooled / LL.WEST.1/LL.EAST.1/LL.ALL.2/LL.OS.2/LL.ARCH.3/LL.WEST.3/LL.EAST.3/LL.OS.3/LL.ALL.5,"1-2,4-10",62,558,558,0.289979940095,0.5,1,0,-0.210020059905,0.210020059905,0.0441084255623
89,include,6,RTTP / PHID.2/PL.ALL.2,"14-18,21-22",15,105,105,0.412417476508,0.5,1,0,-0.087582523492,0.087582523492,0.00767069842122
89,include,7,RTTP / PS.2,19-20,15,30,30,0.532298571565,0.4962,354.5,1,0.0360985715649,0.0360985715649,0.461951385069
89,include,10,RTTP / PS.WEST.3,"25,27",15,30,30,0.570877338387,0.5121,739.2,1,0.058777338387,0.058777338387,2.55377005541
89,include,13,PTTP/pooled / PHID.2/PL.ALL.2,"14-18,21-22",47,329,329,0.488038664281,0.5,1,0,-0.0119613357192,0.0119613357192,0.000143073552188
89,include,14,PTTP/pooled / PS.2,19-20,47,94,94,0.505460655589,0.4962,354.5,1,0.00926065558939,0.00926065558939,0.0304018285196
89,include,17,PTTP/pooled / PS.WEST.3,"25,27",47,94,94,0.745257355794,0.5121,739.2,1,0.233157355794,0.233157355794,40.1846510131
89,include,18,PTTP/pooled / PS.EAST.3,"26,28",47,94,94,0.808391030865,0.5282,231.2,1,0.280191030865,0.280191030865,18.1508215853
89,include,19,JPTP / LL.WEST.1,1,37,37,37,0.694484534191,0.5,1,0,0.194484534191,0.194484534191,0.0378242340394
89,include,20,JPTP / LL.EAST.1/LL.ALL.2/LL.OS.2/LL.ARCH.3/LL.WEST.3/LL.EAST.3/LL.OS.3/LL.ALL.5,"2,4-10",37,296,296,0.17090461093,0.5,1,0,-0.32909538907,0.32909538907,0.108303775107
89,include,23,JPTP / PS.JP.1/PL.JP.1,12-13,37,74,74,0.989999998889,0.5,1,0,0.489999998889,0.489999998889,0.240099998911
89,include,29,JPTP / PS.WEST.3,"25,27",37,74,74,0.137050858582,0.5,1,0,-0.362949141418,0.362949141418,0.131732079256
90,exclude,1,RTTP/PTTP/pooled / LL.WEST.1/LL.EAST.1/LL.ALL.2/LL.OS.2/LL.ARCH.3/LL.WEST.3/LL.EAST.3/LL.OS.3/LL.ALL.5,"1-2,4-10",62,558,558,0.288533966913,0.5,1,0,-0.211466033087,0.211466033087,0.0447178831497
90,exclude,6,RTTP / PHID.2/PL.ALL.2,"14-18,21-22",15,105,105,0.846909387051,0.5,1,0,0.346909387051,0.346909387051,0.120346122824
90,exclude,7,RTTP / PS.2,19-20,15,30,30,0.676508186356,0.4962,354.5,1,0.180308186356,0.180308186356,11.5251644127
90,exclude,10,RTTP / PS.WEST.3,"25,27",15,30,30,0.612275172474,0.5121,739.2,1,0.100175172474,0.100175172474,7.41792018125
90,exclude,13,PTTP/pooled / PHID.2/PL.ALL.2,"14-18,21-22",47,329,329,0.682685910412,0.5,1,0,0.182685910412,0.182685910412,0.0333741418631
90,exclude,14,PTTP/pooled / PS.2,19-20,47,94,94,0.502609249965,0.4962,354.5,1,0.00640924996534,0.00640924996534,0.0145623229744
90,exclude,17,PTTP/pooled / PS.WEST.3,"25,27",47,94,94,0.814817116655,0.5121,739.2,1,0.302717116655,0.302717116655,67.7385528875
90,exclude,18,PTTP/pooled / PS.EAST.3,"26,28",47,94,94,0.910354501004,0.5282,231.2,1,0.382154501004,0.382154501004,33.7649248819
90,exclude,19,JPTP / LL.WEST.1,1,37,37,37,0.98999999837,0.5,1,0,0.48999999837,0.48999999837,0.240099998403
90,exclude,20,JPTP / LL.EAST.1/LL.ALL.2/LL.OS.2/LL.ARCH.3/LL.WEST.3/LL.EAST.3/LL.OS.3/LL.ALL.5,"2,4-10",37,296,296,0.386532883051,0.5,1,0,-0.113467116949,0.113467116949,0.0128747866288
90,exclude,23,JPTP / PS.JP.1/PL.JP.1,12-13,37,74,74,0.989999998248,0.5,1,0,0.489999998248,0.489999998248,0.240099998283
90,exclude,29,JPTP / PS.WEST.3,"25,27",37,74,74,0.350742064497,0.5,1,0,-0.149257935503,0.149257935503,0.0222779313106
91,exclude,1,RTTP/PTTP/pooled / LL.WEST.1/LL.EAST.1/LL.ALL.2/LL.OS.2/LL.ARCH.3/LL.WEST.3/LL.EAST.3/LL.OS.3/LL.ALL.5,"1-2,4-10",62,558,558,0.337995693599,0.5,1,0,-0.162004306401,0.162004306401,0.0262453952925
91,exclude,6,RTTP / PHID.2/PL.ALL.2,"14-18,21-22",15,105,105,0.848034779702,0.5,1,0,0.348034779702,0.348034779702,0.121128207882
91,exclude,7,RTTP / PS.2,19-20,15,30,30,0.675918791991,0.4962,354.5,1,0.179718791991,0.179718791991,11.449940267
91,exclude,10,RTTP / PS.WEST.3,"25,27",15,30,30,0.617376519965,0.5121,739.2,1,0.105276519965,0.105276519965,8.19266126891
91,exclude,13,PTTP/pooled / PHID.2/PL.ALL.2,"14-18,21-22",47,329,329,0.736086000235,0.5,1,0,0.236086000235,0.236086000235,0.0557365995071
91,exclude,14,PTTP/pooled / PS.2,19-20,47,94,94,0.505539032977,0.4962,354.5,1,0.00933903297675,0.00933903297675,0.0309186168455
91,exclude,17,PTTP/pooled / PS.WEST.3,"25,27",47,94,94,0.838951425259,0.5121,739.2,1,0.326851425259,0.326851425259,78.9701066199
91,exclude,18,PTTP/pooled / PS.EAST.3,"26,28",47,94,94,0.945127879037,0.5282,231.2,1,0.416927879037,0.416927879037,40.1892315809
91,exclude,19,JPTP / LL.WEST.1,1,37,37,37,0.947914254582,0.5,1,0,0.447914254582,0.447914254582,0.200627179458
91,exclude,20,JPTP / LL.EAST.1/LL.ALL.2/LL.OS.2/LL.ARCH.3/LL.WEST.3/LL.EAST.3/LL.OS.3/LL.ALL.5,"2,4-10",37,296,296,0.210044491004,0.5,1,0,-0.289955508996,0.289955508996,0.0840741971972
91,exclude,23,JPTP / PS.JP.1/PL.JP.1,12-13,37,74,74,0.989999998015,0.5,1,0,0.489999998015,0.489999998015,0.240099998055
91,exclude,29,JPTP / PS.WEST.3,"25,27",37,74,74,0.358108229918,0.5,1,0,-0.141891770082,0.141891770082,0.0201332744169
92,include,1,RTTP/PTTP/pooled / LL.WEST.1/LL.EAST.1/LL.ALL.2/LL.OS.2/LL.ARCH.3/LL.WEST.3/LL.EAST.3/LL.OS.3/LL.ALL.5,"1-2,4-10",62,558,558,0.30150604916,0.5,1,0,-0.19849395084,0.19849395084,0.03939984852
92,include,6,RTTP / PHID.2/PL.ALL.2,"14-18,21-22",15,105,105,0.658976107335,0.5,1,0,0.158976107335,0.158976107335,0.0252734027035
92,include,7,RTTP / PS.2,19-20,15,30,30,0.524585714972,0.4962,354.5,1,0.0283857149717,0.0283857149717,0.285637954723
92,include,10,RTTP / PS.WEST.3,"25,27",15,30,30,0.609932218866,0.5121,739.2,1,0.0978322188662,0.0978322188662,7.07498894129
92,include,13,PTTP/pooled / PHID.2/PL.ALL.2,"14-18,21-22",47,329,329,0.989999996621,0.5,1,0,0.489999996621,0.489999996621,0.240099996689
92,include,14,PTTP/pooled / PS.2,19-20,47,94,94,0.502454147961,0.4962,354.5,1,0.00625414796073,0.00625414796073,0.0138660430004
92,include,17,PTTP/pooled / PS.WEST.3,"25,27",47,94,94,0.871353311615,0.5121,739.2,1,0.359253311615,0.359253311615,95.4033266569
92,include,18,PTTP/pooled / PS.EAST.3,"26,28",47,94,94,0.899159221751,0.5282,231.2,1,0.370959221751,0.370959221751,31.8156040595
92,include,19,JPTP / LL.WEST.1,1,37,37,37,0.927395999884,0.5,1,0,0.427395999884,0.427395999884,0.182667340716
92,include,20,JPTP / LL.EAST.1/LL.ALL.2/LL.OS.2/LL.ARCH.3/LL.WEST.3/LL.EAST.3/LL.OS.3/LL.ALL.5,"2,4-10",37,296,296,0.293620189378,0.5,1,0,-0.206379810622,0.206379810622,0.0425926262325
92,include,23,JPTP / PS.JP.1/PL.JP.1,12-13,37,74,74,0.989999997289,0.5,1,0,0.489999997289,0.489999997289,0.240099997343
92,include,29,JPTP / PS.WEST.3,"25,27",37,74,74,0.148744577839,0.5,1,0,-0.351255422161,0.351255422161,0.123380371597
93,exclude,1,RTTP/PTTP/pooled / LL.WEST.1/LL.EAST.1/LL.ALL.2/LL.OS.2/LL.ARCH.3/LL.WEST.3/LL.EAST.3/LL.OS.3/LL.ALL.5,"1-2,4-10",62,558,558,0.214846236475,0.5,1,0,-0.285153763525,0.285153763525,0.0813126688525
93,exclude,6,RTTP / PHID.2/PL.ALL.2,"14-18,21-22",15,105,105,0.626261505346,0.5,1,0,0.126261505346,0.126261505346,0.0159419677322
93,exclude,7,RTTP / PS.2,19-20,15,30,30,0.664655997485,0.4962,354.5,1,0.168455997485,0.168455997485,10.0597964849
93,exclude,10,RTTP / PS.WEST.3,"25,27",15,30,30,0.571130752051,0.5121,739.2,1,0.0590307520511,0.0590307520511,2.57583826516
93,exclude,13,PTTP/pooled / PHID.2/PL.ALL.2,"14-18,21-22",47,329,329,0.493473734989,0.5,1,0,-0.00652626501064,0.00652626501064,4.25921349891e-05
93,exclude,14,PTTP/pooled / PS.2,19-20,47,94,94,0.502324425668,0.4962,354.5,1,0.00612442566809,0.00612442566809,0.0132967950713
93,exclude,17,PTTP/pooled / PS.WEST.3,"25,27",47,94,94,0.717771228424,0.5121,739.2,1,0.205671228424,0.205671228424,31.2686435858
93,exclude,18,PTTP/pooled / PS.EAST.3,"26,28",47,94,94,0.810898889967,0.5282,231.2,1,0.282698889967,0.282698889967,18.4771947443
93,exclude,19,JPTP / LL.WEST.1,1,37,37,37,0.989547512157,0.5,1,0,0.489547512157,0.489547512157,0.239656766659
93,exclude,20,JPTP / LL.EAST.1/LL.ALL.2/LL.OS.2/LL.ARCH.3/LL.WEST.3/LL.EAST.3/LL.OS.3/LL.ALL.5,"2,4-10",37,296,296,0.186397690084,0.5,1,0,-0.313602309916,0.313602309916,0.0983464087848
93,exclude,23,JPTP / PS.JP.1/PL.JP.1,12-13,37,74,74,0.989999998989,0.5,1,0,0.489999998989,0.489999998989,0.240099999009
93,exclude,29,JPTP / PS.WEST.3,"25,27",37,74,74,0.164838912588,0.5,1,0,-0.335161087412,0.335161087412,0.112332954515
94,include,1,RTTP/PTTP/pooled / LL.WEST.1/LL.EAST.1/LL.ALL.2/LL.OS.2/LL.ARCH.3/LL.WEST.3/LL.EAST.3/LL.OS.3/LL.ALL.5,"1-2,4-10",62,558,558,0.213957591511,0.5,1,0,-0.286042408489,0.286042408489,0.0818202594539
94,include,6,RTTP / PHID.2/PL.ALL.2,"14-18,21-22",15,105,105,0.310001602899,0.5,1,0,-0.189998397101,0.189998397101,0.0360993909011
94,include,7,RTTP / PS.2,19-20,15,30,30,0.497531783102,0.4962,354.5,1,0.00133178310177,0.00133178310177,0.000628757588595
94,include,10,RTTP / PS.WEST.3,"25,27",15,30,30,0.564711433877,0.5121,739.2,1,0.0526114338775,0.0526114338775,2.04607823086
94,include,13,PTTP/pooled / PHID.2/PL.ALL.2,"14-18,21-22",47,329,329,0.477946506181,0.5,1,0,-0.0220534938193,0.0220534938193,0.000486356589639
94,include,14,PTTP/pooled / PS.2,19-20,47,94,94,0.497392461656,0.4962,354.5,1,0.0011924616565,0.0011924616565,0.000504086522387
94,include,17,PTTP/pooled / PS.WEST.3,"25,27",47,94,94,0.719763142236,0.5121,739.2,1,0.207663142236,0.207663142236,31.8772464915
94,include,18,PTTP/pooled / PS.EAST.3,"26,28",47,94,94,0.731716071523,0.5282,231.2,1,0.203516071523,0.203516071523,9.57602456429
94,include,19,JPTP / LL.WEST.1,1,37,37,37,0.989999982404,0.5,1,0,0.489999982404,0.489999982404,0.240099982756
94,include,20,JPTP / LL.EAST.1/LL.ALL.2/LL.OS.2/LL.ARCH.3/LL.WEST.3/LL.EAST.3/LL.OS.3/LL.ALL.5,"2,4-10",37,296,296,0.266467681162,0.5,1,0,-0.233532318838,0.233532318838,0.0545373439421
94,include,23,JPTP / PS.JP.1/PL.JP.1,12-13,37,74,74,0.989999990374,0.5,1,0,0.489999990374,0.489999990374,0.240099990567
94,include,29,JPTP / PS.WEST.3,"25,27",37,74,74,0.131329798622,0.5,1,0,-0.368670201378,0.368670201378,0.135917717384
95,include,1,RTTP/PTTP/pooled / LL.WEST.1/LL.EAST.1/LL.ALL.2/LL.OS.2/LL.ARCH.3/LL.WEST.3/LL.EAST.3/LL.OS.3/LL.ALL.5,"1-2,4-10",62,558,558,0.212129569375,0.5,1,0,-0.287870430625,0.287870430625,0.0828693848284
95,include,6,RTTP / PHID.2/PL.ALL.2,"14-18,21-22",15,105,105,0.327569428429,0.5,1,0,-0.172430571571,0.172430571571,0.0297323020122
95,include,7,RTTP / PS.2,19-20,15,30,30,0.503164752719,0.4962,354.5,1,0.00696475271853,0.00696475271853,0.0171960081625
95,include,10,RTTP / PS.WEST.3,"25,27",15,30,30,0.581680072397,0.5121,739.2,1,0.0695800723967,0.0695800723967,3.57875288212
95,include,13,PTTP/pooled / PHID.2/PL.ALL.2,"14-18,21-22",47,329,329,0.711801064499,0.5,1,0,0.211801064499,0.211801064499,0.0448596909227
95,include,14,PTTP/pooled / PS.2,19-20,47,94,94,0.496456219672,0.4962,354.5,1,0.000256219671577,0.000256219671577,2.32724003765e-05
95,include,17,PTTP/pooled / PS.WEST.3,"25,27",47,94,94,0.78421898113,0.5121,739.2,1,0.27211898113,0.27211898113,54.7368285274
95,include,18,PTTP/pooled / PS.EAST.3,"26,28",47,94,94,0.776312082427,0.5282,231.2,1,0.248112082427,0.248112082427,14.2325807792
95,include,19,JPTP / LL.WEST.1,1,37,37,37,0.989999985387,0.5,1,0,0.489999985387,0.489999985387,0.24009998568
95,include,20,JPTP / LL.EAST.1/LL.ALL.2/LL.OS.2/LL.ARCH.3/LL.WEST.3/LL.EAST.3/LL.OS.3/LL.ALL.5,"2,4-10",37,296,296,0.285730888906,0.5,1,0,-0.214269111094,0.214269111094,0.0459112519692
95,include,23,JPTP / PS.JP.1/PL.JP.1,12-13,37,74,74,0.98999999734,0.5,1,0,0.48999999734,0.48999999734,0.240099997393
95,include,29,JPTP / PS.WEST.3,"25,27",37,74,74,0.141992834974,0.5,1,0,-0.358007165026,0.358007165026,0.12816913021
98,exclude,1,RTTP/PTTP/pooled / LL.WEST.1/LL.EAST.1/LL.ALL.2/LL.OS.2/LL.ARCH.3/LL.WEST.3/LL.EAST.3/LL.OS.3/LL.ALL.5,"1-2,4-10",62,558,558,0.206904748279,0.5,1,0,-0.293095251721,0.293095251721,0.0859048265811
98,exclude,6,RTTP / PHID.2/PL.ALL.2,"14-18,21-22",15,105,105,0.535651999718,0.5,1,0,0.0356519997183,0.0356519997183,0.00127106508391
98,exclude,7,RTTP / PS.2,19-20,15,30,30,0.657891775244,0.4962,354.5,1,0.161691775244,0.161691775244,9.26812959934
98,exclude,10,RTTP / PS.WEST.3,"25,27",15,30,30,0.522539239556,0.5121,739.2,1,0.0104392395563,0.0104392395563,0.0805563324822
98,exclude,13,PTTP/pooled / PHID.2/PL.ALL.2,"14-18,21-22",47,329,329,0.456931242883,0.5,1,0,-0.0430687571169,0.0430687571169,0.0018549178396
98,exclude,14,PTTP/pooled / PS.2,19-20,47,94,94,0.504033695815,0.4962,354.5,1,0.00783369581509,0.00783369581509,0.0217545270987
98,exclude,17,PTTP/pooled / PS.WEST.3,"25,27",47,94,94,0.664638392357,0.5121,739.2,1,0.152538392357,0.152538392357,17.1996768768
98,exclude,18,PTTP/pooled / PS.EAST.3,"26,28",47,94,94,0.709381838609,0.5282,231.2,1,0.181181838609,0.181181838609,7.58956971796
98,exclude,19,JPTP / LL.WEST.1,1,37,37,37,0.466174738809,0.5,1,0,-0.0338252611912,0.0338252611912,0.00114414829465
98,exclude,20,JPTP / LL.EAST.1/LL.ALL.2/LL.OS.2/LL.ARCH.3/LL.WEST.3/LL.EAST.3/LL.OS.3/LL.ALL.5,"2,4-10",37,296,296,0.0992327757321,0.5,1,0,-0.400767224268,0.400767224268,0.160614368047
98,exclude,23,JPTP / PS.JP.1/PL.JP.1,12-13,37,74,74,0.98999999841,0.5,1,0,0.48999999841,0.48999999841,0.240099998442
98,exclude,29,JPTP / PS.WEST.3,"25,27",37,74,74,0.10714470767,0.5,1,0,-0.39285529233,0.39285529233,0.154335280712
99,exclude,1,RTTP/PTTP/pooled / LL.WEST.1/LL.EAST.1/LL.ALL.2/LL.OS.2/LL.ARCH.3/LL.WEST.3/LL.EAST.3/LL.OS.3/LL.ALL.5,"1-2,4-10",62,558,558,0.249125933089,0.5,1,0,-0.250874066911,0.250874066911,0.0629377974482
99,exclude,6,RTTP / PHID.2/PL.ALL.2,"14-18,21-22",15,105,105,0.70030896938,0.5,1,0,0.20030896938,0.20030896938,0.0401236832141
99,exclude,7,RTTP / PS.2,19-20,15,30,30,0.666907622787,0.4962,354.5,1,0.170707622787,0.170707622787,10.3305172833
99,exclude,10,RTTP / PS.WEST.3,"25,27",15,30,30,0.581959118814,0.5121,739.2,1,0.0698591188143,0.0698591188143,3.60751515913
99,exclude,13,PTTP/pooled / PHID.2/PL.ALL.2,"14-18,21-22",47,329,329,0.55307588431,0.5,1,0,0.0530758843103,0.0530758843103,0.00281704949532
99,exclude,14,PTTP/pooled / PS.2,19-20,47,94,94,0.501475367725,0.4962,354.5,1,0.0052753677253,0.0052753677253,0.00986555939387
99,exclude,17,PTTP/pooled / PS.WEST.3,"25,27",47,94,94,0.761724117024,0.5121,739.2,1,0.249624117024,0.249624117024,46.0611780921
99,exclude,18,PTTP/pooled / PS.EAST.3,"26,28",47,94,94,0.875346586984,0.5282,231.2,1,0.347146586984,0.347146586984,27.8620860601
99,exclude,19,JPTP / LL.WEST.1,1,37,37,37,0.989999987793,0.5,1,0,0.489999987793,0.489999987793,0.240099988037
99,exclude,20,JPTP / LL.EAST.1/LL.ALL.2/LL.OS.2/LL.ARCH.3/LL.WEST.3/LL.EAST.3/LL.OS.3/LL.ALL.5,"2,4-10",37,296,296,0.176684290184,0.5,1,0,-0.323315709816,0.323315709816,0.104533048214
99,exclude,23,JPTP / PS.JP.1/PL.JP.1,12-13,37,74,74,0.989999998682,0.5,1,0,0.489999998682,0.489999998682,0.240099998708
99,exclude,29,JPTP / PS.WEST.3,"25,27",37,74,74,0.182047206565,0.5,1,0,-0.317952793435,0.317952793435,0.101093978853
