member_id,arm,group_id,group_label,is_priored,penalty_wt,target_prop,rep_hat,gap_prop,v_est,gap_v,gap_v_frac,contact_prop,contact_v
1,include,1,RTTP/PTTP/pooled / LL.WEST.1/LL.EAST.1/LL.ALL.2/LL.OS.2/LL.ARCH.3/LL.WEST.3/LL.EAST.3/LL.OS.3/LL.ALL.5,0,1.0,0.5,0.252616726111087,0.737383273888913,412.83507668410454,587.1657679804739,0.5871652720227669,0,0
1,include,6,RTTP / PHID.2/PL.ALL.2,0,1.0,0.5,0.438897871086862,0.5511021289131379,553.6755009498069,446.32534371477163,0.44632496671988175,0,0
1,include,7,RTTP / PS.2,1,354.5,0.4962,0.515777638235011,0.474222361764989,602.0914171258278,397.9094275387507,0.39790909143903574,0,0
1,include,10,RTTP / PS.WEST.3,1,739.2,0.5121,0.597987327933572,0.392012672066428,651.4470766095733,348.5537680550052,0.3485534736442323,0,0
1,include,13,PTTP/pooled / PHID.2/PL.ALL.2,0,1.0,0.5,0.778421486409459,0.21157851359054103,760.8815564256876,239.11928823889093,0.23911908626346873,0,0
1,include,14,PTTP/pooled / PS.2,1,354.5,0.4962,0.500816409939551,0.489183590060449,592.8969116227902,407.1039330417883,0.40710358917580675,0,0
1,include,17,PTTP/pooled / PS.WEST.3,1,739.2,0.5121,0.809647631421786,0.18035236857821402,781.5248304516638,218.47601421291472,0.21847582967412013,0,0
1,include,18,PTTP/pooled / PS.EAST.3,1,231.2,0.5282,0.846064056553572,0.14393594344642802,807.1051562812812,192.89568838329728,0.19289552545127958,0,0
1,include,19,JPTP / LL.WEST.1,0,1.0,0.5,0.75036663902388,0.23963336097611998,743.042803382265,256.9580412823135,0.2569578242391412,0,0
1,include,20,JPTP / LL.EAST.1/LL.ALL.2/LL.OS.2/LL.ARCH.3/LL.WEST.3/LL.EAST.3/LL.OS.3/LL.ALL.5,0,1.0,0.5,0.220375954441657,0.769624045558343,381.77403026014696,618.2268144044315,0.618226292210581,0,0
1,include,23,JPTP / PS.JP.1/PL.JP.1,0,1.0,0.5,0.600773069511072,0.389226930488928,653.0986576643282,346.90218700025025,0.3469018939845082,0,0
1,include,29,JPTP / PS.WEST.3,0,1.0,0.5,0.146474262203534,0.843525737796466,294.2646051738019,705.7362394907766,0.7057356433808768,0,0
2,exclude,1,RTTP/PTTP/pooled / LL.WEST.1/LL.EAST.1/LL.ALL.2/LL.OS.2/LL.ARCH.3/LL.WEST.3/LL.EAST.3/LL.OS.3/LL.ALL.5,0,1.0,0.5,0.245383608638379,0.744616391361621,406.1334317426981,593.8674129218804,0.5938669113035361,0,0
2,exclude,6,RTTP / PHID.2/PL.ALL.2,0,1.0,0.5,0.674426172796461,0.315573827203539,696.7880176288919,303.2128270356866,0.30321257092276815,0,0
2,exclude,7,RTTP / PS.2,1,354.5,0.4962,0.674622335825264,0.315377664174736,696.9051242834286,303.09572038114993,0.3030954643671473,0,0
2,exclude,10,RTTP / PS.WEST.3,1,739.2,0.5121,0.580808881019583,0.40919111898041705,641.2449886982987,358.7558559662798,0.3587555529381719,0,0
2,exclude,13,PTTP/pooled / PHID.2/PL.ALL.2,0,1.0,0.5,0.542085960748082,0.447914039251918,618.0650589964482,381.9357856681303,0.38193546306077336,0,0
2,exclude,14,PTTP/pooled / PS.2,1,354.5,0.4962,0.499431112574793,0.490568887425207,592.0409224861281,407.95992217845037,0.40795957758944573,0,0
2,exclude,17,PTTP/pooled / PS.WEST.3,1,739.2,0.5121,0.762999992752251,0.22700000724774894,751.0064962903001,248.9943483742784,0.24899413805774973,0,0
2,exclude,18,PTTP/pooled / PS.EAST.3,1,231.2,0.5282,0.874687147302763,0.11531285269723701,828.8833243053311,171.11752035924735,0.17111737582246123,0,0
2,exclude,19,JPTP / LL.WEST.1,0,1.0,0.5,0.989999988965524,1.1034475999593951e-08,999.949662760462,0.051181904116447186,5.1181860884942235e-05,1,1
2,exclude,20,JPTP / LL.EAST.1/LL.ALL.2/LL.OS.2/LL.ARCH.3/LL.WEST.3/LL.EAST.3/LL.OS.3/LL.ALL.5,0,1.0,0.5,0.189749305752163,0.800250694247837,348.8818155115906,651.1190291529879,0.6511184791762721,0,0
2,exclude,23,JPTP / PS.JP.1/PL.JP.1,0,1.0,0.5,0.989999998680579,1.3194210168876452e-09,999.9831463299621,0.017698334616397915,1.7698319667254194e-05,1,1
2,exclude,29,JPTP / PS.WEST.3,0,1.0,0.5,0.190607581166056,0.799392418833944,349.8582498934427,650.1425947711358,0.6501420456191789,0,0
4,exclude,1,RTTP/PTTP/pooled / LL.WEST.1/LL.EAST.1/LL.ALL.2/LL.OS.2/LL.ARCH.3/LL.WEST.3/LL.EAST.3/LL.OS.3/LL.ALL.5,0,1.0,0.5,0.383107989288871,0.606892010711129,516.0654487221003,483.9353959424782,0.4839349871797362,0,0
4,exclude,6,RTTP / PHID.2/PL.ALL.2,0,1.0,0.5,0.85776502609439,0.13223497390561,815.7919329631817,184.2089117013968,0.18420875610678547,0,0
4,exclude,7,RTTP / PS.2,1,354.5,0.4962,0.675444526402901,0.314555473597099,697.3960452648779,302.6047993997006,0.30260454380036117,0,0
4,exclude,10,RTTP / PS.WEST.3,1,739.2,0.5121,0.619489531088471,0.37051046891152895,664.1834703114343,335.81737435314415,0.33581709070034277,0,0
4,exclude,13,PTTP/pooled / PHID.2/PL.ALL.2,0,1.0,0.5,0.78111866745025,0.20888133254974994,762.6281422409916,237.37270242358693,0.23737250192344264,0,0
4,exclude,14,PTTP/pooled / PS.2,1,354.5,0.4962,0.504028447775373,0.48597155222462696,594.8785221921534,405.12232247242514,0.40512198028023844,0,0
4,exclude,17,PTTP/pooled / PS.WEST.3,1,739.2,0.5121,0.849999238035065,0.14000076196493494,809.9968423398236,190.00400232475488,0.1900038418352399,0,0
4,exclude,18,PTTP/pooled / PS.EAST.3,1,231.2,0.5282,0.965999653487233,0.024000346512766946,924.0091181554058,75.99172650917274,0.07599166232170732,0,0
4,exclude,19,JPTP / LL.WEST.1,0,1.0,0.5,0.989999978438934,2.1561066043673804e-08,999.9293002555146,0.07154440906390391,7.154434863292683e-05,1,1
4,exclude,20,JPTP / LL.EAST.1/LL.ALL.2/LL.OS.2/LL.ARCH.3/LL.WEST.3/LL.EAST.3/LL.OS.3/LL.ALL.5,0,1.0,0.5,0.239108528345146,0.750891471654854,400.20124856169997,599.7995961028785,0.5997990894738334,0,0
4,exclude,23,JPTP / PS.JP.1/PL.JP.1,0,1.0,0.5,0.989999998144367,1.8556329806074245e-09,999.9798559123323,0.020988752246239528,2.0988734517798933e-05,1,1
4,exclude,29,JPTP / PS.WEST.3,0,1.0,0.5,0.381825740604181,0.608174259395819,515.1679812736785,484.8328633909,0.4848324538700997,0,0
5,include,1,RTTP/PTTP/pooled / LL.WEST.1/LL.EAST.1/LL.ALL.2/LL.OS.2/LL.ARCH.3/LL.WEST.3/LL.EAST.3/LL.OS.3/LL.ALL.5,0,1.0,0.5,0.226886634765277,0.763113365234723,388.30745981899753,611.693384845581,0.6116928681702823,0,0
5,include,6,RTTP / PHID.2/PL.ALL.2,0,1.0,0.5,0.331489435500274,0.658510564499726,478.44273911949875,521.5581055450798,0.5215576650037945,0,0
5,include,7,RTTP / PS.2,1,354.5,0.4962,0.525186371171466,0.46481362882853394,607.8302269224293,392.17061774214915,0.3921702864897994,0,0
5,include,10,RTTP / PS.WEST.3,1,739.2,0.5121,0.542810914471951,0.44718908552804904,618.5022171539667,381.49862751061175,0.38149830527250655,0,0
5,include,13,PTTP/pooled / PHID.2/PL.ALL.2,0,1.0,0.5,0.449616346419402,0.5403836535805979,560.6250988085853,439.37574585599316,0.43937537473117744,0,0
5,include,14,PTTP/pooled / PS.2,1,354.5,0.4962,0.50230898142452,0.48769101857548003,593.8182684834309,406.1825761811476,0.4061822330934029,0,0
5,include,17,PTTP/pooled / PS.WEST.3,1,739.2,0.5121,0.691287255868484,0.29871274413151594,706.8853982429034,293.1154464216751,0.2931151988376492,0,0
5,include,18,PTTP/pooled / PS.EAST.3,1,231.2,0.5282,0.693391848241827,0.296608151758173,708.1507827950747,291.85006186950375,0.2918498153543025,0,0
5,include,19,JPTP / LL.WEST.1,0,1.0,0.5,0.461761340541296,0.5282386594587041,568.4106075769103,431.59023708766824,0.43158987253899045,0,0
5,include,20,JPTP / LL.EAST.1/LL.ALL.2/LL.OS.2/LL.ARCH.3/LL.WEST.3/LL.EAST.3/LL.OS.3/LL.ALL.5,0,1.0,0.5,0.110319413243271,0.879680586756729,237.0091669059529,762.9916777586257,0.7629910332871261,0,0
5,include,23,JPTP / PS.JP.1/PL.JP.1,0,1.0,0.5,0.989999998464492,1.535507943017933e-09,999.9817519924482,0.01909267213034127,1.9092656003451036e-05,1,1
5,include,29,JPTP / PS.WEST.3,0,1.0,0.5,0.135538147968748,0.854461852031252,278.3591349383319,721.6417097262465,0.7216411001815708,0,0
6,include,1,RTTP/PTTP/pooled / LL.WEST.1/LL.EAST.1/LL.ALL.2/LL.OS.2/LL.ARCH.3/LL.WEST.3/LL.EAST.3/LL.OS.3/LL.ALL.5,0,1.0,0.5,0.194507568292131,0.795492431707869,354.2518492904237,645.7489953741548,0.6457484499333125,0,0
6,include,6,RTTP / PHID.2/PL.ALL.2,0,1.0,0.5,0.312385055031856,0.677614944968144,463.6064069704565,536.394437694122,0.5363939846211231,0,0
6,include,7,RTTP / PS.2,1,354.5,0.4962,0.503843362725139,0.486156637274861,594.764454756922,405.23638990765653,0.4052360476191212,0,0
6,include,10,RTTP / PS.WEST.3,1,739.2,0.5121,0.524219451782672,0.46578054821732795,607.2418865352681,392.7589581293104,0.39275862638001074,0,0
6,include,13,PTTP/pooled / PHID.2/PL.ALL.2,0,1.0,0.5,0.41950848098256,0.57049151901744,540.8968454607067,459.1039992038718,0.45910361141531336,0,0
6,include,14,PTTP/pooled / PS.2,1,354.5,0.4962,0.499868203313451,0.490131796686549,592.3110944623019,407.6897502022766,0.4076894058414765,0,0
6,include,17,PTTP/pooled / PS.WEST.3,1,739.2,0.5121,0.645623143180552,0.34437685681944796,679.6601228157141,320.3407218488644,0.32034045126863214,0,0
6,include,18,PTTP/pooled / PS.EAST.3,1,231.2,0.5282,0.683040429202125,0.30695957079787495,701.9383159536031,298.06252871097536,0.2980622769483278,0,0
6,include,19,JPTP / LL.WEST.1,0,1.0,0.5,0.363558534145055,0.626441465854945,502.19201130462085,497.80883335995765,0.49780841287882444,0,0
6,include,20,JPTP / LL.EAST.1/LL.ALL.2/LL.OS.2/LL.ARCH.3/LL.WEST.3/LL.EAST.3/LL.OS.3/LL.ALL.5,0,1.0,0.5,0.0828495751999529,0.907150424800047,181.14897287385622,818.8518717907223,0.8188511801361353,0,0
6,include,23,JPTP / PS.JP.1/PL.JP.1,0,1.0,0.5,0.98999999748428,2.5157199656788976e-09,999.9764063197804,0.024438344798113576,2.4438324155926804e-05,1,1
6,include,29,JPTP / PS.WEST.3,0,1.0,0.5,0.121127730889343,0.868872269110657,255.63982123635333,744.3610234282252,0.7443603946933661,0,0
7,include,1,RTTP/PTTP/pooled / LL.WEST.1/LL.EAST.1/LL.ALL.2/LL.OS.2/LL.ARCH.3/LL.WEST.3/LL.EAST.3/LL.OS.3/LL.ALL.5,0,1.0,0.5,0.323512904455093,0.6664870955449069,472.3166584391014,527.6841862254771,0.5276837405097129,0,0
7,include,6,RTTP / PHID.2/PL.ALL.2,0,1.0,0.5,0.457615237699633,0.532384762300367,565.7629141829875,434.237930481591,0.4342375636965023,0,0
7,include,7,RTTP / PS.2,1,354.5,0.4962,0.538169298607315,0.451830701392685,615.7006974663861,384.30014719819235,0.3842998225937447,0,0
7,include,10,RTTP / PS.WEST.3,1,739.2,0.5121,0.580206961431909,0.409793038568091,640.886843470194,359.1140011943845,0.3591136978637643,0,0
7,include,13,PTTP/pooled / PHID.2/PL.ALL.2,0,1.0,0.5,0.757171928450218,0.23282807154978202,747.3196611045284,252.68118356005004,0.2526809701293849,0,0
7,include,14,PTTP/pooled / PS.2,1,354.5,0.4962,0.506814676980902,0.483185323019098,596.5939624047877,403.4068822597908,0.40340654151657446,0,0
7,include,17,PTTP/pooled / PS.WEST.3,1,739.2,0.5121,0.771804304134308,0.21819569586569199,756.621877074666,243.37896758991246,0.24337876201649303,0,0
7,include,18,PTTP/pooled / PS.EAST.3,1,231.2,0.5282,0.859078745996807,0.130921254003193,816.7845782116494,183.21626645292906,0.1832161116967693,0,0
7,include,19,JPTP / LL.WEST.1,0,1.0,0.5,0.801480023178554,0.18851997682144594,776.0290387742805,223.97180589029801,0.2239716167094068,0,0
7,include,20,JPTP / LL.EAST.1/LL.ALL.2/LL.OS.2/LL.ARCH.3/LL.WEST.3/LL.EAST.3/LL.OS.3/LL.ALL.5,0,1.0,0.5,0.213525497842976,0.776474502157024,374.73927892212635,625.2615657424521,0.6252610376066013,0,0
7,include,23,JPTP / PS.JP.1/PL.JP.1,0,1.0,0.5,0.989999999001757,9.982430437815992e-10,999.9854504033032,0.01539426127533261,1.539424827235638e-05,1,1
7,include,29,JPTP / PS.WEST.3,0,1.0,0.5,0.14029800297577,0.84970199702423,285.41037409657713,714.5904705680014,0.7145898669792525,0,0
8,include,1,RTTP/PTTP/pooled / LL.WEST.1/LL.EAST.1/LL.ALL.2/LL.OS.2/LL.ARCH.3/LL.WEST.3/LL.EAST.3/LL.OS.3/LL.ALL.5,0,1.0,0.5,0.237534948964306,0.752465051035694,398.69567623645054,601.3051684281279,0.6013046605273803,0,0
8,include,6,RTTP / PHID.2/PL.ALL.2,0,1.0,0.5,0.362110258515237,0.6278897414847631,501.1472766981946,498.8535679663839,0.49885314660280106,0,0
8,include,7,RTTP / PS.2,1,354.5,0.4962,0.523488901349429,0.46651109865057094,606.7971582481654,393.2036864164131,0.39320335429146763,0,0
8,include,10,RTTP / PS.WEST.3,1,739.2,0.5121,0.57842145190409,0.41157854809591,639.8241411595221,360.17670350505637,0.3601763992768099,0,0
8,include,13,PTTP/pooled / PHID.2/PL.ALL.2,0,1.0,0.5,0.492141835335291,0.497858164664709,587.5228775776825,412.477967086896,0.4124776186816621,0,0
8,include,14,PTTP/pooled / PS.2,1,354.5,0.4962,0.497680143545701,0.492319856454299,590.957791224167,409.04305344041154,0.40904270793652503,0,0
8,include,17,PTTP/pooled / PS.WEST.3,1,739.2,0.5121,0.769700829715055,0.22029917028494495,755.2750371697759,244.72580749480255,0.24472560078375613,0,0
8,include,18,PTTP/pooled / PS.EAST.3,1,231.2,0.5282,0.820906355090945,0.16909364490905499,789.231420340453,210.76942432412545,0.21076924629480887,0,0
8,include,19,JPTP / LL.WEST.1,0,1.0,0.5,0.597881734166882,0.39211826583311804,651.3844606813592,348.6163839832193,0.34861608951955697,0,0
8,include,20,JPTP / LL.EAST.1/LL.ALL.2/LL.OS.2/LL.ARCH.3/LL.WEST.3/LL.EAST.3/LL.OS.3/LL.ALL.5,0,1.0,0.5,0.173820764730026,0.8161792352699739,330.0870599911476,669.9137846734309,0.6699132188214643,0,0
8,include,23,JPTP / PS.JP.1/PL.JP.1,0,1.0,0.5,0.612468364894367,0.37753163510563303,660.0268676842825,339.973976980296,0.3399736898165626,0,0
8,include,29,JPTP / PS.WEST.3,0,1.0,0.5,0.134520168958378,0.855479831041622,276.823866658092,723.1769780064865,0.7231763671650251,0,0
9,exclude,1,RTTP/PTTP/pooled / LL.WEST.1/LL.EAST.1/LL.ALL.2/LL.OS.2/LL.ARCH.3/LL.WEST.3/LL.EAST.3/LL.OS.3/LL.ALL.5,0,1.0,0.5,0.280384951352418,0.7096150486475821,437.35284988868386,562.6479947758946,0.5626475195274647,0,0
9,exclude,6,RTTP / PHID.2/PL.ALL.2,0,1.0,0.5,0.722606975126277,0.26739302487372296,725.8665793355742,274.1342653290043,0.2741340337776962,0,0
9,exclude,7,RTTP / PS.2,1,354.5,0.4962,0.664442257262865,0.325557742737135,690.8372205222819,309.1636241422966,0.30916336300295494,0,0
9,exclude,10,RTTP / PS.WEST.3,1,739.2,0.5121,0.589548432398616,0.400451567601384,646.4395489769446,353.5612956876339,0.35356099704718336,0,0
9,exclude,13,PTTP/pooled / PHID.2/PL.ALL.2,0,1.0,0.5,0.590231695712736,0.39976830428726395,646.8452643585645,353.15558030601403,0.35315528200825663,0,0
9,exclude,14,PTTP/pooled / PS.2,1,354.5,0.4962,0.502300012818316,0.48769998718168395,593.8127350273991,406.1881096371794,0.4061877665447608,0,0
9,exclude,17,PTTP/pooled / PS.WEST.3,1,739.2,0.5121,0.783536561531795,0.20646343846820503,764.1991824383826,235.80166222619584,0.23580146305305244,0,0
9,exclude,18,PTTP/pooled / PS.EAST.3,1,231.2,0.5282,0.906237595314663,0.08376240468533702,855.5484340856851,144.45241057889336,0.14445228856516193,0,0
9,exclude,19,JPTP / LL.WEST.1,0,1.0,0.5,0.713928270926516,0.276071729073484,720.5712502779485,279.42959438663,0.27942935836254884,0,0
9,exclude,20,JPTP / LL.EAST.1/LL.ALL.2/LL.OS.2/LL.ARCH.3/LL.WEST.3/LL.EAST.3/LL.OS.3/LL.ALL.5,0,1.0,0.5,0.179041488778786,0.810958511221214,336.394129380805,663.6067152837735,0.6636061547591605,0,0
9,exclude,23,JPTP / PS.JP.1/PL.JP.1,0,1.0,0.5,0.989999998541571,1.4584290441987946e-09,999.98223736898,0.018607295598485507,1.860727988157529e-05,1,1
9,exclude,29,JPTP / PS.WEST.3,0,1.0,0.5,0.204167064855912,0.785832935144088,364.84328338306034,635.1575612815182,0.6351570247868775,0,0
10,exclude,1,RTTP/PTTP/pooled / LL.WEST.1/LL.EAST.1/LL.ALL.2/LL.OS.2/LL.ARCH.3/LL.WEST.3/LL.EAST.3/LL.OS.3/LL.ALL.5,0,1.0,0.5,0.38182869770629,0.60817130229371,515.1700529347304,484.8307917298481,0.48483038221079766,0,0
10,exclude,6,RTTP / PHID.2/PL.ALL.2,0,1.0,0.5,0.793112913993562,0.196887086006438,770.4735456442805,229.52729902029796,0.22952710514688243,0,0
10,exclude,7,RTTP / PS.2,1,354.5,0.4962,0.65733034379612,0.33266965620388,686.6081264014732,313.3927182631053,0.3133924535516006,0,0
10,exclude,10,RTTP / PS.WEST.3,1,739.2,0.5121,0.576159383024191,0.413840616975809,638.4770987245591,361.52374594001935,0.3615234405739748,0,0
10,exclude,13,PTTP/pooled / PHID.2/PL.ALL.2,0,1.0,0.5,0.662247356956673,0.32775264304332696,689.5312367216991,310.4696079428794,0.3104693457004204,0,0
10,exclude,14,PTTP/pooled / PS.2,1,354.5,0.4962,0.509767883510887,0.480232116489113,598.4087792518653,401.59206541271317,0.401591726202407,0,0
10,exclude,17,PTTP/pooled / PS.WEST.3,1,739.2,0.5121,0.804987041285525,0.18501295871447498,778.3796281783352,221.62121648624327,0.22162102929080998,0,0
10,exclude,18,PTTP/pooled / PS.EAST.3,1,231.2,0.5282,0.920664181398801,0.06933581860119897,869.1368738544331,130.86397081014536,0.13086386027407798,0,0
10,exclude,19,JPTP / LL.WEST.1,0,1.0,0.5,0.963513486636703,0.026486513363296993,920.1139284101774,79.88691625440106,0.07988684877680961,0,0
10,exclude,20,JPTP / LL.EAST.1/LL.ALL.2/LL.OS.2/LL.ARCH.3/LL.WEST.3/LL.EAST.3/LL.OS.3/LL.ALL.5,0,1.0,0.5,0.22867488446328,0.76132511553672,390.07716001674373,609.9236846478348,0.6099231694673379,0,0
10,exclude,23,JPTP / PS.JP.1/PL.JP.1,0,1.0,0.5,0.989999999093969,9.060310279807027e-10,999.9861786445899,0.014666019988567314,1.4666007600710185e-05,1,1
10,exclude,29,JPTP / PS.WEST.3,0,1.0,0.5,0.160849507514129,0.829150492485871,313.7229974094863,686.2778472550922,0.6862772675809933,0,0
11,exclude,1,RTTP/PTTP/pooled / LL.WEST.1/LL.EAST.1/LL.ALL.2/LL.OS.2/LL.ARCH.3/LL.WEST.3/LL.EAST.3/LL.OS.3/LL.ALL.5,0,1.0,0.5,0.257307709621743,0.732692290378257,417.10731144453786,582.8935332200406,0.5828930408709359,0,0
11,exclude,6,RTTP / PHID.2/PL.ALL.2,0,1.0,0.5,0.762072933823794,0.22792706617620595,750.4184828510365,249.58236181354198,0.2495821510003396,0,0
11,exclude,7,RTTP / PS.2,1,354.5,0.4962,0.660472767271178,0.329527232728822,688.4758702809986,311.5249743835799,0.31152471124969094,0,0
11,exclude,10,RTTP / PS.WEST.3,1,739.2,0.5121,0.616633014207114,0.37336698579288596,662.492516002876,337.50832866170254,0.33750804358061315,0,0
11,exclude,13,PTTP/pooled / PHID.2/PL.ALL.2,0,1.0,0.5,0.56157071180235,0.42842928819765,629.7682542546734,370.23259040990513,0.37023227768781436,0,0
11,exclude,14,PTTP/pooled / PS.2,1,354.5,0.4962,0.500879902501402,0.48912009749859797,592.9361245698283,407.0647200947502,0.4070643762618904,0,0
11,exclude,17,PTTP/pooled / PS.WEST.3,1,739.2,0.5121,0.839694040334373,0.150305959665627,802.4835034171609,197.51734124741756,0.1975171744116567,0,0
11,exclude,18,PTTP/pooled / PS.EAST.3,1,231.2,0.5282,0.929041904610743,0.060958095389257005,877.5987474978159,122.40209716676259,0.1224019937781341,0,0
11,exclude,19,JPTP / LL.WEST.1,0,1.0,0.5,0.989999986999543,1.3000457044221037e-08,999.9452900813404,0.05555458323806306,5.555453631311406e-05,1,1
11,exclude,20,JPTP / LL.EAST.1/LL.ALL.2/LL.OS.2/LL.ARCH.3/LL.WEST.3/LL.EAST.3/LL.OS.3/LL.ALL.5,0,1.0,0.5,0.266611307887724,0.723388692112276,425.4178348514025,574.583009813176,0.5745825244836701,0,0
11,exclude,23,JPTP / PS.JP.1/PL.JP.1,0,1.0,0.5,0.989999998440776,1.5592239721584633e-09,999.9816051174529,0.019239547125607714,1.9239530874657476e-05,1,1
11,exclude,29,JPTP / PS.WEST.3,0,1.0,0.5,0.416991145367763,0.5730088546322369,539.2166881898976,460.7841564746809,0.46078376726695436,0,0
12,exclude,1,RTTP/PTTP/pooled / LL.WEST.1/LL.EAST.1/LL.ALL.2/LL.OS.2/LL.ARCH.3/LL.WEST.3/LL.EAST.3/LL.OS.3/LL.ALL.5,0,1.0,0.5,0.306547602269591,0.683452397730409,458.95615966832816,541.0446849962503,0.5410442279953556,0,0
12,exclude,6,RTTP / PHID.2/PL.ALL.2,0,1.0,0.5,0.915341462222814,0.07465853777718601,863.9930014742944,136.00784319028412,0.1360077283093736,0,0
12,exclude,7,RTTP / PS.2,1,354.5,0.4962,0.659695411471645,0.330304588528355,688.0137116170142,311.98713304756427,0.3119868695233066,0,0
12,exclude,10,RTTP / PS.WEST.3,1,739.2,0.5121,0.611117193043008,0.37888280695699195,659.2267969356633,340.7740477289152,0.34077375988939096,0,0
12,exclude,13,PTTP/pooled / PHID.2/PL.ALL.2,0,1.0,0.5,0.82004825104505,0.16995174895495002,788.6383213585458,211.3625233060327,0.21136234477574684,0,0
12,exclude,14,PTTP/pooled / PS.2,1,354.5,0.4962,0.50146100858546,0.48853899141453994,593.2949352335534,406.70590943102513,0.40670556590123974,0,0
12,exclude,17,PTTP/pooled / PS.WEST.3,1,739.2,0.5121,0.857307582187031,0.13269241781296903,815.4471517942826,184.5536928702959,0.18455353698446036,0,0
12,exclude,18,PTTP/pooled / PS.EAST.3,1,231.2,0.5282,0.937617819132526,0.05238218086747404,886.8181351627841,113.18270950179442,0.11318261390044956,0,0
12,exclude,19,JPTP / LL.WEST.1,0,1.0,0.5,0.989999996063856,3.936143966321026e-09,999.9702760269871,0.030568637591386505,3.0568611771162926e-05,1,1
12,exclude,20,JPTP / LL.EAST.1/LL.ALL.2/LL.OS.2/LL.ARCH.3/LL.WEST.3/LL.EAST.3/LL.OS.3/LL.ALL.5,0,1.0,0.5,0.367741479715846,0.622258520284154,505.1958525677013,494.8049920968772,0.4948045741529801,0,0
12,exclude,23,JPTP / PS.JP.1/PL.JP.1,0,1.0,0.5,0.989999998565001,1.4349990085094078e-09,999.9823874416418,0.0184572229367177,1.8457207346568436e-05,1,1
12,exclude,29,JPTP / PS.WEST.3,0,1.0,0.5,0.39695736366713,0.59304263633287,525.655191338353,474.3456533262255,0.47434525266359256,0,0
14,include,1,RTTP/PTTP/pooled / LL.WEST.1/LL.EAST.1/LL.ALL.2/LL.OS.2/LL.ARCH.3/LL.WEST.3/LL.EAST.3/LL.OS.3/LL.ALL.5,0,1.0,0.5,0.207964374796058,0.782035625203942,368.90012938175107,631.1007152828274,0.631100182214858,0,0
14,include,6,RTTP / PHID.2/PL.ALL.2,0,1.0,0.5,0.28914531155512,0.70085468844488,444.7333715955395,555.2674730690389,0.555267004054669,0,0
14,include,7,RTTP / PS.2,1,354.5,0.4962,0.496214962497131,0.493785037502869,590.05041041155,409.95043425302845,0.40995008798271015,0,0
14,include,10,RTTP / PS.WEST.3,1,739.2,0.5121,0.550407792534292,0.43959220746570804,623.0748170263486,376.9260276382299,0.37692570926243457,0,0
14,include,13,PTTP/pooled / PHID.2/PL.ALL.2,0,1.0,0.5,0.462142177520856,0.5278578224791439,568.653297794589,431.3475468699895,0.4313471825263034,0,0
14,include,14,PTTP/pooled / PS.2,1,354.5,0.4962,0.49570807477771,0.49429192522229,589.7362748910477,410.26456977353075,0.41026422323787354,0,0
14,include,17,PTTP/pooled / PS.WEST.3,1,739.2,0.5121,0.714136869051701,0.27586313094829895,720.6981714818204,279.3026731827581,0.27930243726588266,0,0
14,include,18,PTTP/pooled / PS.EAST.3,1,231.2,0.5282,0.729939191814359,0.26006080818564103,730.3656701926233,269.6351744719552,0.26963494672086663,0,0
14,include,19,JPTP / LL.WEST.1,0,1.0,0.5,0.989999457228989,5.427710110250672e-07,999.641882257357,0.3589624072214974,0.00035896210401892314,1,1
14,include,20,JPTP / LL.EAST.1/LL.ALL.2/LL.OS.2/LL.ARCH.3/LL.WEST.3/LL.EAST.3/LL.OS.3/LL.ALL.5,0,1.0,0.5,0.230334752003033,0.759665247996967,391.71053447655606,608.2903101880224,0.608289796387178,0,0
14,include,23,JPTP / PS.JP.1/PL.JP.1,0,1.0,0.5,0.9899999984031,1.5968999456106303e-09,999.9813740558853,0.019470608693154645,1.9470592247035053e-05,1,1
14,include,29,JPTP / PS.WEST.3,0,1.0,0.5,0.126823192626223,0.863176807373777,264.88318159223076,735.1176630723478,0.7351170421450213,0,0
15,exclude,1,RTTP/PTTP/pooled / LL.WEST.1/LL.EAST.1/LL.ALL.2/LL.OS.2/LL.ARCH.3/LL.WEST.3/LL.EAST.3/LL.OS.3/LL.ALL.5,0,1.0,0.5,0.214991921471934,0.775008078528066,376.2595111626218,623.7413335019567,0.6237408066501912,0,0
15,exclude,6,RTTP / PHID.2/PL.ALL.2,0,1.0,0.5,0.520590399968706,0.46940960003129395,605.030853462978,394.96999120160046,0.39496965758472113,0,0
15,exclude,7,RTTP / PS.2,1,354.5,0.4962,0.656823503198417,0.333176496801583,686.3070020076715,313.693842656907,0.31369357769105344,0,0
15,exclude,10,RTTP / PS.WEST.3,1,739.2,0.5121,0.530951489770925,0.459048510229075,611.3316903325953,388.66915433198324,0.3886688260371931,0,0
15,exclude,13,PTTP/pooled / PHID.2/PL.ALL.2,0,1.0,0.5,0.452486073351209,0.5375139266487909,562.4729796340023,437.5278650305762,0.4375274954665987,0,0
15,exclude,14,PTTP/pooled / PS.2,1,354.5,0.4962,0.503784509596559,0.48621549040344103,594.728180741565,405.2726639230135,0.4052723216038388,0,0
15,exclude,17,PTTP/pooled / PS.WEST.3,1,739.2,0.5121,0.673309918350335,0.31669008164966495,696.1217744261403,303.8790702384382,0.30387881356276825,0,0
15,exclude,18,PTTP/pooled / PS.EAST.3,1,231.2,0.5282,0.717226019237405,0.27277398076259496,722.5797595967773,277.4210850678012,0.2774208507402352,0,0
15,exclude,19,JPTP / LL.WEST.1,0,1.0,0.5,0.484447432329499,0.505552567670501,582.7271024635124,417.27374220106606,0.4172733897450142,0,0
15,exclude,20,JPTP / LL.EAST.1/LL.ALL.2/LL.OS.2/LL.ARCH.3/LL.WEST.3/LL.EAST.3/LL.OS.3/LL.ALL.5,0,1.0,0.5,0.104089053337305,0.885910946662695,225.52907096580702,774.4717736987715,0.7744711195304498,0,0
15,exclude,23,JPTP / PS.JP.1/PL.JP.1,0,1.0,0.5,0.989999998532615,1.4673849912938408e-09,999.9821803245882,0.018664339990323242,1.866432422522969e-05,1,1
15,exclude,29,JPTP / PS.WEST.3,0,1.0,0.5,0.110183623006562,0.879816376993438,236.76511820046613,763.2357264641123,0.7632350817864737,0,0
18,exclude,1,RTTP/PTTP/pooled / LL.WEST.1/LL.EAST.1/LL.ALL.2/LL.OS.2/LL.ARCH.3/LL.WEST.3/LL.EAST.3/LL.OS.3/LL.ALL.5,0,1.0,0.5,0.234120424123685,0.755879575876315,395.40309656013505,604.5977481044434,0.6045972374225728,0,0
18,exclude,6,RTTP / PHID.2/PL.ALL.2,0,1.0,0.5,0.622882401597758,0.367117598402242,666.1918193975476,333.80902526703085,0.3338087433106094,0,0
18,exclude,7,RTTP / PS.2,1,354.5,0.4962,0.65644805337692,0.33355194662307996,686.0839608070082,313.91688385757027,0.3139166187033218,0,0
18,exclude,10,RTTP / PS.WEST.3,1,739.2,0.5121,0.570964304981647,0.419035695018353,635.3803062929187,364.6205383716598,0.3646202303898666,0,0
18,exclude,13,PTTP/pooled / PHID.2/PL.ALL.2,0,1.0,0.5,0.501087266992865,0.488912733007135,593.0641806907466,406.93666397383186,0.40693632024913645,0,0
18,exclude,14,PTTP/pooled / PS.2,1,354.5,0.4962,0.500191864100091,0.489808135899909,592.5111006719626,407.4897439926159,0.40748939980075377,0,0
18,exclude,17,PTTP/pooled / PS.WEST.3,1,739.2,0.5121,0.742632468631247,0.247367531368753,738.2162678519244,261.7845768126541,0.26178435569268166,0,0
18,exclude,18,PTTP/pooled / PS.EAST.3,1,231.2,0.5282,0.866911091481792,0.12308890851820797,822.7824062990986,177.21843836547987,0.17721828867546877,0,0
18,exclude,19,JPTP / LL.WEST.1,0,1.0,0.5,0.575904312391271,0.41409568760872895,638.3251556604213,361.6756890041572,0.36167538350977185,0,0
18,exclude,20,JPTP / LL.EAST.1/LL.ALL.2/LL.OS.2/LL.ARCH.3/LL.WEST.3/LL.EAST.3/LL.OS.3/LL.ALL.5,0,1.0,0.5,0.136874776970432,0.8531252230295681,280.36015644628134,719.6406882182971,0.719640080363812,0,0
18,exclude,23,JPTP / PS.JP.1/PL.JP.1,0,1.0,0.5,0.989999998391089,1.60891100442484e-09,999.9813009727139,0.019543691864555512,1.9543675356705204e-05,1,1
18,exclude,29,JPTP / PS.WEST.3,0,1.0,0.5,0.172377471411152,0.817622528588848,328.316451959599,671.6843927049795,0.6716838253574442,0,0
19,exclude,1,RTTP/PTTP/pooled / LL.WEST.1/LL.EAST.1/LL.ALL.2/LL.OS.2/LL.ARCH.3/LL.WEST.3/LL.EAST.3/LL.OS.3/LL.ALL.5,0,1.0,0.5,0.309598950494367,0.680401049505633,461.394121990543,538.6067226740355,0.5386062677323994,0,0
19,exclude,6,RTTP / PHID.2/PL.ALL.2,0,1.0,0.5,0.907796002199291,0.08220399780070897,856.9650711237584,143.03577354082006,0.14303565272367075,0,0
19,exclude,7,RTTP / PS.2,1,354.5,0.4962,0.667206561041306,0.32279343895869395,692.4830959460131,307.5177487185654,0.30751748896943515,0,0
19,exclude,10,RTTP / PS.WEST.3,1,739.2,0.5121,0.613952563200613,0.376047436799387,660.9056332047974,339.0952114597811,0.3390949250383092,0,0
19,exclude,13,PTTP/pooled / PHID.2/PL.ALL.2,0,1.0,0.5,0.728767171324022,0.26123282867597797,729.6448526685534,270.35599199602507,0.27035576363608793,0,0
19,exclude,14,PTTP/pooled / PS.2,1,354.5,0.4962,0.501262757950184,0.48873724204981595,593.1725392599325,406.828305404646,0.4068279617714772,0,0
19,exclude,17,PTTP/pooled / PS.WEST.3,1,739.2,0.5121,0.847600801929346,0.14239919807065404,808.2309646742374,191.7698799903411,0.19176971800925308,0,0
19,exclude,18,PTTP/pooled / PS.EAST.3,1,231.2,0.5282,0.943989826097285,0.046010173902715,894.1206680774953,105.88017658708316,0.10588008715392397,0,0
19,exclude,19,JPTP / LL.WEST.1,0,1.0,0.5,0.989999995260158,4.7398419633637445e-09,999.9673000725074,0.03354459207105265,3.354456373714786e-05,1,1
19,exclude,20,JPTP / LL.EAST.1/LL.ALL.2/LL.OS.2/LL.ARCH.3/LL.WEST.3/LL.EAST.3/LL.OS.3/LL.ALL.5,0,1.0,0.5,0.374844337363533,0.6151556626364669,510.2515944751208,489.7492501894577,0.4897488365159631,0,0
19,exclude,23,JPTP / PS.JP.1/PL.JP.1,0,1.0,0.5,0.989999998434498,1.5655019502958112e-09,999.9815664226503,0.019278241928191164,1.9278225644556826e-05,1,1
19,exclude,29,JPTP / PS.WEST.3,0,1.0,0.5,0.439588824505935,0.550411175494065,554.1258401948244,445.8750044697541,0.4458746278552495,0,0
21,exclude,1,RTTP/PTTP/pooled / LL.WEST.1/LL.EAST.1/LL.ALL.2/LL.OS.2/LL.ARCH.3/LL.WEST.3/LL.EAST.3/LL.OS.3/LL.ALL.5,0,1.0,0.5,0.338770494739149,0.651229505260851,483.9541872259939,516.0466574385846,0.5160462215526204,0,0
21,exclude,6,RTTP / PHID.2/PL.ALL.2,0,1.0,0.5,0.855820530977465,0.13417946902253497,814.3293780408478,185.67146662373068,0.18567130979375204,0,0
21,exclude,7,RTTP / PS.2,1,354.5,0.4962,0.658321778566315,0.33167822143368497,687.1972552002363,312.80358946434217,0.3128033252504533,0,0
21,exclude,10,RTTP / PS.WEST.3,1,739.2,0.5121,0.612244438304557,0.377755561695443,659.8942785165347,340.10656614804384,0.34010627887231715,0,0
21,exclude,13,PTTP/pooled / PHID.2/PL.ALL.2,0,1.0,0.5,0.73879000821851,0.25120999178148995,735.8309180304813,264.16992663409724,0.26416970349930596,0,0
21,exclude,14,PTTP/pooled / PS.2,1,354.5,0.4962,0.506731978633746,0.483268021366254,596.543091907245,403.45775275733354,0.4034574119711487,0,0
21,exclude,17,PTTP/pooled / PS.WEST.3,1,739.2,0.5121,0.824819443819156,0.16518055618084404,791.9487424420815,208.05210222249696,0.20805192648840418,0,0
21,exclude,18,PTTP/pooled / PS.EAST.3,1,231.2,0.5282,0.931104809491444,0.05889519050855596,879.760188285943,120.24065637863555,0.120240554815698,0,0
21,exclude,19,JPTP / LL.WEST.1,0,1.0,0.5,0.989987795235996,1.2204764003986845e-05,998.2986597291659,1.7021849354125607,0.001702183497638454,1,1
21,exclude,20,JPTP / LL.EAST.1/LL.ALL.2/LL.OS.2/LL.ARCH.3/LL.WEST.3/LL.EAST.3/LL.OS.3/LL.ALL.5,0,1.0,0.5,0.237493632042698,0.752506367957302,398.656045566565,601.3447990980135,0.6013442911637913,0,0
21,exclude,23,JPTP / PS.JP.1/PL.JP.1,0,1.0,0.5,0.989999998411071,1.5889289883830315e-09,999.9814227114618,0.019421953116648183,1.9421936711626196e-05,1,1
21,exclude,29,JPTP / PS.WEST.3,0,1.0,0.5,0.32039975435587,0.66960024564413,469.8996048980412,530.1012397665372,0.5301007920091751,0,0
22,include,1,RTTP/PTTP/pooled / LL.WEST.1/LL.EAST.1/LL.ALL.2/LL.OS.2/LL.ARCH.3/LL.WEST.3/LL.EAST.3/LL.OS.3/LL.ALL.5,0,1.0,0.5,0.280853320723126,0.7091466792768739,437.75143475432685,562.2494099102516,0.5622489349984919,0,0
22,include,6,RTTP / PHID.2/PL.ALL.2,0,1.0,0.5,0.441843130319067,0.5481568696809329,555.5928319583918,444.4080127061867,0.444407637330797,0,0
22,include,7,RTTP / PS.2,1,354.5,0.4962,0.525076122250134,0.464923877749866,607.7631598659933,392.2376847985852,0.3922373534895863,0,0
22,include,10,RTTP / PS.WEST.3,1,739.2,0.5121,0.594323564243606,0.395676435756394,649.2739188910602,350.72692577351825,0.35072662952715755,0,0
22,include,13,PTTP/pooled / PHID.2/PL.ALL.2,0,1.0,0.5,0.799470552754527,0.19052944724547294,774.6881913433411,225.31265332123735,0.22531246300778077,0,0
22,include,14,PTTP/pooled / PS.2,1,354.5,0.4962,0.501754440668524,0.48824555933147595,593.4760636697686,406.52478099480993,0.4065244376180172,0,0
22,include,17,PTTP/pooled / PS.WEST.3,1,739.2,0.5121,0.812045084624748,0.177954915375252,783.152664337314,216.84818032726446,0.21684799716344233,0,0
22,include,18,PTTP/pooled / PS.EAST.3,1,231.2,0.5282,0.883367947471389,0.10663205252861097,835.8876253670862,164.11321929749226,0.16411308067698616,0,0
22,include,19,JPTP / LL.WEST.1,0,1.0,0.5,0.793377739839447,0.19662226016055295,770.6482939794988,229.35255068507968,0.22935235695926776,0,0
22,include,20,JPTP / LL.EAST.1/LL.ALL.2/LL.OS.2/LL.ARCH.3/LL.WEST.3/LL.EAST.3/LL.OS.3/LL.ALL.5,0,1.0,0.5,0.204540785322752,0.785459214677248,365.2451311742411,634.7557134903374,0.6347551773351231,0,0
22,include,23,JPTP / PS.JP.1/PL.JP.1,0,1.0,0.5,0.989999997123701,2.876298976772773e-09,999.9747135720861,0.026131092492391872,2.613107042040229e-05,1,1
22,include,29,JPTP / PS.WEST.3,0,1.0,0.5,0.136802991475351,0.853197008524649,280.2531115659538,719.7477330986246,0.7197471251537225,0,0
23,exclude,1,RTTP/PTTP/pooled / LL.WEST.1/LL.EAST.1/LL.ALL.2/LL.OS.2/LL.ARCH.3/LL.WEST.3/LL.EAST.3/LL.OS.3/LL.ALL.5,0,1.0,0.5,0.318846923148834,0.671153076851166,468.6883393135212,531.3125053510573,0.531312056570583,0,0
23,exclude,6,RTTP / PHID.2/PL.ALL.2,0,1.0,0.5,0.914316869085002,0.07568313091499801,863.0213336757105,136.97951098886801,0.13697939528722483,0,0
23,exclude,7,RTTP / PS.2,1,354.5,0.4962,0.675723583601121,0.31427641639887904,697.5626985240758,302.4381461405027,0.3024378906819292,0,0
23,exclude,10,RTTP / PS.WEST.3,1,739.2,0.5121,0.618214209718252,0.37178579028174796,663.4285420978492,336.57230256672926,0.3365720182762673,0,0
23,exclude,13,PTTP/pooled / PHID.2/PL.ALL.2,0,1.0,0.5,0.825612717039747,0.16438728296025296,792.5022010117843,207.49864365279416,0.20749846838618782,0,0
23,exclude,14,PTTP/pooled / PS.2,1,354.5,0.4962,0.499577845430332,0.490422154569668,592.1316293482923,407.86921531628616,0.40786887080389833,0,0
23,exclude,17,PTTP/pooled / PS.WEST.3,1,739.2,0.5121,0.86637132702378,0.12362867297622004,822.3645108912682,177.6363337733103,0.17763618373031803,0,0
23,exclude,18,PTTP/pooled / PS.EAST.3,1,231.2,0.5282,0.945983400853603,0.044016599146396995,896.4993933127297,103.5014513518488,0.10350136392791287,0,0
23,exclude,19,JPTP / LL.WEST.1,0,1.0,0.5,0.989999995014706,4.98529395542846e-09,999.9664424815801,0.034402182998405806,3.440215394012495e-05,1,1
23,exclude,20,JPTP / LL.EAST.1/LL.ALL.2/LL.OS.2/LL.ARCH.3/LL.WEST.3/LL.EAST.3/LL.OS.3/LL.ALL.5,0,1.0,0.5,0.484172660788628,0.505827339211372,582.5553148074549,417.4455298571236,0.41744517725596886,0,0
23,exclude,23,JPTP / PS.JP.1/PL.JP.1,0,1.0,0.5,0.989999998263974,1.7360259896292973e-09,999.9805436034853,0.020301061093164208,2.030104394559148e-05,1,1
23,exclude,29,JPTP / PS.WEST.3,0,1.0,0.5,0.467012689001879,0.522987310998121,571.7496427567554,428.2512019078231,0.42825084017950765,0,0
24,exclude,1,RTTP/PTTP/pooled / LL.WEST.1/LL.EAST.1/LL.ALL.2/LL.OS.2/LL.ARCH.3/LL.WEST.3/LL.EAST.3/LL.OS.3/LL.ALL.5,0,1.0,0.5,0.35183703666512,0.63816296333488,493.664529007215,506.3363156573635,0.5063358879733741,0,0
24,exclude,6,RTTP / PHID.2/PL.ALL.2,0,1.0,0.5,0.743948383877934,0.24605161612206594,739.0350379462913,260.96580671828724,0.2609655862899003,0,0
24,exclude,7,RTTP / PS.2,1,354.5,0.4962,0.657651776058668,0.332348223941332,686.7991131808957,313.2017314836828,0.31320146693349776,0,0
24,exclude,10,RTTP / PS.WEST.3,1,739.2,0.5121,0.569573180925385,0.420426819074615,634.5502601606399,365.45058450393856,0.3654502758210354,0,0
24,exclude,13,PTTP/pooled / PHID.2/PL.ALL.2,0,1.0,0.5,0.619188095502883,0.370811904497117,664.0050369580426,335.99580770653586,0.3359955239030183,0,0
24,exclude,14,PTTP/pooled / PS.2,1,354.5,0.4962,0.508681089096295,0.48131891090370504,597.7413222149181,402.2595224496604,0.4022591826755774,0,0
24,exclude,17,PTTP/pooled / PS.WEST.3,1,739.2,0.5121,0.78186330085236,0.20813669914764,763.1114302622501,236.88941440232838,0.23688921431040003,0,0
24,exclude,18,PTTP/pooled / PS.EAST.3,1,231.2,0.5282,0.884180549944901,0.10581945005509896,836.5546846069673,163.44616005761122,0.16344602200054595,0,0
24,exclude,19,JPTP / LL.WEST.1,0,1.0,0.5,0.836901016409183,0.15309898359081697,800.4789326094228,199.52191205515567,0.19952174352620627,0,0
24,exclude,20,JPTP / LL.EAST.1/LL.ALL.2/LL.OS.2/LL.ARCH.3/LL.WEST.3/LL.EAST.3/LL.OS.3/LL.ALL.5,0,1.0,0.5,0.208620825617191,0.781379174382809,369.5956206352407,630.4052240293378,0.6304046915488247,0,0
24,exclude,23,JPTP / PS.JP.1/PL.JP.1,0,1.0,0.5,0.989999999037346,9.626539565488201e-10,999.9857273121713,0.015117352407173712,1.5117339638092398e-05,1,1
24,exclude,29,JPTP / PS.WEST.3,0,1.0,0.5,0.150161487279699,0.839838512720301,299.40220977941857,700.59863488516,0.7005980431148092,0,0
25,include,1,RTTP/PTTP/pooled / LL.WEST.1/LL.EAST.1/LL.ALL.2/LL.OS.2/LL.ARCH.3/LL.WEST.3/LL.EAST.3/LL.OS.3/LL.ALL.5,0,1.0,0.5,0.21168723786085,0.77831276213915,372.8222076147375,627.178637049841,0.6271781072947094,0,0
25,include,6,RTTP / PHID.2/PL.ALL.2,0,1.0,0.5,0.336606532183206,0.653393467816794,482.32394276171453,517.676901902864,0.5176764646398911,0,0
25,include,7,RTTP / PS.2,1,354.5,0.4962,0.521765831859211,0.468234168140789,605.7474979618248,394.2533467027537,0.39425301369119803,0,0
25,include,10,RTTP / PS.WEST.3,1,739.2,0.5121,0.550198802861577,0.43980119713842303,622.949223786276,377.0516208783025,0.3770513023964231,0,0
25,include,13,PTTP/pooled / PHID.2/PL.ALL.2,0,1.0,0.5,0.444629436772835,0.545370563227165,557.4012537218317,442.5995909427468,0.4425992170948656,0,0
25,include,14,PTTP/pooled / PS.2,1,354.5,0.4962,0.501981630634744,0.488018369365256,593.6162773902655,406.384567274313,0.4063842240159537,0,0
25,include,17,PTTP/pooled / PS.WEST.3,1,739.2,0.5121,0.704935277285635,0.285064722714365,715.1148283049477,284.88601635963084,0.28488577572670715,0,0
25,include,18,PTTP/pooled / PS.EAST.3,1,231.2,0.5282,0.768410566225356,0.22158943377464402,754.4505531378305,245.55029152674797,0.24555008411928966,0,0
25,include,19,JPTP / LL.WEST.1,0,1.0,0.5,0.432164105453824,0.557835894546176,549.2690568675987,450.7317877969798,0.4507314070801258,0,0
25,include,20,JPTP / LL.EAST.1/LL.ALL.2/LL.OS.2/LL.ARCH.3/LL.WEST.3/LL.EAST.3/LL.OS.3/LL.ALL.5,0,1.0,0.5,0.11075001114403,0.8792499888559699,237.78131698764682,762.2195276769316,0.7622188838576394,0,0
25,include,23,JPTP / PS.JP.1/PL.JP.1,0,1.0,0.5,0.989999998376497,1.6235029987043958e-09,999.9812125474685,0.01963211710994983,1.9632100527409914e-05,1,1
25,include,29,JPTP / PS.WEST.3,0,1.0,0.5,0.128517543782971,0.861482456217029,267.5639617138054,732.4368829507731,0.7324362642878046,0,0
27,include,1,RTTP/PTTP/pooled / LL.WEST.1/LL.EAST.1/LL.ALL.2/LL.OS.2/LL.ARCH.3/LL.WEST.3/LL.EAST.3/LL.OS.3/LL.ALL.5,0,1.0,0.5,0.268393630263916,0.7216063697360839,426.98627739304726,573.0145672715312,0.573014083266832,0,0
27,include,6,RTTP / PHID.2/PL.ALL.2,0,1.0,0.5,0.406257806005375,0.583742193994625,531.9942652418885,468.00657942269004,0.4680061841144438,0,0
27,include,7,RTTP / PS.2,1,354.5,0.4962,0.520707846286617,0.46929215371338295,605.1024807372277,394.89836392735083,0.39489803037097243,0,0
27,include,10,RTTP / PS.WEST.3,1,739.2,0.5121,0.59038193539844,0.39961806460156,646.9344682150219,353.0663764495566,0.3530660782271465,0,0
27,include,13,PTTP/pooled / PHID.2/PL.ALL.2,0,1.0,0.5,0.755507191220325,0.23449280877967504,746.2707144454364,253.7301302191421,0.2537299159024696,0,0
27,include,14,PTTP/pooled / PS.2,1,354.5,0.4962,0.501047481561668,0.488952518438332,593.0396129700285,406.96123169454995,0.40696088794910307,0,0
27,include,17,PTTP/pooled / PS.WEST.3,1,739.2,0.5121,0.782890698475838,0.20710930152416196,763.7790298395552,236.22181482502333,0.2362216152969922,0,0
27,include,18,PTTP/pooled / PS.EAST.3,1,231.2,0.5282,0.838779634368553,0.15122036563144703,801.8258051473485,198.17503951722995,0.19817487212593513,0,0
27,include,19,JPTP / LL.WEST.1,0,1.0,0.5,0.731150739964331,0.258849260035669,731.1114857280307,268.88935893654775,0.26888913181542257,0,0
27,include,20,JPTP / LL.EAST.1/LL.ALL.2/LL.OS.2/LL.ARCH.3/LL.WEST.3/LL.EAST.3/LL.OS.3/LL.ALL.5,0,1.0,0.5,0.182109279686122,0.807890720313878,340.0315395677949,659.9693050967836,0.6599687476445596,0,0
27,include,23,JPTP / PS.JP.1/PL.JP.1,0,1.0,0.5,0.989999996768612,3.2313880460321798e-09,999.9731475095415,0.02769715503700354,2.7697131642217515e-05,1,1
27,include,29,JPTP / PS.WEST.3,0,1.0,0.5,0.134804099732682,0.855195900267318,277.2530693172057,722.7477753473728,0.7227471648684434,0,0
29,include,1,RTTP/PTTP/pooled / LL.WEST.1/LL.EAST.1/LL.ALL.2/LL.OS.2/LL.ARCH.3/LL.WEST.3/LL.EAST.3/LL.OS.3/LL.ALL.5,0,1.0,0.5,0.250234633296008,0.7397653667039921,410.64362008958665,589.3572245749918,0.5893567267662406,0,0
29,include,6,RTTP / PHID.2/PL.ALL.2,0,1.0,0.5,0.43194602808489,0.55805397191511,549.1258076139364,450.87503705064205,0.4508746562127906,0,0
29,include,7,RTTP / PS.2,1,354.5,0.4962,0.517176526627213,0.47282347337278696,602.9466692283152,397.05417543626334,0.3970538400589489,0,0
29,include,10,RTTP / PS.WEST.3,1,739.2,0.5121,0.597247693488488,0.39275230651151194,651.0084612988696,348.99238336570886,0.34899208858445346,0,0
29,include,13,PTTP/pooled / PHID.2/PL.ALL.2,0,1.0,0.5,0.767983720607443,0.22201627939255697,754.178071278165,245.82277338641347,0.2458225657487996,0,0
29,include,14,PTTP/pooled / PS.2,1,354.5,0.4962,0.501421053873146,0.48857894612685404,593.2702693392968,406.73057532528173,0.40673023177466194,0,0
29,include,17,PTTP/pooled / PS.WEST.3,1,739.2,0.5121,0.797922855883702,0.19207714411629795,773.6583740399194,226.3424706246591,0.22634227944135302,0,0
29,include,18,PTTP/pooled / PS.EAST.3,1,231.2,0.5282,0.830525956046194,0.15947404395380604,795.9503537754557,204.05049088912278,0.2040503185350465,0,0
29,include,19,JPTP / LL.WEST.1,0,1.0,0.5,0.705947862890535,0.284052137109465,715.7277637695397,284.2730808950388,0.28427284077983955,0,0
29,include,20,JPTP / LL.EAST.1/LL.ALL.2/LL.OS.2/LL.ARCH.3/LL.WEST.3/LL.EAST.3/LL.OS.3/LL.ALL.5,0,1.0,0.5,0.169942656505719,0.820057343494281,325.3020089966409,674.6988356679376,0.6746982657742113,0,0
29,include,23,JPTP / PS.JP.1/PL.JP.1,0,1.0,0.5,0.989999996646878,3.353122002280884e-09,999.9726306243068,0.02821404027167773,2.8214016440297428e-05,1,1
29,include,29,JPTP / PS.WEST.3,0,1.0,0.5,0.14399009554414,0.84600990445586,290.74182227966986,709.2590223849086,0.7092584232994414,0,0
30,exclude,1,RTTP/PTTP/pooled / LL.WEST.1/LL.EAST.1/LL.ALL.2/LL.OS.2/LL.ARCH.3/LL.WEST.3/LL.EAST.3/LL.OS.3/LL.ALL.5,0,1.0,0.5,0.439473987042293,0.550526012957707,554.0510160622704,445.9498286023081,0.4459494519246023,0,0
30,exclude,6,RTTP / PHID.2/PL.ALL.2,0,1.0,0.5,0.896520450737575,0.09347954926242497,846.953791646043,153.0470530185355,0.15304692374522016,0,0
30,exclude,7,RTTP / PS.2,1,354.5,0.4962,0.665108640260291,0.32489135973970895,691.2338730603672,308.76697160421134,0.3087667107999077,0,0
30,exclude,10,RTTP / PS.WEST.3,1,739.2,0.5121,0.606870363521236,0.38312963647876397,656.7115995985073,343.2892450660712,0.34328895510205065,0,0
30,exclude,13,PTTP/pooled / PHID.2/PL.ALL.2,0,1.0,0.5,0.804567098471359,0.185432901528641,778.0974443646362,221.9034002999423,0.22190321286615852,0,0
30,exclude,14,PTTP/pooled / PS.2,1,354.5,0.4962,0.505076800799166,0.48492319920083404,595.5243516147889,404.4764930497896,0.40447615140311166,0,0
30,exclude,17,PTTP/pooled / PS.WEST.3,1,739.2,0.5121,0.860301077684988,0.129698922315012,817.7115169043527,182.28932776022577,0.18228917378701764,0,0
30,exclude,18,PTTP/pooled / PS.EAST.3,1,231.2,0.5282,0.98657361792925,0.003426382070749967,971.4531410086813,28.54770365589718,0.028547679542683474,0,0
30,exclude,19,JPTP / LL.WEST.1,0,1.0,0.5,0.98999999154552,8.454480004971288e-09,999.9560440433409,0.04480062123764128,4.480058339617539e-05,1,1
30,exclude,20,JPTP / LL.EAST.1/LL.ALL.2/LL.OS.2/LL.ARCH.3/LL.WEST.3/LL.EAST.3/LL.OS.3/LL.ALL.5,0,1.0,0.5,0.317882913891511,0.672117086108489,467.93446069885283,532.0663839657257,0.5320659345484773,0,0
30,exclude,23,JPTP / PS.JP.1/PL.JP.1,0,1.0,0.5,0.989999998858378,1.1416220191406978e-09,999.9843819350721,0.01646272950642924,1.646271560095651e-05,1,1
30,exclude,29,JPTP / PS.WEST.3,0,1.0,0.5,0.271785389442079,0.718214610557921,429.95083543258295,570.0500092319955,0.5700495277313515,0,0
31,exclude,1,RTTP/PTTP/pooled / LL.WEST.1/LL.EAST.1/LL.ALL.2/LL.OS.2/LL.ARCH.3/LL.WEST.3/LL.EAST.3/LL.OS.3/LL.ALL.5,0,1.0,0.5,0.25100521000578,0.73899478999422,411.354178946873,588.6466657177054,0.5886461685091376,0,0
31,exclude,6,RTTP / PHID.2/PL.ALL.2,0,1.0,0.5,0.676585345161352,0.31341465483864794,698.0774448461968,301.92339981838165,0.3019231447945958,0,0
31,exclude,7,RTTP / PS.2,1,354.5,0.4962,0.665577324759353,0.32442267524064694,691.5128919230057,308.4879527415728,0.30848769217294636,0,0
31,exclude,10,RTTP / PS.WEST.3,1,739.2,0.5121,0.5768698505089,0.41313014949109994,638.9002624240625,361.100582240516,0.3611002772319026,0,0
31,exclude,13,PTTP/pooled / PHID.2/PL.ALL.2,0,1.0,0.5,0.564768034615634,0.42523196538436603,631.6803818631421,368.3204628014364,0.3683201516944507,0,0
31,exclude,14,PTTP/pooled / PS.2,1,354.5,0.4962,0.501763787505613,0.488236212494387,593.481832642855,406.5190120217235,0.40651866864980357,0,0
31,exclude,17,PTTP/pooled / PS.WEST.3,1,739.2,0.5121,0.750543178319963,0.239456821680037,743.1533858362604,256.84745882831805,0.25684724187855074,0,0
31,exclude,18,PTTP/pooled / PS.EAST.3,1,231.2,0.5282,0.877615838207923,0.112384161792077,831.2223546380795,168.77849002649896,0.16877834746540724,0,0
31,exclude,19,JPTP / LL.WEST.1,0,1.0,0.5,0.63126142607883,0.35873857392117003,671.1519929848461,328.84885167973243,0.3288485739129904,0,0
31,exclude,20,JPTP / LL.EAST.1/LL.ALL.2/LL.OS.2/LL.ARCH.3/LL.WEST.3/LL.EAST.3/LL.OS.3/LL.ALL.5,0,1.0,0.5,0.13470468895821,0.85529531104179,277.10288310641323,722.8979615581652,0.722897350952379,0,0
31,exclude,23,JPTP / PS.JP.1/PL.JP.1,0,1.0,0.5,0.98999999837727,1.6227299504123494e-09,999.981217219007,0.01962744557147289,1.9627428992878852e-05,1,1
31,exclude,29,JPTP / PS.WEST.3,0,1.0,0.5,0.179314249427501,0.810685750572499,336.71955340922176,663.2812912553568,0.6632807310056177,0,0
32,include,1,RTTP/PTTP/pooled / LL.WEST.1/LL.EAST.1/LL.ALL.2/LL.OS.2/LL.ARCH.3/LL.WEST.3/LL.EAST.3/LL.OS.3/LL.ALL.5,0,1.0,0.5,0.227969865298247,0.762030134701753,389.3807005579246,610.6201441066539,0.610619628337883,0,0
32,include,6,RTTP / PHID.2/PL.ALL.2,0,1.0,0.5,0.407072706010978,0.582927293989022,532.5460349849496,467.45480967962885,0.4674544148374426,0,0
32,include,7,RTTP / PS.2,1,354.5,0.4962,0.526767929514399,0.463232070485601,608.791877944977,391.20896671960145,0.39120863627952357,0,0
32,include,10,RTTP / PS.WEST.3,1,739.2,0.5121,0.588970008026418,0.401029991973582,646.0960442071114,353.9048004574671,0.3539045015268705,0,0
32,include,13,PTTP/pooled / PHID.2/PL.ALL.2,0,1.0,0.5,0.971643339064825,0.018356660935174962,933.6474828018996,66.35336186267887,0.06635330581639177,0,0
32,include,14,PTTP/pooled / PS.2,1,354.5,0.4962,0.502206229940808,0.487793770059192,593.7548707780769,406.2459738865016,0.40624563074520714,0,0
32,include,17,PTTP/pooled / PS.WEST.3,1,739.2,0.5121,0.813920188569873,0.17607981143012696,784.4306843613602,215.57016030321824,0.21556997821889345,0,0
32,include,18,PTTP/pooled / PS.EAST.3,1,231.2,0.5282,0.851722476652997,0.13827752334700294,811.2723829663856,188.72846169819286,0.18872830228608095,0,0
32,include,19,JPTP / LL.WEST.1,0,1.0,0.5,0.585010147639193,0.404989852360807,643.7433479874368,356.2574966771417,0.35625719575930764,0,0
32,include,20,JPTP / LL.EAST.1/LL.ALL.2/LL.OS.2/LL.ARCH.3/LL.WEST.3/LL.EAST.3/LL.OS.3/LL.ALL.5,0,1.0,0.5,0.161157748138329,0.8288422518616709,314.1241880627459,685.8766566018326,0.6858760772666048,0,0
32,include,23,JPTP / PS.JP.1/PL.JP.1,0,1.0,0.5,0.989999991921388,8.078612001582997e-09,999.9570512329924,0.04379343158609572,4.379339459536653e-05,1,1
32,include,29,JPTP / PS.WEST.3,0,1.0,0.5,0.144425625077143,0.845574374922857,291.3631169288573,708.6377277357212,0.7086371291750392,0,0
33,include,1,RTTP/PTTP/pooled / LL.WEST.1/LL.EAST.1/LL.ALL.2/LL.OS.2/LL.ARCH.3/LL.WEST.3/LL.EAST.3/LL.OS.3/LL.ALL.5,0,1.0,0.5,0.284436889376554,0.705563110623446,440.78598141358833,559.2148632509902,0.5592143909024024,0,0
33,include,6,RTTP / PHID.2/PL.ALL.2,0,1.0,0.5,0.452545903817568,0.537454096182432,562.5114502277918,437.4893944367867,0.4374890249053039,0,0
33,include,7,RTTP / PS.2,1,354.5,0.4962,0.525872713479689,0.464127286520311,608.2476533794099,391.75319128516855,0.39175286038540386,0,0
33,include,10,RTTP / PS.WEST.3,1,739.2,0.5121,0.586168699051729,0.403831300948271,644.4318869258216,355.5689577387569,0.3555686574025068,0,0
33,include,13,PTTP/pooled / PHID.2/PL.ALL.2,0,1.0,0.5,0.757295663373592,0.232704336626408,747.397698493334,252.60314617124448,0.2526029328064947,0,0
33,include,14,PTTP/pooled / PS.2,1,354.5,0.4962,0.501145797987731,0.48885420201226903,593.1003226720369,406.9005219925416,0.406900178298374,0,0
33,include,17,PTTP/pooled / PS.WEST.3,1,739.2,0.5121,0.800780526289988,0.18921947371001202,775.5618009184332,224.43904374614533,0.22443885417059517,0,0
33,include,18,PTTP/pooled / PS.EAST.3,1,231.2,0.5282,0.887442367122376,0.10255763287762398,839.2532548387767,160.7475898258018,0.1607474540481213,0,0
33,include,19,JPTP / LL.WEST.1,0,1.0,0.5,0.817936146752551,0.172063853247449,787.1826445562992,212.81820010827926,0.2128180203484358,0,0
33,include,20,JPTP / LL.EAST.1/LL.ALL.2/LL.OS.2/LL.ARCH.3/LL.WEST.3/LL.EAST.3/LL.OS.3/LL.ALL.5,0,1.0,0.5,0.186071621194391,0.803928378805609,344.6577035170722,655.3431411475062,0.6553425876028357,0,0
33,include,23,JPTP / PS.JP.1/PL.JP.1,0,1.0,0.5,0.989999998408834,1.5911659767553488e-09,999.9814090474705,0.01943561710800168,1.9435600691438213e-05,1,1
33,include,29,JPTP / PS.WEST.3,0,1.0,0.5,0.133592238984128,0.856407761015872,275.41576317160076,724.5850814929777,0.7245844694621422,0,0
34,include,1,RTTP/PTTP/pooled / LL.WEST.1/LL.EAST.1/LL.ALL.2/LL.OS.2/LL.ARCH.3/LL.WEST.3/LL.EAST.3/LL.OS.3/LL.ALL.5,0,1.0,0.5,0.231417963796928,0.758582036203072,392.77170755595034,607.2291371086282,0.6072286242041183,0,0
34,include,6,RTTP / PHID.2/PL.ALL.2,0,1.0,0.5,0.337289118283907,0.6527108817160929,482.8388774472554,517.1619672173231,0.517161530389297,0,0
34,include,7,RTTP / PS.2,1,354.5,0.4962,0.528315988024814,0.46168401197518594,609.7323565686572,390.26848809592127,0.3902681584502317,0,0
34,include,10,RTTP / PS.WEST.3,1,739.2,0.5121,0.550396219119612,0.439603780880388,623.0678622172134,376.93298244736513,0.3769326640656953,0,0
34,include,13,PTTP/pooled / PHID.2/PL.ALL.2,0,1.0,0.5,0.448746185779858,0.541253814220142,560.0637417334015,439.93710293117704,0.4399367313322033,0,0
34,include,14,PTTP/pooled / PS.2,1,354.5,0.4962,0.503454895657378,0.486545104342622,594.5249971372529,405.47584752732564,0.40547550503652907,0,0
34,include,17,PTTP/pooled / PS.WEST.3,1,739.2,0.5121,0.691767360178041,0.298232639821959,707.173952008109,292.82689265646945,0.2928266453161745,0,0
34,include,18,PTTP/pooled / PS.EAST.3,1,231.2,0.5282,0.704742279125216,0.28525772087478396,714.9980429180702,285.00280174650834,0.28500256101494026,0,0
34,include,19,JPTP / LL.WEST.1,0,1.0,0.5,0.489063539403542,0.5009364605964579,585.6076128215851,414.3932318429934,0.4143928818200045,0,0
34,include,20,JPTP / LL.EAST.1/LL.ALL.2/LL.OS.2/LL.ARCH.3/LL.WEST.3/LL.EAST.3/LL.OS.3/LL.ALL.5,0,1.0,0.5,0.116779750725772,0.873220249274228,248.32651899480098,751.6743256697775,0.7516736907576363,0,0
34,include,23,JPTP / PS.JP.1/PL.JP.1,0,1.0,0.5,0.98999999855161,1.448389963520924e-09,999.9823015177001,0.018543146878414518,1.8543131215688406e-05,1,1
34,include,29,JPTP / PS.WEST.3,0,1.0,0.5,0.1376160180802,0.8523839819198,281.46270103526217,718.5381436293163,0.7185375367061108,0,0
35,include,1,RTTP/PTTP/pooled / LL.WEST.1/LL.EAST.1/LL.ALL.2/LL.OS.2/LL.ARCH.3/LL.WEST.3/LL.EAST.3/LL.OS.3/LL.ALL.5,0,1.0,0.5,0.223861984911152,0.7661380150888479,385.29012212368434,614.7107225408942,0.6147102033169594,0,0
35,include,6,RTTP / PHID.2/PL.ALL.2,0,1.0,0.5,0.348217768065637,0.641782231934363,490.9972141321874,509.00363053239107,0.5090032005954171,0,0
35,include,7,RTTP / PS.2,1,354.5,0.4962,0.525777112531983,0.464222887468017,608.1895193273381,391.8113253372404,0.39181099438837197,0,0
35,include,10,RTTP / PS.WEST.3,1,739.2,0.5121,0.560294167058618,0.429705832941382,629.0042357275363,370.9966089370422,0.37099629556961256,0,0
35,include,13,PTTP/pooled / PHID.2/PL.ALL.2,0,1.0,0.5,0.453236337625813,0.5367636623741869,562.9552318089559,437.0456128556226,0.43704524369898606,0,0
35,include,14,PTTP/pooled / PS.2,1,354.5,0.4962,0.497104092618187,0.492895907381813,590.601158437762,409.39968622681647,0.4093993404216952,0,0
35,include,17,PTTP/pooled / PS.WEST.3,1,739.2,0.5121,0.742311329189562,0.247688670810438,738.0165996378487,261.9842450267298,0.2619840237381048,0,0
35,include,18,PTTP/pooled / PS.EAST.3,1,231.2,0.5282,0.804076120386199,0.18592387961380097,777.7677772269515,222.23306743762703,0.22223287972538536,0,0
35,include,19,JPTP / LL.WEST.1,0,1.0,0.5,0.519639266633116,0.470360733366884,604.450603118184,395.55024154639455,0.3955499074393987,0,0
35,include,20,JPTP / LL.EAST.1/LL.ALL.2/LL.OS.2/LL.ARCH.3/LL.WEST.3/LL.EAST.3/LL.OS.3/LL.ALL.5,0,1.0,0.5,0.132197777793874,0.857802222206126,273.28394953314245,726.7168951314361,0.7267162812999347,0,0
35,include,23,JPTP / PS.JP.1/PL.JP.1,0,1.0,0.5,0.989999997429044,2.5709560036446533e-09,999.9761394924622,0.0247051721163416,2.4705151248775435e-05,1,1
35,include,29,JPTP / PS.WEST.3,0,1.0,0.5,0.130298848608189,0.859701151391811,270.3498152777635,729.651029386815,0.7296504130769564,0,0
36,exclude,1,RTTP/PTTP/pooled / LL.WEST.1/LL.EAST.1/LL.ALL.2/LL.OS.2/LL.ARCH.3/LL.WEST.3/LL.EAST.3/LL.OS.3/LL.ALL.5,0,1.0,0.5,0.244322596501229,0.745677403498771,405.13829448797406,594.8625501766044,0.5948620477177036,0,0
36,exclude,6,RTTP / PHID.2/PL.ALL.2,0,1.0,0.5,0.676186095297451,0.313813904702549,697.8389462822707,302.16189838230775,0.3021616431570708,0,0
36,exclude,7,RTTP / PS.2,1,354.5,0.4962,0.675289460111716,0.314710539888284,697.3034463894545,302.697398275124,0.30269714259756964,0,0
36,exclude,10,RTTP / PS.WEST.3,1,739.2,0.5121,0.582385327138327,0.40761467286167297,642.1827361332507,357.81810853132777,0.35781780629530124,0,0
36,exclude,13,PTTP/pooled / PHID.2/PL.ALL.2,0,1.0,0.5,0.548241164182003,0.441758835817997,621.7722398461613,378.22860481841724,0.378228285342382,0,0
36,exclude,14,PTTP/pooled / PS.2,1,354.5,0.4962,0.499501463633711,0.490498536366289,592.0844130481923,407.91643161638615,0.4079160870641164,0,0
36,exclude,17,PTTP/pooled / PS.WEST.3,1,739.2,0.5121,0.766941284722257,0.223058715277743,753.5131876953427,246.4876569692358,0.24648744877001877,0,0
36,exclude,18,PTTP/pooled / PS.EAST.3,1,231.2,0.5282,0.882952674970841,0.10704732502915904,835.5475168313253,164.45332783325318,0.16445318892546967,0,0
36,exclude,19,JPTP / LL.WEST.1,0,1.0,0.5,0.989999984700436,1.5299563949078276e-08,999.9405775887666,0.06026707581190749,6.02670249064863e-05,1,1
36,exclude,20,JPTP / LL.EAST.1/LL.ALL.2/LL.OS.2/LL.ARCH.3/LL.WEST.3/LL.EAST.3/LL.OS.3/LL.ALL.5,0,1.0,0.5,0.165391715604429,0.824608284395571,319.57208279882775,680.4287618657507,0.6804281871321629,0,0
36,exclude,23,JPTP / PS.JP.1/PL.JP.1,0,1.0,0.5,0.98999999859249,1.4075099974419913e-09,999.9825650787186,0.018279585859886538,1.8279570419780894e-05,1,1
36,exclude,29,JPTP / PS.WEST.3,0,1.0,0.5,0.189907063406769,0.800092936593231,349.0615538126685,650.9392908519101,0.6509387410270128,0,0
38,exclude,1,RTTP/PTTP/pooled / LL.WEST.1/LL.EAST.1/LL.ALL.2/LL.OS.2/LL.ARCH.3/LL.WEST.3/LL.EAST.3/LL.OS.3/LL.ALL.5,0,1.0,0.5,0.211654623667308,0.778345376332692,372.78807983506283,627.2127648295157,0.6272122350455576,0,0
38,exclude,6,RTTP / PHID.2/PL.ALL.2,0,1.0,0.5,0.564015701894968,0.425984298105032,631.2306438790274,368.7702007855511,0.368769889298688,0,0
38,exclude,7,RTTP / PS.2,1,354.5,0.4962,0.656011049292047,0.333988950707953,685.8243748943216,314.17646977025686,0.3141762043967456,0,0
38,exclude,10,RTTP / PS.WEST.3,1,739.2,0.5121,0.56282263157936,0.42717736842064,630.5172021823561,369.4836424822224,0.3694833303927409,0,0
38,exclude,13,PTTP/pooled / PHID.2/PL.ALL.2,0,1.0,0.5,0.453419641788386,0.536580358211614,563.0730017371135,436.927842927465,0.43692747387030445,0,0
38,exclude,14,PTTP/pooled / PS.2,1,354.5,0.4962,0.501702999663066,0.488297000336934,593.4443130390385,406.55653162553995,0.40655618822192857,0,0
38,exclude,17,PTTP/pooled / PS.WEST.3,1,739.2,0.5121,0.70661273942495,0.28338726057505004,716.130417078456,283.87042758612245,0.2838701878110299,0,0
38,exclude,18,PTTP/pooled / PS.EAST.3,1,231.2,0.5282,0.814208223572437,0.17579177642756294,784.6273852363742,215.37345942820434,0.21537327751002566,0,0
38,exclude,19,JPTP / LL.WEST.1,0,1.0,0.5,0.473269423301326,0.5167305766986741,575.7076595317383,424.2931851328402,0.42429282674771857,0,0
38,exclude,20,JPTP / LL.EAST.1/LL.ALL.2/LL.OS.2/LL.ARCH.3/LL.WEST.3/LL.EAST.3/LL.OS.3/LL.ALL.5,0,1.0,0.5,0.120184262545992,0.869815737454008,254.07249914385469,745.9283455207238,0.7459277154620044,0,0
38,exclude,23,JPTP / PS.JP.1/PL.JP.1,0,1.0,0.5,0.989999998556979,1.4430210359961393e-09,999.9823359191487,0.018508745429812734,1.8508729796144282e-05,1,1
38,exclude,29,JPTP / PS.WEST.3,0,1.0,0.5,0.15284973289911,0.83715026710089,303.08188848317536,696.9189561814031,0.6969183675191439,0,0
39,exclude,1,RTTP/PTTP/pooled / LL.WEST.1/LL.EAST.1/LL.ALL.2/LL.OS.2/LL.ARCH.3/LL.WEST.3/LL.EAST.3/LL.OS.3/LL.ALL.5,0,1.0,0.5,0.226910139050672,0.763089860949328,388.33078821818174,611.6700564463968,0.6116695397908027,0,0
39,exclude,6,RTTP / PHID.2/PL.ALL.2,0,1.0,0.5,0.641567749129962,0.34843225087003804,677.2563455522996,322.74449911227885,0.3227442265016628,0,0
39,exclude,7,RTTP / PS.2,1,354.5,0.4962,0.674443679923219,0.315556320076781,696.7984688318303,303.2023758327482,0.30320211972865757,0,0
39,exclude,10,RTTP / PS.WEST.3,1,739.2,0.5121,0.576959899492715,0.413040100507285,638.953891059421,361.04695360515746,0.36104664864184216,0,0
39,exclude,13,PTTP/pooled / PHID.2/PL.ALL.2,0,1.0,0.5,0.510045090725086,0.479954909274914,598.5789520113316,401.4218926532469,0.4014215535866796,0,0
39,exclude,14,PTTP/pooled / PS.2,1,354.5,0.4962,0.501646476216982,0.488353523783018,593.409424108901,406.5914205556775,0.4065910771225967,0,0
39,exclude,17,PTTP/pooled / PS.WEST.3,1,739.2,0.5121,0.735477535472537,0.25452246452746297,733.7808801757984,266.2199644887801,0.2662197396223959,0,0
39,exclude,18,PTTP/pooled / PS.EAST.3,1,231.2,0.5282,0.836786989035247,0.15321301096475304,800.3973668843728,199.6034777802057,0.1996033091823607,0,0
39,exclude,19,JPTP / LL.WEST.1,0,1.0,0.5,0.924674086873258,0.06532591312674196,873.1271042066826,126.8737404578959,0.12687363329223192,0,0
39,exclude,20,JPTP / LL.EAST.1/LL.ALL.2/LL.OS.2/LL.ARCH.3/LL.WEST.3/LL.EAST.3/LL.OS.3/LL.ALL.5,0,1.0,0.5,0.167538055179993,0.822461944820007,322.29028415537823,677.7105605092003,0.6777099880715789,0,0
39,exclude,23,JPTP / PS.JP.1/PL.JP.1,0,1.0,0.5,0.989999998919624,1.0803760108757388e-09,999.984829623345,0.01601504123345876,1.6015027706132132e-05,1,1
39,exclude,29,JPTP / PS.WEST.3,0,1.0,0.5,0.174396278433811,0.815603721566189,330.7897713452675,669.211073319311,0.6692105080608993,0,0
40,include,1,RTTP/PTTP/pooled / LL.WEST.1/LL.EAST.1/LL.ALL.2/LL.OS.2/LL.ARCH.3/LL.WEST.3/LL.EAST.3/LL.OS.3/LL.ALL.5,0,1.0,0.5,0.218018888792155,0.771981111207845,379.3726294988974,620.628215165681,0.620627690943454,0,0
40,include,6,RTTP / PHID.2/PL.ALL.2,0,1.0,0.5,0.320960121041361,0.6690398789586389,470.33578331568907,529.6650613488894,0.5296646139599515,0,0
40,include,7,RTTP / PS.2,1,354.5,0.4962,0.502331184182354,0.487668815817646,593.8319670082878,406.16887765629065,0.4061685345801166,0,0
40,include,10,RTTP / PS.WEST.3,1,739.2,0.5121,0.573389538757435,0.41661046124256496,636.8265597257755,363.174284938803,0.3631739781786078,0,0
40,include,13,PTTP/pooled / PHID.2/PL.ALL.2,0,1.0,0.5,0.563048092965538,0.42695190703446195,630.6520476432681,369.34879702131036,0.3693484850457279,0,0
40,include,14,PTTP/pooled / PS.2,1,354.5,0.4962,0.498026932543493,0.491973067456507,591.1724176867131,408.82842697786543,0.4088280816552662,0,0
40,include,17,PTTP/pooled / PS.WEST.3,1,739.2,0.5121,0.737616498425726,0.252383501574274,735.1039969516569,264.8968477129216,0.2648966239641264,0,0
40,include,18,PTTP/pooled / PS.EAST.3,1,231.2,0.5282,0.752724564736266,0.23727543526373396,744.5213639607393,255.47948070383916,0.2554792649095535,0,0
40,include,19,JPTP / LL.WEST.1,0,1.0,0.5,0.989999983968073,1.603192700816436e-08,999.9391520122539,0.0616926523246093,6.169260021505514e-05,1,1
40,include,20,JPTP / LL.EAST.1/LL.ALL.2/LL.OS.2/LL.ARCH.3/LL.WEST.3/LL.EAST.3/LL.OS.3/LL.ALL.5,0,1.0,0.5,0.250225325957908,0.7397746740420921,410.63502795867834,589.3658167059002,0.5893653188898915,0,0
40,include,23,JPTP / PS.JP.1/PL.JP.1,0,1.0,0.5,0.989999997400015,2.5999850050695272e-09,999.9760004082234,0.02484425635509524,2.4844235370049644e-05,1,1
40,include,29,JPTP / PS.WEST.3,0,1.0,0.5,0.132948093039205,0.857051906960795,274.43338210009625,725.5674625644822,0.7255668497038649,0,0
41,exclude,1,RTTP/PTTP/pooled / LL.WEST.1/LL.EAST.1/LL.ALL.2/LL.OS.2/LL.ARCH.3/LL.WEST.3/LL.EAST.3/LL.OS.3/LL.ALL.5,0,1.0,0.5,0.310390020138508,0.679609979861492,462.0235870210115,537.977257643567,0.5379768032336173,0,0
41,exclude,6,RTTP / PHID.2/PL.ALL.2,0,1.0,0.5,0.924637917124988,0.065362082875012,873.0906374617517,126.91020720282677,0.12691010000636063,0,0
41,exclude,7,RTTP / PS.2,1,354.5,0.4962,0.6594143847241,0.3305856152759,687.8466545873108,312.1541900772677,0.312153926411903,0,0
41,exclude,10,RTTP / PS.WEST.3,1,739.2,0.5121,0.611307901815881,0.378692098184119,659.3397257630803,340.6611189014982,0.34066083115736084,0,0
41,exclude,13,PTTP/pooled / PHID.2/PL.ALL.2,0,1.0,0.5,0.72805529221929,0.26194470778071,729.2073471329768,270.7934975316017,0.27079326880211946,0,0
41,exclude,14,PTTP/pooled / PS.2,1,354.5,0.4962,0.502233891718079,0.487766108281921,593.7719385437698,406.2289061208087,0.40622856299393073,0,0
41,exclude,17,PTTP/pooled / PS.WEST.3,1,739.2,0.5121,0.841411586277227,0.14858841372277298,803.7226861208202,196.2781585437583,0.1962779927546903,0,0
41,exclude,18,PTTP/pooled / PS.EAST.3,1,231.2,0.5282,0.936162905367597,0.05383709463240294,885.2085983560964,114.79224630848205,0.11479214934761961,0,0
41,exclude,19,JPTP / LL.WEST.1,0,1.0,0.5,0.989999996961822,3.0381780424804106e-09,999.9739883003477,0.02685636423075266,2.685634154615225e-05,1,1
41,exclude,20,JPTP / LL.EAST.1/LL.ALL.2/LL.OS.2/LL.ARCH.3/LL.WEST.3/LL.EAST.3/LL.OS.3/LL.ALL.5,0,1.0,0.5,0.443556155417086,0.5464438445829141,556.7052707224187,443.29557394215976,0.44329519950640695,0,0
41,exclude,23,JPTP / PS.JP.1/PL.JP.1,0,1.0,0.5,0.98999999855296,1.4470400433452824e-09,999.9823101679126,0.01853449666589313,1.853448101047354e-05,1,1
41,exclude,29,JPTP / PS.WEST.3,0,1.0,0.5,0.420638158161306,0.569361841838694,541.6491882846509,458.3516563799276,0.458351269226846,0,0
42,include,1,RTTP/PTTP/pooled / LL.WEST.1/LL.EAST.1/LL.ALL.2/LL.OS.2/LL.ARCH.3/LL.WEST.3/LL.EAST.3/LL.OS.3/LL.ALL.5,0,1.0,0.5,0.225553593918677,0.764446406081323,386.9814047384174,613.0194399261611,0.6130189221307917,0,0
42,include,6,RTTP / PHID.2/PL.ALL.2,0,1.0,0.5,0.359969585437317,0.6300304145626829,499.5985612457446,500.4022834188339,0.5004018607471071,0,0
42,include,7,RTTP / PS.2,1,354.5,0.4962,0.502159894298322,0.487840105701678,593.7262802104028,406.2745644541757,0.4062742212887318,0,0
42,include,10,RTTP / PS.WEST.3,1,739.2,0.5121,0.577014093112447,0.412985906887553,638.9861654315984,361.01467923298014,0.36101437429692584,0,0
42,include,13,PTTP/pooled / PHID.2/PL.ALL.2,0,1.0,0.5,0.978877338179986,0.01112266182001398,948.4555343532163,51.545310311362186,0.05154526677290115,0,0
42,include,14,PTTP/pooled / PS.2,1,354.5,0.4962,0.504948390855818,0.485051609144182,595.445270089497,404.55557457508155,0.40455523286160633,0,0
42,include,17,PTTP/pooled / PS.WEST.3,1,739.2,0.5121,0.732032089214982,0.257967910785018,731.6544797350316,268.3463649295469,0.2683461382670691,0,0
42,include,18,PTTP/pooled / PS.EAST.3,1,231.2,0.5282,0.73183738585127,0.25816261414873,731.5344916321005,268.46635303247797,0.2684661262686506,0,0
42,include,19,JPTP / LL.WEST.1,0,1.0,0.5,0.98999999780871,2.191290038311422e-09,999.9780364866174,0.022808177961110232,2.2808158695866482e-05,1,1
42,include,20,JPTP / LL.EAST.1/LL.ALL.2/LL.OS.2/LL.ARCH.3/LL.WEST.3/LL.EAST.3/LL.OS.3/LL.ALL.5,0,1.0,0.5,0.254742261565118,0.735257738434882,414.77790530713935,585.2229393574391,0.5852224450407693,0,0
42,include,23,JPTP / PS.JP.1/PL.JP.1,0,1.0,0.5,0.989999995501667,4.4983330393932874e-09,999.9681658428383,0.03267882174020542,3.267879413758555e-05,1,1
42,include,29,JPTP / PS.WEST.3,0,1.0,0.5,0.133909938760959,0.856090061239041,275.8987977988961,724.1020468656824,0.7241014352428488,0,0
43,include,1,RTTP/PTTP/pooled / LL.WEST.1/LL.EAST.1/LL.ALL.2/LL.OS.2/LL.ARCH.3/LL.WEST.3/LL.EAST.3/LL.OS.3/LL.ALL.5,0,1.0,0.5,0.218054409161099,0.771945590838901,379.4089643788019,620.5918802857766,0.6205913560942404,0,0
43,include,6,RTTP / PHID.2/PL.ALL.2,0,1.0,0.5,0.333860366241058,0.656139633758942,480.24566514687854,519.7551795177,0.5197547404992812,0,0
43,include,7,RTTP / PS.2,1,354.5,0.4962,0.515598240032302,0.47440175996769796,601.9816843164497,398.0191603481288,0.3980188241557265,0,0
43,include,10,RTTP / PS.WEST.3,1,739.2,0.5121,0.556444429332854,0.433555570667146,626.6980036959039,373.30284096867456,0.37330252565325406,0,0
43,include,13,PTTP/pooled / PHID.2/PL.ALL.2,0,1.0,0.5,0.43046942902904,0.5595305709709599,548.1549535187415,451.84589114583696,0.45184550948794017,0,0
43,include,14,PTTP/pooled / PS.2,1,354.5,0.4962,0.49661197030482,0.49338802969518,590.2963696901484,409.7044749744301,0.40970412891186475,0,0
43,include,17,PTTP/pooled / PS.WEST.3,1,739.2,0.5121,0.706836413858238,0.28316358614176196,716.2659102403908,283.7349344241877,0.28373469476354135,0,0
43,include,18,PTTP/pooled / PS.EAST.3,1,231.2,0.5282,0.747083407833753,0.24291659216624695,740.989633201163,259.0112114634155,0.2590109926860046,0,0
43,include,19,JPTP / LL.WEST.1,0,1.0,0.5,0.911293123580954,0.07870687641904595,860.1863287680846,139.81451589649384,0.13981439780022445,0,0
43,include,20,JPTP / LL.EAST.1/LL.ALL.2/LL.OS.2/LL.ARCH.3/LL.WEST.3/LL.EAST.3/LL.OS.3/LL.ALL.5,0,1.0,0.5,0.14405445534385,0.84594554465615,290.83373271620394,709.1671119483746,0.7091665129405408,0,0
43,include,23,JPTP / PS.JP.1/PL.JP.1,0,1.0,0.5,0.989999998251452,1.7485479730794395e-09,999.9804705221725,0.020374142406012652,2.037412519671078e-05,1,1
43,include,29,JPTP / PS.WEST.3,0,1.0,0.5,0.122435955904324,0.867564044095676,257.7956854836581,742.2051591809204,0.742204532267042,0,0
44,include,1,RTTP/PTTP/pooled / LL.WEST.1/LL.EAST.1/LL.ALL.2/LL.OS.2/LL.ARCH.3/LL.WEST.3/LL.EAST.3/LL.OS.3/LL.ALL.5,0,1.0,0.5,0.260094922742341,0.729905077257659,419.619230349761,580.3816143148175,0.5803811240874399,0,0
44,include,6,RTTP / PHID.2/PL.ALL.2,0,1.0,0.5,0.406919465363303,0.583080534636697,532.4423195369793,467.5585251275992,0.46755813019780823,0,0
44,include,7,RTTP / PS.2,1,354.5,0.4962,0.522366637809139,0.46763336219086105,606.1136141147335,393.88723054984496,0.3938868978475344,0,0
44,include,10,RTTP / PS.WEST.3,1,739.2,0.5121,0.590615699163072,0.399384300836928,647.0732589498278,352.92758571475065,0.35292728760957204,0,0
44,include,13,PTTP/pooled / PHID.2/PL.ALL.2,0,1.0,0.5,0.798471729942137,0.191528270057863,774.0233016042879,225.9775430602906,0.22597735218522566,0,0
44,include,14,PTTP/pooled / PS.2,1,354.5,0.4962,0.501270579164956,0.488729420835044,593.1773682383151,406.82347642626337,0.40682313279717336,0,0
44,include,17,PTTP/pooled / PS.WEST.3,1,739.2,0.5121,0.79949882069719,0.19050117930280996,774.7070237989753,225.29382086560315,0.22529363056805365,0,0
44,include,18,PTTP/pooled / PS.EAST.3,1,231.2,0.5282,0.832551585081485,0.15744841491851502,797.3824177116434,202.61842695293512,0.20261825580847148,0,0
44,include,19,JPTP / LL.WEST.1,0,1.0,0.5,0.741021943714496,0.24897805628550396,737.2154975967451,262.7853470678334,0.2627851251025465,0,0
44,include,20,JPTP / LL.EAST.1/LL.ALL.2/LL.OS.2/LL.ARCH.3/LL.WEST.3/LL.EAST.3/LL.OS.3/LL.ALL.5,0,1.0,0.5,0.234462285069548,0.755537714930452,395.7343505222882,604.2664941422903,0.6042659837402179,0,0
44,include,23,JPTP / PS.JP.1/PL.JP.1,0,1.0,0.5,0.608715736467232,0.381284263532768,657.8046333858588,342.1962112787197,0.3421959222379453,0,0
44,include,29,JPTP / PS.WEST.3,0,1.0,0.5,0.145742462731154,0.844257537268846,293.23209071447917,706.7687539500994,0.7067681569680719,0,0
45,include,1,RTTP/PTTP/pooled / LL.WEST.1/LL.EAST.1/LL.ALL.2/LL.OS.2/LL.ARCH.3/LL.WEST.3/LL.EAST.3/LL.OS.3/LL.ALL.5,0,1.0,0.5,0.213214957890608,0.776785042109392,374.4163174041514,625.5845272604271,0.6255839988517824,0,0
45,include,6,RTTP / PHID.2/PL.ALL.2,0,1.0,0.5,0.325562575761747,0.6644374242382529,473.8999101572354,526.100934507343,0.5261004901288943,0,0
45,include,7,RTTP / PS.2,1,354.5,0.4962,0.517823258429,0.472176741571,603.3418250799348,396.6590195846437,0.39665868454110315,0,0
45,include,10,RTTP / PS.WEST.3,1,739.2,0.5121,0.580324985182337,0.409675014817663,640.9570723632157,359.04377230136276,0.35904346903006235,0,0
45,include,13,PTTP/pooled / PHID.2/PL.ALL.2,0,1.0,0.5,0.667337019094006,0.322662980905994,692.5608024763045,307.440042188274,0.3074397825047797,0,0
45,include,14,PTTP/pooled / PS.2,1,354.5,0.4962,0.497070664490658,0.492929335509342,590.5804586095609,409.4203860550176,0.4094200402324119,0,0
45,include,17,PTTP/pooled / PS.WEST.3,1,739.2,0.5121,0.765287775186591,0.22471222481340902,752.4601833264388,247.54066133813967,0.24754045224948792,0,0
45,include,18,PTTP/pooled / PS.EAST.3,1,231.2,0.5282,0.750293105498168,0.23970689450183202,742.9967483092354,257.0040963553431,0.25700387927326973,0,0
45,include,19,JPTP / LL.WEST.1,0,1.0,0.5,0.989999718902152,2.8109784799834614e-07,999.7425179169136,0.2583267476649098,0.0002583265294656407,1,1
45,include,20,JPTP / LL.EAST.1/LL.ALL.2/LL.OS.2/LL.ARCH.3/LL.WEST.3/LL.EAST.3/LL.OS.3/LL.ALL.5,0,1.0,0.5,0.216523169881171,0.773476830118829,377.83849679725324,622.1623478673253,0.6221618223492719,0,0
45,include,23,JPTP / PS.JP.1/PL.JP.1,0,1.0,0.5,0.989999997187157,2.8128429585549952e-09,999.9750034225879,0.025841241990633534,2.5841220163470197e-05,1,1
45,include,29,JPTP / PS.WEST.3,0,1.0,0.5,0.145979654469672,0.844020345530328,293.56722609060154,706.4336185739769,0.7064330218750262,0,0
46,include,1,RTTP/PTTP/pooled / LL.WEST.1/LL.EAST.1/LL.ALL.2/LL.OS.2/LL.ARCH.3/LL.WEST.3/LL.EAST.3/LL.OS.3/LL.ALL.5,0,1.0,0.5,0.41846011435565,0.57153988564435,540.1977463464036,459.8030983181749,0.4598027099391127,0,0
46,include,6,RTTP / PHID.2/PL.ALL.2,0,1.0,0.5,0.989999924663853,7.533614698740365e-08,999.8671105233252,0.1337341412532851,0.00013373402829288845,1,1
46,include,7,RTTP / PS.2,1,354.5,0.4962,0.53334892042438,0.45665107957562,612.784640971267,387.2162036933115,0.3872158766257763,0,0
46,include,10,RTTP / PS.WEST.3,1,739.2,0.5121,0.607076706606442,0.382923293393558,656.8338276741001,343.1670169904784,0.3431667271296994,0,0
46,include,13,PTTP/pooled / PHID.2/PL.ALL.2,0,1.0,0.5,0.952586963388332,0.03741303661166795,904.7593157104909,95.24152895408758,0.09524144850700962,0,0
46,include,14,PTTP/pooled / PS.2,1,354.5,0.4962,0.504799095939281,0.48520090406071903,595.353317972931,404.6475266916475,0.4046471849005036,0,0
46,include,17,PTTP/pooled / PS.WEST.3,1,739.2,0.5121,0.887669988370904,0.10233001162909594,839.4428530830648,160.55799158151365,0.16055785596397992,0,0
46,include,18,PTTP/pooled / PS.EAST.3,1,231.2,0.5282,0.989999992760113,7.239887023224867e-09,999.959386842302,0.041457822276470324,4.1457787258545924e-05,1,1
46,include,19,JPTP / LL.WEST.1,0,1.0,0.5,0.989999993416825,6.583175005125952e-09,999.9613118005789,0.03953286399962508,3.9532830607643375e-05,1,1
46,include,20,JPTP / LL.EAST.1/LL.ALL.2/LL.OS.2/LL.ARCH.3/LL.WEST.3/LL.EAST.3/LL.OS.3/LL.ALL.5,0,1.0,0.5,0.345475184374178,0.644524815625822,488.96477637467734,511.03606828990115,0.5110356366362006,0,0
46,include,23,JPTP / PS.JP.1/PL.JP.1,0,1.0,0.5,0.989999998731988,1.268012028710075e-09,999.9834945519277,0.017350112650774463,1.7350097995761254e-05,1,1
46,include,29,JPTP / PS.WEST.3,0,1.0,0.5,0.138017862806484,0.851982137193516,282.0583129647993,717.9425316997792,0.7179419252796655,0,0
47,exclude,1,RTTP/PTTP/pooled / LL.WEST.1/LL.EAST.1/LL.ALL.2/LL.OS.2/LL.ARCH.3/LL.WEST.3/LL.EAST.3/LL.OS.3/LL.ALL.5,0,1.0,0.5,0.275977413114264,0.7140225868857359,433.5791850474893,566.4216596170892,0.5664211811811809,0,0
47,exclude,6,RTTP / PHID.2/PL.ALL.2,0,1.0,0.5,0.803492995476311,0.18650700452368896,777.3765854075585,222.62425925701996,0.22262407121435268,0,0
47,exclude,7,RTTP / PS.2,1,354.5,0.4962,0.66054710138457,0.32945289861543003,688.5200683674065,311.48077629717204,0.31148051320061565,0,0
47,exclude,10,RTTP / PS.WEST.3,1,739.2,0.5121,0.617000942777,0.372999057223,662.7103241653335,337.29052049924496,0.3372902356021303,0,0
47,exclude,13,PTTP/pooled / PHID.2/PL.ALL.2,0,1.0,0.5,0.622482588103578,0.36751741189642195,665.9551588433279,334.0456858212506,0.33404540366493046,0,0
47,exclude,14,PTTP/pooled / PS.2,1,354.5,0.4962,0.502594599285541,0.48740540071445904,593.994471429326,406.00637323525245,0.40600603029634,0,0
47,exclude,17,PTTP/pooled / PS.WEST.3,1,739.2,0.5121,0.841073615976618,0.14892638402338199,803.4784485092499,196.52239615532858,0.19652223015996187,0,0
47,exclude,18,PTTP/pooled / PS.EAST.3,1,231.2,0.5282,0.932026738355392,0.05797326164460803,880.737090311647,119.26375435293153,0.11926365361514782,0,0
47,exclude,19,JPTP / LL.WEST.1,0,1.0,0.5,0.989999977105601,2.2894399043238423e-08,999.9271212895673,0.07372337501124093,7.372331273977005e-05,1,1
47,exclude,20,JPTP / LL.EAST.1/LL.ALL.2/LL.OS.2/LL.ARCH.3/LL.WEST.3/LL.EAST.3/LL.OS.3/LL.ALL.5,0,1.0,0.5,0.278685937916729,0.711314062083271,435.90309650549193,564.0977481590866,0.5640972716861024,0,0
47,exclude,23,JPTP / PS.JP.1/PL.JP.1,0,1.0,0.5,0.989999998464899,1.535101046279408e-09,999.9817545237128,0.019090140865728245,1.909012474097608e-05,1,1
47,exclude,29,JPTP / PS.WEST.3,0,1.0,0.5,0.432098051386096,0.557901948613904,549.2256713570603,450.77517330751823,0.4507747925540181,0,0
49,include,1,RTTP/PTTP/pooled / LL.WEST.1/LL.EAST.1/LL.ALL.2/LL.OS.2/LL.ARCH.3/LL.WEST.3/LL.EAST.3/LL.OS.3/LL.ALL.5,0,1.0,0.5,0.260011548884622,0.729988451115378,419.5443720634639,580.4564726011146,0.580455982310507,0,0
49,include,6,RTTP / PHID.2/PL.ALL.2,0,1.0,0.5,0.373935326033767,0.616064673966233,509.6076525627694,490.3931921018091,0.4903927778844001,0,0
49,include,7,RTTP / PS.2,1,354.5,0.4962,0.533608118291169,0.45639188170883094,612.9416195900893,387.0592250744892,0.38705889813954814,0,0
49,include,10,RTTP / PS.WEST.3,1,739.2,0.5121,0.559359150095998,0.430640849904002,628.4444020650569,371.5564425995216,0.37155612875922067,0,0
49,include,13,PTTP/pooled / PHID.2/PL.ALL.2,0,1.0,0.5,0.466479401911438,0.523520598088562,571.4112768921385,428.58956777244,0.42858920575831916,0,0
49,include,14,PTTP/pooled / PS.2,1,354.5,0.4962,0.504270540025174,0.485729459974826,595.0277015441301,404.9731431204484,0.4049728010542681,0,0
49,include,17,PTTP/pooled / PS.WEST.3,1,739.2,0.5121,0.718787007512497,0.27121299248750297,723.5320071919201,276.4688374726584,0.2764686039494216,0,0
49,include,18,PTTP/pooled / PS.EAST.3,1,231.2,0.5282,0.756324668627913,0.23367533137208696,746.7855793153014,253.21526534927705,0.25321505146749235,0,0
49,include,19,JPTP / LL.WEST.1,0,1.0,0.5,0.575827315496686,0.414172684503314,638.2792873114951,361.7215573530834,0.36172125181995474,0,0
49,include,20,JPTP / LL.EAST.1/LL.ALL.2/LL.OS.2/LL.ARCH.3/LL.WEST.3/LL.EAST.3/LL.OS.3/LL.ALL.5,0,1.0,0.5,0.133219555666237,0.856780444333763,274.84788108867485,725.1529635759036,0.7251523510653987,0,0
49,include,23,JPTP / PS.JP.1/PL.JP.1,0,1.0,0.5,0.989999998711364,1.2886359757047217e-09,999.9833540195559,0.017490645022576246,1.7490630248860418e-05,1,1
49,include,29,JPTP / PS.WEST.3,0,1.0,0.5,0.134991777656645,0.855008222343355,277.5363495531358,722.4644951114427,0.7224638848717899,0,0
50,exclude,1,RTTP/PTTP/pooled / LL.WEST.1/LL.EAST.1/LL.ALL.2/LL.OS.2/LL.ARCH.3/LL.WEST.3/LL.EAST.3/LL.OS.3/LL.ALL.5,0,1.0,0.5,0.264820510138558,0.725179489861442,423.83443530354214,576.1664093610364,0.5761659226940902,0,0
50,exclude,6,RTTP / PHID.2/PL.ALL.2,0,1.0,0.5,0.720717453696396,0.26928254630360404,724.7110271815244,275.2898174830541,0.27528958495569283,0,0
50,exclude,7,RTTP / PS.2,1,354.5,0.4962,0.674960922767487,0.315039077232513,697.1072742650913,302.8935703994872,0.30289331455623336,0,0
50,exclude,10,RTTP / PS.WEST.3,1,739.2,0.5121,0.59085981836726,0.39914018163274,647.2181914676673,352.78265319691116,0.3527823552141518,0,0
50,exclude,13,PTTP/pooled / PHID.2/PL.ALL.2,0,1.0,0.5,0.574165317410775,0.41583468258922496,637.2889712151522,362.7118734494263,0.3627115670798134,0,0
50,exclude,14,PTTP/pooled / PS.2,1,354.5,0.4962,0.500373063960066,0.489626936039934,592.6230534646636,407.3777911999149,0.40737744710261525,0,0
50,exclude,17,PTTP/pooled / PS.WEST.3,1,739.2,0.5121,0.779762668742198,0.21023733125780197,761.7492821978743,238.25156246670417,0.23825136122421856,0,0
50,exclude,18,PTTP/pooled / PS.EAST.3,1,231.2,0.5282,0.899531082817489,0.09046891718251104,849.5749044769367,150.4259401876418,0.15042581312828576,0,0
50,exclude,19,JPTP / LL.WEST.1,0,1.0,0.5,0.989999985914354,1.4085645982930828e-08,999.9430178905362,0.05782677404226888,5.782672519808242e-05,1,1
50,exclude,20,JPTP / LL.EAST.1/LL.ALL.2/LL.OS.2/LL.ARCH.3/LL.WEST.3/LL.EAST.3/LL.OS.3/LL.ALL.5,0,1.0,0.5,0.185987705607304,0.804012294392696,344.56054785282674,655.4402968117518,0.6554397431850173,0,0
50,exclude,23,JPTP / PS.JP.1/PL.JP.1,0,1.0,0.5,0.989999998656601,1.3433989476396846e-09,999.9829862439649,0.01785842061360654,1.785840552924396e-05,1,1
50,exclude,29,JPTP / PS.WEST.3,0,1.0,0.5,0.199728397520329,0.790271602479671,360.0261878785956,639.9746567859829,0.6399741162225158,0,0
51,exclude,1,RTTP/PTTP/pooled / LL.WEST.1/LL.EAST.1/LL.ALL.2/LL.OS.2/LL.ARCH.3/LL.WEST.3/LL.EAST.3/LL.OS.3/LL.ALL.5,0,1.0,0.5,0.234983001764358,0.7550169982356421,396.2382205942011,603.7626240703773,0.6037621140939057,0,0
51,exclude,6,RTTP / PHID.2/PL.ALL.2,0,1.0,0.5,0.695696131187844,0.294303868812156,709.5376765744321,290.4631680901464,0.2904629227464042,0,0
51,exclude,7,RTTP / PS.2,1,354.5,0.4962,0.665277803888784,0.324722196111216,691.3345760252256,308.6662686393529,0.3086660079201094,0,0
51,exclude,10,RTTP / PS.WEST.3,1,739.2,0.5121,0.579415206223914,0.41058479377608603,640.41566415481,359.5851805097685,0.35958487678116013,0,0
51,exclude,13,PTTP/pooled / PHID.2/PL.ALL.2,0,1.0,0.5,0.519894305188612,0.470105694811388,604.6062240451794,395.3946206193991,0.3953942866438507,0,0
51,exclude,14,PTTP/pooled / PS.2,1,354.5,0.4962,0.499600739595384,0.490399260404616,592.1457811525424,407.85506351203605,0.40785471901160175,0,0
51,exclude,17,PTTP/pooled / PS.WEST.3,1,739.2,0.5121,0.749778614138556,0.24022138586144404,742.674606954296,257.3262377102825,0.25732602035610797,0,0
51,exclude,18,PTTP/pooled / PS.EAST.3,1,231.2,0.5282,0.855825504992952,0.13417449500704803,814.3331091938659,185.6677354707126,0.18566757864388556,0,0
51,exclude,19,JPTP / LL.WEST.1,0,1.0,0.5,0.9899999946898,5.310199946428895e-09,999.9653391331938,0.03550553138472878,3.550550139448942e-05,1,1
51,exclude,20,JPTP / LL.EAST.1/LL.ALL.2/LL.OS.2/LL.ARCH.3/LL.WEST.3/LL.EAST.3/LL.OS.3/LL.ALL.5,0,1.0,0.5,0.277145878261736,0.712854121738264,434.5836651529306,565.4171795116479,0.5654167019241877,0,0
51,exclude,23,JPTP / PS.JP.1/PL.JP.1,0,1.0,0.5,0.989999998758916,1.2410840133370016e-09,999.9836797702584,0.017164894320103485,1.7164879821537504e-05,1,1
51,exclude,29,JPTP / PS.WEST.3,0,1.0,0.5,0.192734961225453,0.797265038774547,352.2635932674965,647.737251397082,0.6477367042768317,0,0
52,include,1,RTTP/PTTP/pooled / LL.WEST.1/LL.EAST.1/LL.ALL.2/LL.OS.2/LL.ARCH.3/LL.WEST.3/LL.EAST.3/LL.OS.3/LL.ALL.5,0,1.0,0.5,0.207791769917411,0.782208230082589,368.71697760419994,631.2838670603785,0.6312833338377074,0,0
52,include,6,RTTP / PHID.2/PL.ALL.2,0,1.0,0.5,0.33042625490681,0.65957374509319,477.6316323896275,522.369212274951,0.5223687710485532,0,0
52,include,7,RTTP / PS.2,1,354.5,0.4962,0.522729885355886,0.46727011464411394,606.3349072302784,393.6659374343001,0.39366560491890784,0,0
52,include,10,RTTP / PS.WEST.3,1,739.2,0.5121,0.546884194868967,0.443115805131033,620.9558202366995,379.04502442787896,0.3790447042622436,0,0
52,include,13,PTTP/pooled / PHID.2/PL.ALL.2,0,1.0,0.5,0.443187013259208,0.546812986740792,556.4657172181542,443.5351274464243,0.4435347528083293,0,0
52,include,14,PTTP/pooled / PS.2,1,354.5,0.4962,0.501809522935059,0.488190477064941,593.5100605308835,406.490784133695,0.4064904407856182,0,0
52,include,17,PTTP/pooled / PS.WEST.3,1,739.2,0.5121,0.694605884686094,0.295394115313906,708.8812910705883,291.1195535939902,0.29111930769582284,0,0
52,include,18,PTTP/pooled / PS.EAST.3,1,231.2,0.5282,0.759808625843955,0.23019137415604496,748.9847800013359,251.01606466324256,0.2510158526390432,0,0
52,include,19,JPTP / LL.WEST.1,0,1.0,0.5,0.424454543249278,0.565545456750722,544.183425943202,455.8174187213765,0.45581703370887383,0,0
52,include,20,JPTP / LL.EAST.1/LL.ALL.2/LL.OS.2/LL.ARCH.3/LL.WEST.3/LL.EAST.3/LL.OS.3/LL.ALL.5,0,1.0,0.5,0.099621574085397,0.890378425914603,216.91666914045848,783.08417552412,0.7830835140812137,0,0
52,include,23,JPTP / PS.JP.1/PL.JP.1,0,1.0,0.5,0.989999998336646,1.663354010084106e-09,999.9809730606572,0.019871603921274072,1.98715871364483e-05,1,1
52,include,29,JPTP / PS.WEST.3,0,1.0,0.5,0.127598791313465,0.862401208686535,266.1141179377663,733.8867267268122,0.7338861068392131,0,0
53,exclude,1,RTTP/PTTP/pooled / LL.WEST.1/LL.EAST.1/LL.ALL.2/LL.OS.2/LL.ARCH.3/LL.WEST.3/LL.EAST.3/LL.OS.3/LL.ALL.5,0,1.0,0.5,0.276620658726023,0.7133793412739771,434.1325219608507,565.8683227037278,0.5658678447352032,0,0
53,exclude,6,RTTP / PHID.2/PL.ALL.2,0,1.0,0.5,0.841391410188633,0.14860858981136704,803.708100167091,196.29274449748755,0.1962925786960993,0,0
53,exclude,7,RTTP / PS.2,1,354.5,0.4962,0.658592327577837,0.33140767242216296,687.3580431144286,312.6428015501499,0.31264253747207277,0,0
53,exclude,10,RTTP / PS.WEST.3,1,739.2,0.5121,0.606358136735957,0.38364186326404304,656.4081700164196,343.5926746481589,0.34359238442784235,0,0
53,exclude,13,PTTP/pooled / PHID.2/PL.ALL.2,0,1.0,0.5,0.640552147253067,0.349447852746933,676.6545507983676,323.3462938662109,0.3233460207472806,0,0
53,exclude,14,PTTP/pooled / PS.2,1,354.5,0.4962,0.502838338309623,0.487161661690377,594.1448113962241,405.8560332683544,0.40585569045642866,0,0
53,exclude,17,PTTP/pooled / PS.WEST.3,1,739.2,0.5121,0.807290965405179,0.18270903459482102,779.9313094419231,220.06953522265542,0.22006934933787123,0,0
53,exclude,18,PTTP/pooled / PS.EAST.3,1,231.2,0.5282,0.901196846056351,0.08880315394364902,851.0407547044122,148.96008996016633,0.148959964138961,0,0
53,exclude,19,JPTP / LL.WEST.1,0,1.0,0.5,0.989999994734298,5.265701985557314e-09,999.9654882079737,0.03535645660474529,3.5356426740424e-05,1,1
53,exclude,20,JPTP / LL.EAST.1/LL.ALL.2/LL.OS.2/LL.ARCH.3/LL.WEST.3/LL.EAST.3/LL.OS.3/LL.ALL.5,0,1.0,0.5,0.338360894492253,0.6516391055077471,483.6461074845188,516.3547371800597,0.5163543010338717,0,0
53,exclude,23,JPTP / PS.JP.1/PL.JP.1,0,1.0,0.5,0.989999998517126,1.4828740457772938e-09,999.9820820784684,0.018762586110142365,1.8762570262063863e-05,1,1
53,exclude,29,JPTP / PS.WEST.3,0,1.0,0.5,0.303028536824577,0.686971463175423,456.1244999721429,543.8763446924356,0.5438758852997402,0,0
54,exclude,1,RTTP/PTTP/pooled / LL.WEST.1/LL.EAST.1/LL.ALL.2/LL.OS.2/LL.ARCH.3/LL.WEST.3/LL.EAST.3/LL.OS.3/LL.ALL.5,0,1.0,0.5,0.293076921625714,0.6969230783742859,447.99604039696516,552.0048042676133,0.5520043380091018,0,0
54,exclude,6,RTTP / PHID.2/PL.ALL.2,0,1.0,0.5,0.812390321022848,0.17760967897715196,783.3876448168842,216.61319984769432,0.2166130168823517,0,0
54,exclude,7,RTTP / PS.2,1,354.5,0.4962,0.66771990223802,0.32228009776197997,692.7888812208823,307.21196344369616,0.30721170395285174,0,0
54,exclude,10,RTTP / PS.WEST.3,1,739.2,0.5121,0.610837164632917,0.37916283536708295,659.0609745345705,340.939870130008,0.34093958215041953,0,0
54,exclude,13,PTTP/pooled / PHID.2/PL.ALL.2,0,1.0,0.5,0.665888044157364,0.32411195584263597,691.697890187534,308.3029544770445,0.3083026940646794,0,0
54,exclude,14,PTTP/pooled / PS.2,1,354.5,0.4962,0.5042315476313,0.48576845236870003,595.0036757338921,404.99716893068637,0.40499682684421234,0,0
54,exclude,17,PTTP/pooled / PS.WEST.3,1,739.2,0.5121,0.814376191099807,0.17562380890019302,784.7421389229305,215.258705741648,0.2152585239203976,0,0
54,exclude,18,PTTP/pooled / PS.EAST.3,1,231.2,0.5282,0.909948000260407,0.08005199973959298,858.9402199059705,141.06062475860801,0.1410605056097955,0,0
54,exclude,19,JPTP / LL.WEST.1,0,1.0,0.5,0.989999994270019,5.729981045199395e-09,999.9639624341615,0.036882230416949824,3.688219926386253e-05,1,1
54,exclude,20,JPTP / LL.EAST.1/LL.ALL.2/LL.OS.2/LL.ARCH.3/LL.WEST.3/LL.EAST.3/LL.OS.3/LL.ALL.5,0,1.0,0.5,0.258858237869506,0.731141762130494,418.5070885572383,581.4937561073402,0.5814932649405767,0,0
54,exclude,23,JPTP / PS.JP.1/PL.JP.1,0,1.0,0.5,0.989999998337675,1.662324944362581e-09,999.9809792069789,0.01986545759962155,1.9865440819987352e-05,1,1
54,exclude,29,JPTP / PS.WEST.3,0,1.0,0.5,0.305629925088234,0.684370074911766,458.21982434728085,541.7810203172976,0.541780562694447,0,0
55,exclude,1,RTTP/PTTP/pooled / LL.WEST.1/LL.EAST.1/LL.ALL.2/LL.OS.2/LL.ARCH.3/LL.WEST.3/LL.EAST.3/LL.OS.3/LL.ALL.5,0,1.0,0.5,0.279405702486353,0.710594297513647,436.5180115012961,563.4828331632824,0.5634823572096946,0,0
55,exclude,6,RTTP / PHID.2/PL.ALL.2,0,1.0,0.5,0.879734806858509,0.11026519314149097,832.9296781132441,167.0711665513344,0.1670710254323571,0,0
55,exclude,7,RTTP / PS.2,1,354.5,0.4962,0.66638713722364,0.32361286277636003,691.9950769444965,308.00576772008196,0.30800550755873973,0,0
55,exclude,10,RTTP / PS.WEST.3,1,739.2,0.5121,0.611473819675726,0.378526180324274,659.4379733992389,340.5628712653396,0.34056258360418845,0,0
55,exclude,13,PTTP/pooled / PHID.2/PL.ALL.2,0,1.0,0.5,0.656916668855776,0.33308333114422395,686.3623511525719,313.63849351200656,0.3136382285929044,0,0
55,exclude,14,PTTP/pooled / PS.2,1,354.5,0.4962,0.501310325610954,0.488689674389046,593.2019081065998,406.79893655797866,0.4067985929496166,0,0
55,exclude,17,PTTP/pooled / PS.WEST.3,1,739.2,0.5121,0.818252895628801,0.171747104371199,787.4005773228037,212.60026734177484,0.21260008776601133,0,0
55,exclude,18,PTTP/pooled / PS.EAST.3,1,231.2,0.5282,0.925768172018284,0.064231827981716,874.2344243983805,125.766420266198,0.12576631403584737,0,0
55,exclude,19,JPTP / LL.WEST.1,0,1.0,0.5,0.9899999946046,5.395400015650864e-09,999.965055428555,0.0357892360234473,3.5789205793572876e-05,1,1
55,exclude,20,JPTP / LL.EAST.1/LL.ALL.2/LL.OS.2/LL.ARCH.3/LL.WEST.3/LL.EAST.3/LL.OS.3/LL.ALL.5,0,1.0,0.5,0.302985956964362,0.687014043035638,456.0901042462736,543.9107404183048,0.5439102809965566,0,0
55,exclude,23,JPTP / PS.JP.1/PL.JP.1,0,1.0,0.5,0.989999998512288,1.4877119536294003e-09,999.9820514980462,0.018793166532304895,1.8793150658396214e-05,1,1
55,exclude,29,JPTP / PS.WEST.3,0,1.0,0.5,0.324600158355521,0.6653998416444791,473.1572933295606,526.8435513350179,0.5268431063293075,0,0
56,exclude,1,RTTP/PTTP/pooled / LL.WEST.1/LL.EAST.1/LL.ALL.2/LL.OS.2/LL.ARCH.3/LL.WEST.3/LL.EAST.3/LL.OS.3/LL.ALL.5,0,1.0,0.5,0.355737919195671,0.634262080804329,496.5209602221061,503.4798844424724,0.5034794591712072,0,0
56,exclude,6,RTTP / PHID.2/PL.ALL.2,0,1.0,0.5,0.810545840598524,0.17945415940147602,782.1338953053867,217.86694935919184,0.21786676533485233,0,0
56,exclude,7,RTTP / PS.2,1,354.5,0.4962,0.665521183083329,0.324478816916671,691.4794675871001,308.5213770774784,0.3085211164806196,0,0
56,exclude,10,RTTP / PS.WEST.3,1,739.2,0.5121,0.596756314402105,0.393243685597895,650.7170388744596,349.2838057901189,0.34928351076270947,0,0
56,exclude,13,PTTP/pooled / PHID.2/PL.ALL.2,0,1.0,0.5,0.699929047983401,0.29007095201659894,712.0894947464145,287.911349918164,0.2879111067298504,0,0
56,exclude,14,PTTP/pooled / PS.2,1,354.5,0.4962,0.50472228630293,0.48527771369706996,595.3060066288875,404.69483803569096,0.4046944962045849,0,0
56,exclude,17,PTTP/pooled / PS.WEST.3,1,739.2,0.5121,0.817000204017533,0.17299979598246695,786.5394472748147,213.46139738976376,0.21346121708663482,0,0
56,exclude,18,PTTP/pooled / PS.EAST.3,1,231.2,0.5282,0.938585946280466,0.051414053719534,887.9004125022224,112.10043216235613,0.11210033747517183,0,0
56,exclude,19,JPTP / LL.WEST.1,0,1.0,0.5,0.943183201114259,0.04681679888574097,893.171721138387,106.82912352619144,0.10682903329149106,0,0
56,exclude,20,JPTP / LL.EAST.1/LL.ALL.2/LL.OS.2/LL.ARCH.3/LL.WEST.3/LL.EAST.3/LL.OS.3/LL.ALL.5,0,1.0,0.5,0.232703308844696,0.757296691155304,394.02609364712634,605.9747510174521,0.6059742391724768,0,0
56,exclude,23,JPTP / PS.JP.1/PL.JP.1,0,1.0,0.5,0.989999998709433,1.2905669866114522e-09,999.9833409198446,0.017503744733858184,1.7503729949077506e-05,1,1
56,exclude,29,JPTP / PS.WEST.3,0,1.0,0.5,0.224008509845074,0.765991490154926,385.4369999498205,614.563844714758,0.6145633256148857,0,0
57,exclude,1,RTTP/PTTP/pooled / LL.WEST.1/LL.EAST.1/LL.ALL.2/LL.OS.2/LL.ARCH.3/LL.WEST.3/LL.EAST.3/LL.OS.3/LL.ALL.5,0,1.0,0.5,0.376124229342251,0.613875770657749,511.1567621193768,488.8440825452017,0.4888436696362695,0,0
57,exclude,6,RTTP / PHID.2/PL.ALL.2,0,1.0,0.5,0.846793992306781,0.143206007693219,807.6393601688294,192.3614844957491,0.19236132201495412,0,0
57,exclude,7,RTTP / PS.2,1,354.5,0.4962,0.66559337205937,0.32440662794063,691.5224458887429,308.47839877583556,0.308478138215279,0,0
57,exclude,10,RTTP / PS.WEST.3,1,739.2,0.5121,0.602731584221191,0.387268415778809,654.2594432662046,345.7414013983739,0.3457411093631055,0,0
57,exclude,13,PTTP/pooled / PHID.2/PL.ALL.2,0,1.0,0.5,0.728397570365586,0.26160242963441405,729.4176743494473,270.58317031513116,0.2705829417633047,0,0
57,exclude,14,PTTP/pooled / PS.2,1,354.5,0.4962,0.505627797505192,0.48437220249480795,595.8636071634776,404.1372375011009,0.40413689614097986,0,0
57,exclude,17,PTTP/pooled / PS.WEST.3,1,739.2,0.5121,0.826773890250749,0.163226109749251,793.3139534396382,206.68689122494027,0.20668671664399188,0,0
57,exclude,18,PTTP/pooled / PS.EAST.3,1,231.2,0.5282,0.948377623021039,0.041622376978960984,899.4229448536869,100.57789981089161,0.10057781485637401,0,0
57,exclude,19,JPTP / LL.WEST.1,0,1.0,0.5,0.989999963244595,3.675540494185725e-08,999.9074329824466,0.09341168213188666,9.341160323041419e-05,1,1
57,exclude,20,JPTP / LL.EAST.1/LL.ALL.2/LL.OS.2/LL.ARCH.3/LL.WEST.3/LL.EAST.3/LL.OS.3/LL.ALL.5,0,1.0,0.5,0.253189727367844,0.7368102726321559,413.3599843887702,586.6408602758083,0.5866403647614719,0,0
57,exclude,23,JPTP / PS.JP.1/PL.JP.1,0,1.0,0.5,0.989999998753584,1.2464159704350664e-09,999.9836429374376,0.017201727140900402,1.720171261122307e-05,1,1
57,exclude,29,JPTP / PS.WEST.3,0,1.0,0.5,0.236465549983518,0.753534450016482,397.6682718236044,602.3325728409741,0.602332064072415,0,0
62,include,1,RTTP/PTTP/pooled / LL.WEST.1/LL.EAST.1/LL.ALL.2/LL.OS.2/LL.ARCH.3/LL.WEST.3/LL.EAST.3/LL.OS.3/LL.ALL.5,0,1.0,0.5,0.216906129233377,0.7730938707666231,378.23206008529337,621.7687845792851,0.6217682593936604,0,0
62,include,6,RTTP / PHID.2/PL.ALL.2,0,1.0,0.5,0.318247608186048,0.671752391813952,468.21983395181,531.7810107127684,0.5317805615365646,0,0
62,include,7,RTTP / PS.2,1,354.5,0.4962,0.525862090341304,0.46413790965869595,608.2411936983541,391.7596509662244,0.39175932006100345,0,0
62,include,10,RTTP / PS.WEST.3,1,739.2,0.5121,0.553907527304322,0.43609247269567797,625.1764102295954,374.8244344349831,0.3748241178343276,0,0
62,include,13,PTTP/pooled / PHID.2/PL.ALL.2,0,1.0,0.5,0.435525312123836,0.5544746878761639,551.4725959310746,448.5282487335039,0.4485278698778998,0,0
62,include,14,PTTP/pooled / PS.2,1,354.5,0.4962,0.50201212431755,0.48798787568244995,593.635095363995,406.3657493005835,0.4063654060581191,0,0
62,include,17,PTTP/pooled / PS.WEST.3,1,739.2,0.5121,0.68454137387917,0.30545862612082997,702.8374238789156,297.1634207856629,0.2971631697824593,0,0
62,include,18,PTTP/pooled / PS.EAST.3,1,231.2,0.5282,0.747810673452357,0.24218932654764302,741.4438764520734,258.5569682125051,0.258556749818777,0,0
62,include,19,JPTP / LL.WEST.1,0,1.0,0.5,0.469383642633613,0.520616357366387,573.2520557733243,426.7487888912542,0.4267484284319728,0,0
62,include,20,JPTP / LL.EAST.1/LL.ALL.2/LL.OS.2/LL.ARCH.3/LL.WEST.3/LL.EAST.3/LL.OS.3/LL.ALL.5,0,1.0,0.5,0.110902717299924,0.879097282700076,238.05451724877128,761.9463274158072,0.7619456838272773,0,0
62,include,23,JPTP / PS.JP.1/PL.JP.1,0,1.0,0.5,0.989999998358117,1.6418829629216702e-09,999.9811017284443,0.01974293613420741,1.974291945806267e-05,1,1
62,include,29,JPTP / PS.WEST.3,0,1.0,0.5,0.124598891492542,0.865401108507458,261.3167611458863,738.6840835186922,0.7386834595789392,0,0
63,include,1,RTTP/PTTP/pooled / LL.WEST.1/LL.EAST.1/LL.ALL.2/LL.OS.2/LL.ARCH.3/LL.WEST.3/LL.EAST.3/LL.OS.3/LL.ALL.5,0,1.0,0.5,0.248770417475408,0.741229582524592,409.2890509837236,590.711793680855,0.5907112947279481,0,0
63,include,6,RTTP / PHID.2/PL.ALL.2,0,1.0,0.5,0.404362218993309,0.5856377810066911,530.7085198524375,469.29232481214103,0.46929192841787215,0,0
63,include,7,RTTP / PS.2,1,354.5,0.4962,0.515271800335677,0.474728199664323,601.7819796459079,398.2188650186706,0.39821852865758495,0,0
63,include,10,RTTP / PS.WEST.3,1,739.2,0.5121,0.586728402954267,0.403271597045733,644.7644636895498,355.23638097502874,0.35523608091969416,0,0
63,include,13,PTTP/pooled / PHID.2/PL.ALL.2,0,1.0,0.5,0.736820315100683,0.25317968489931697,734.6112185652322,265.3896260993463,0.265389401934319,0,0
63,include,14,PTTP/pooled / PS.2,1,354.5,0.4962,0.500171038201811,0.489828961798189,592.4982326636936,407.50261200088494,0.4075022677981537,0,0
63,include,17,PTTP/pooled / PS.WEST.3,1,739.2,0.5121,0.779087715583643,0.210912284416357,761.3124082283919,238.68843643618663,0.23868823482468937,0,0
63,include,18,PTTP/pooled / PS.EAST.3,1,231.2,0.5282,0.827924810606885,0.16207518939311494,794.120453830166,205.88039083441254,0.2058802169346859,0,0
63,include,19,JPTP / LL.WEST.1,0,1.0,0.5,0.635738171359658,0.35426182864034195,673.8028863825622,326.1979582820163,0.3261976827543881,0,0
63,include,20,JPTP / LL.EAST.1/LL.ALL.2/LL.OS.2/LL.ARCH.3/LL.WEST.3/LL.EAST.3/LL.OS.3/LL.ALL.5,0,1.0,0.5,0.165059243878635,0.824940756121365,319.1484516724017,680.8523929921769,0.6808518179007631,0,0
63,include,23,JPTP / PS.JP.1/PL.JP.1,0,1.0,0.5,0.989999996450893,3.5491070082827036e-09,999.9718177962798,0.029026868298728914,2.9026843780782146e-05,1,1
63,include,29,JPTP / PS.WEST.3,0,1.0,0.5,0.135475305580768,0.854524694419232,278.2646435976139,721.7362010669647,0.7217355914424756,0,0
65,include,1,RTTP/PTTP/pooled / LL.WEST.1/LL.EAST.1/LL.ALL.2/LL.OS.2/LL.ARCH.3/LL.WEST.3/LL.EAST.3/LL.OS.3/LL.ALL.5,0,1.0,0.5,0.256178847490825,0.733821152509175,416.08438469600844,583.91645996857,0.5839159667554361,0,0
65,include,6,RTTP / PHID.2/PL.ALL.2,0,1.0,0.5,0.38732752669163,0.6026724733083699,519.0070418305414,480.99380283403707,0.4809933965559525,0,0
65,include,7,RTTP / PS.2,1,354.5,0.4962,0.526066702693276,0.46393329730672395,608.3656070272673,391.6352376373112,0.3916349068371777,0,0
65,include,10,RTTP / PS.WEST.3,1,739.2,0.5121,0.573037653243774,0.416962346756226,636.6167808851316,363.38406377944693,0.36338375684205915,0,0
65,include,13,PTTP/pooled / PHID.2/PL.ALL.2,0,1.0,0.5,0.489669316436893,0.500330683563107,585.984868190935,414.0159764736435,0.41401562676930864,0,0
65,include,14,PTTP/pooled / PS.2,1,354.5,0.4962,0.498656387337749,0.491343612662251,591.561850431615,408.4389942329635,0.408438649239304,0,0
65,include,17,PTTP/pooled / PS.WEST.3,1,739.2,0.5121,0.768604862443746,0.22139513755625395,754.5746293785955,245.42621528598295,0.24542600798332737,0,0
65,include,18,PTTP/pooled / PS.EAST.3,1,231.2,0.5282,0.838456659313203,0.15154334068679698,801.5938344281059,198.40701023647262,0.1984068426492405,0,0
65,include,19,JPTP / LL.WEST.1,0,1.0,0.5,0.67430213764425,0.31569786235575004,696.713974305558,303.28687035902044,0.3032866141835603,0,0
65,include,20,JPTP / LL.EAST.1/LL.ALL.2/LL.OS.2/LL.ARCH.3/LL.WEST.3/LL.EAST.3/LL.OS.3/LL.ALL.5,0,1.0,0.5,0.152559171761449,0.837440828238551,302.6867775392579,697.3140671253207,0.6973134781293255,0,0
65,include,23,JPTP / PS.JP.1/PL.JP.1,0,1.0,0.5,0.989999998093332,1.906668045670301e-09,999.9795692414687,0.02127542310984154,2.1275405139260426e-05,1,1
65,include,29,JPTP / PS.WEST.3,0,1.0,0.5,0.13091313923159,0.85908686076841,271.3029665248994,728.6978781396791,0.728697262634913,0,0
66,exclude,1,RTTP/PTTP/pooled / LL.WEST.1/LL.EAST.1/LL.ALL.2/LL.OS.2/LL.ARCH.3/LL.WEST.3/LL.EAST.3/LL.OS.3/LL.ALL.5,0,1.0,0.5,0.293981365037121,0.696018634962879,448.74239114576613,551.2584535188123,0.5512579878907163,0,0
66,exclude,6,RTTP / PHID.2/PL.ALL.2,0,1.0,0.5,0.729929445166009,0.260070554833991,730.3596731127949,269.6411715517836,0.2696409437956295,0,0
66,exclude,7,RTTP / PS.2,1,354.5,0.4962,0.674708181114105,0.31529181888589497,696.9563751789042,303.0444694856743,0.3030442135149614,0,0
66,exclude,10,RTTP / PS.WEST.3,1,739.2,0.5121,0.591121312665942,0.39887868733405796,647.3734322257535,352.627412438825,0.35262711458719187,0,0
66,exclude,13,PTTP/pooled / PHID.2/PL.ALL.2,0,1.0,0.5,0.603088334101946,0.38691166589805404,654.4708547776507,345.52998988692775,0.345529698030231,0,0
66,exclude,14,PTTP/pooled / PS.2,1,354.5,0.4962,0.504831590883809,0.48516840911619097,595.3733326912687,404.62751197330977,0.40462717019907163,0,0
66,exclude,17,PTTP/pooled / PS.WEST.3,1,739.2,0.5121,0.780472044451481,0.209527955548519,762.2088524425046,237.79199222207387,0.23779179136777065,0,0
66,exclude,18,PTTP/pooled / PS.EAST.3,1,231.2,0.5282,0.898147993033796,0.09185200696620399,848.3663330622858,151.63451160229272,0.15163438352210007,0,0
66,exclude,19,JPTP / LL.WEST.1,0,1.0,0.5,0.661845234133592,0.328154765866408,689.2920497196125,310.70879494496603,0.31070853250047437,0,0
66,exclude,20,JPTP / LL.EAST.1/LL.ALL.2/LL.OS.2/LL.ARCH.3/LL.WEST.3/LL.EAST.3/LL.OS.3/LL.ALL.5,0,1.0,0.5,0.167956310909077,0.822043689090923,322.8166633895382,677.1841812750404,0.6771836092820325,0,0
66,exclude,23,JPTP / PS.JP.1/PL.JP.1,0,1.0,0.5,0.989999998853522,1.1464780236281058e-09,999.9843469655518,0.016497699026672308,1.6497685091662082e-05,1,1
66,exclude,29,JPTP / PS.WEST.3,0,1.0,0.5,0.201718322982599,0.788281677017401,362.19598533119137,637.8048593333872,0.6378043206026696,0,0
68,exclude,1,RTTP/PTTP/pooled / LL.WEST.1/LL.EAST.1/LL.ALL.2/LL.OS.2/LL.ARCH.3/LL.WEST.3/LL.EAST.3/LL.OS.3/LL.ALL.5,0,1.0,0.5,0.293400744609191,0.6965992553908089,448.26343947945173,551.7374051851268,0.5517369391524777,0,0
68,exclude,6,RTTP / PHID.2/PL.ALL.2,0,1.0,0.5,0.717812703617771,0.27218729638222894,722.9375373085957,277.06330735598283,0.2770630733306188,0,0
68,exclude,7,RTTP / PS.2,1,354.5,0.4962,0.665911612368399,0.32408838763160097,691.7119230381269,308.2889216264516,0.3082886612259395,0,0
68,exclude,10,RTTP / PS.WEST.3,1,739.2,0.5121,0.586140432017927,0.403859567982073,644.4150895755283,355.58575508905017,0.3555854547386119,0,0
68,exclude,13,PTTP/pooled / PHID.2/PL.ALL.2,0,1.0,0.5,0.576987356540002,0.413012643459998,638.9702428384473,361.03060182613115,0.36103029687662763,0,0
68,exclude,14,PTTP/pooled / PS.2,1,354.5,0.4962,0.505230688438489,0.48476931156151104,595.619114696725,404.3817299678535,0.4043813884012185,0,0
68,exclude,17,PTTP/pooled / PS.WEST.3,1,739.2,0.5121,0.773711870167372,0.21628812983262802,757.8462411878888,242.15460347668966,0.24215439893744634,0,0
68,exclude,18,PTTP/pooled / PS.EAST.3,1,231.2,0.5282,0.89170026598696,0.09829973401304004,842.8287578234646,157.17208684111392,0.15717195408353157,0,0
68,exclude,19,JPTP / LL.WEST.1,0,1.0,0.5,0.682018989353134,0.307981010646866,701.3267513448062,298.6740933197723,0.2986738410405582,0,0
68,exclude,20,JPTP / LL.EAST.1/LL.ALL.2/LL.OS.2/LL.ARCH.3/LL.WEST.3/LL.EAST.3/LL.OS.3/LL.ALL.5,0,1.0,0.5,0.157762777177789,0.832237222822211,309.67011566465413,690.3307289999243,0.6903301459025026,0,0
68,exclude,23,JPTP / PS.JP.1/PL.JP.1,0,1.0,0.5,0.989999998900947,1.0990529597521004e-09,999.9846917879307,0.01615287664776588,1.615286300401466e-05,1,1
68,exclude,29,JPTP / PS.WEST.3,0,1.0,0.5,0.18578003203007,0.80421996796993,344.31995760001536,655.6808870645632,0.655680333234611,0,0
69,exclude,1,RTTP/PTTP/pooled / LL.WEST.1/LL.EAST.1/LL.ALL.2/LL.OS.2/LL.ARCH.3/LL.WEST.3/LL.EAST.3/LL.OS.3/LL.ALL.5,0,1.0,0.5,0.264136586917933,0.7258634130820669,423.2277132680295,576.7731313965489,0.5767726442171265,0,0
69,exclude,6,RTTP / PHID.2/PL.ALL.2,0,1.0,0.5,0.625328508760912,0.36467149123908804,667.6397503078227,332.36109435675576,0.3323608136233492,0,0
69,exclude,7,RTTP / PS.2,1,354.5,0.4962,0.673598834479551,0.31640116552044895,696.2941921959685,303.70665246860995,0.303706395938575,0,0
69,exclude,10,RTTP / PS.WEST.3,1,739.2,0.5121,0.556563605387192,0.43343639461280803,626.7694471377671,373.2313975268114,0.3732310822717366,0,0
69,exclude,13,PTTP/pooled / PHID.2/PL.ALL.2,0,1.0,0.5,0.545367189617938,0.44463281038206204,620.0425466372748,379.9582980273037,0.37995797709025914,0,0
69,exclude,14,PTTP/pooled / PS.2,1,354.5,0.4962,0.504847234347323,0.48515276565267695,595.3829678660937,404.61787679848476,0.40461753503238507,0,0
69,exclude,17,PTTP/pooled / PS.WEST.3,1,739.2,0.5121,0.744424760811825,0.24557523918817503,739.3316825275763,260.6691621370022,0.2606689419591802,0,0
69,exclude,18,PTTP/pooled / PS.EAST.3,1,231.2,0.5282,0.815925270987635,0.17407472901236498,785.8021210778875,214.19872358669102,0.21419854266076926,0,0
69,exclude,19,JPTP / LL.WEST.1,0,1.0,0.5,0.575691698644487,0.414308301355513,638.1984957375079,361.8023489270706,0.3618020433257002,0,0
69,exclude,20,JPTP / LL.EAST.1/LL.ALL.2/LL.OS.2/LL.ARCH.3/LL.WEST.3/LL.EAST.3/LL.OS.3/LL.ALL.5,0,1.0,0.5,0.132883427396834,0.857116572603166,274.3345370084435,725.666307656135,0.7256656947120269,0,0
69,exclude,23,JPTP / PS.JP.1/PL.JP.1,0,1.0,0.5,0.989999998771829,1.2281710093375864e-09,999.9837692931751,0.017075371403393547,1.707535698044434e-05,1,1
69,exclude,29,JPTP / PS.WEST.3,0,1.0,0.5,0.141192544607135,0.848807455392865,286.7128763165594,713.2879683480191,0.713287365859447,0,0
70,exclude,1,RTTP/PTTP/pooled / LL.WEST.1/LL.EAST.1/LL.ALL.2/LL.OS.2/LL.ARCH.3/LL.WEST.3/LL.EAST.3/LL.OS.3/LL.ALL.5,0,1.0,0.5,0.221249715099784,0.768750284900216,382.6592644936859,617.3415801708926,0.6173410587247674,0,0
70,exclude,6,RTTP / PHID.2/PL.ALL.2,0,1.0,0.5,0.748070436196392,0.24192956380360797,741.606197362472,258.3946473021065,0.258394429045485,0,0
70,exclude,7,RTTP / PS.2,1,354.5,0.4962,0.657106215848686,0.332893784151314,686.4749633013673,313.52588136321117,0.31352561653922845,0,0
70,exclude,10,RTTP / PS.WEST.3,1,739.2,0.5121,0.530122063914711,0.45987793608528904,610.828599879904,389.1722447846745,0.38917191606494206,0,0
70,exclude,13,PTTP/pooled / PHID.2/PL.ALL.2,0,1.0,0.5,0.824434942212262,0.165565057787738,791.680798710713,208.32004595386547,0.20831986999345029,0,0
70,exclude,14,PTTP/pooled / PS.2,1,354.5,0.4962,0.515034528956442,0.474965471043558,601.6368001529175,398.36404451166095,0.3983637080279474,0,0
70,exclude,17,PTTP/pooled / PS.WEST.3,1,739.2,0.5121,0.672574108619949,0.31742589138005095,695.6827353171731,304.3181093474054,0.304317852300895,0,0
70,exclude,18,PTTP/pooled / PS.EAST.3,1,231.2,0.5282,0.777018007888973,0.21298199211102697,759.9751321133565,240.025712551222,0.24002550981017592,0,0
70,exclude,19,JPTP / LL.WEST.1,0,1.0,0.5,0.545137568304765,0.444862431695235,619.904256075717,380.09658858886155,0.38009626753500797,0,0
70,exclude,20,JPTP / LL.EAST.1/LL.ALL.2/LL.OS.2/LL.ARCH.3/LL.WEST.3/LL.EAST.3/LL.OS.3/LL.ALL.5,0,1.0,0.5,0.133743931161925,0.8562560688380749,275.6465198127784,724.3543248518001,0.7243537130158765,0,0
70,exclude,23,JPTP / PS.JP.1/PL.JP.1,0,1.0,0.5,0.989999998709105,1.2908949464929265e-09,999.9833386989578,0.017505965620671304,1.7505950834014723e-05,1,1
70,exclude,29,JPTP / PS.WEST.3,0,1.0,0.5,0.124222366719063,0.865777633280937,260.7076239729992,739.2932206915793,0.7392925962373101,0,0
71,include,1,RTTP/PTTP/pooled / LL.WEST.1/LL.EAST.1/LL.ALL.2/LL.OS.2/LL.ARCH.3/LL.WEST.3/LL.EAST.3/LL.OS.3/LL.ALL.5,0,1.0,0.5,0.339306536512389,0.6506934634876109,484.3570212081594,515.6438234564191,0.5156433879107142,0,0
71,include,6,RTTP / PHID.2/PL.ALL.2,0,1.0,0.5,0.410135153468577,0.579864846531423,534.6145092980476,465.38633536653094,0.4653859422715102,0,0
71,include,7,RTTP / PS.2,1,354.5,0.4962,0.554531217574898,0.435468782425102,625.5506285573417,374.45021610723677,0.37444989982266996,0,0
71,include,10,RTTP / PS.WEST.3,1,739.2,0.5121,0.599050885750739,0.39094911424926104,652.0777019667241,347.92314269785436,0.3479228488197479,0,0
71,include,13,PTTP/pooled / PHID.2/PL.ALL.2,0,1.0,0.5,0.863783991172546,0.12621600882745398,820.3709176031069,179.62992706147156,0.1796297753345631,0,0
71,include,14,PTTP/pooled / PS.2,1,354.5,0.4962,0.508254324007011,0.481745675992989,597.4790953492538,402.52174931532466,0.4025214093197481,0,0
71,include,17,PTTP/pooled / PS.WEST.3,1,739.2,0.5121,0.854558910838718,0.13544108916128195,813.3846431168403,186.61620154773823,0.18661604391977615,0,0
71,include,18,PTTP/pooled / PS.EAST.3,1,231.2,0.5282,0.972936671377786,0.017063328622213936,936.0509267483783,63.94991791620021,0.06394986390001538,0,0
71,include,19,JPTP / LL.WEST.1,0,1.0,0.5,0.882267683798596,0.107732316201404,834.9876579267501,165.0131867378284,0.1650130473571523,0,0
71,include,20,JPTP / LL.EAST.1/LL.ALL.2/LL.OS.2/LL.ARCH.3/LL.WEST.3/LL.EAST.3/LL.OS.3/LL.ALL.5,0,1.0,0.5,0.242683066902166,0.747316933097834,403.5943033107436,596.4065413538349,0.5964060375907805,0,0
71,include,23,JPTP / PS.JP.1/PL.JP.1,0,1.0,0.5,0.989999999074744,9.252559829420193e-10,999.9860238633783,0.014820801200244205,1.482078868164898e-05,1,1
71,include,29,JPTP / PS.WEST.3,0,1.0,0.5,0.138707168006767,0.851292831993233,283.07658255359314,716.9242621109854,0.7169236565509672,0,0
72,exclude,1,RTTP/PTTP/pooled / LL.WEST.1/LL.EAST.1/LL.ALL.2/LL.OS.2/LL.ARCH.3/LL.WEST.3/LL.EAST.3/LL.OS.3/LL.ALL.5,0,1.0,0.5,0.239316636264496,0.7506833637355039,400.39981310710056,599.6010315574779,0.5996005250961531,0,0
72,exclude,6,RTTP / PHID.2/PL.ALL.2,0,1.0,0.5,0.686738655997888,0.303261344002112,704.1546524997143,295.8461921648642,0.2958459422742761,0,0
72,exclude,7,RTTP / PS.2,1,354.5,0.4962,0.6570788970759,0.33292110292410004,686.4587326041997,313.5421120603788,0.3135418472226866,0,0
72,exclude,10,RTTP / PS.WEST.3,1,739.2,0.5121,0.582014283169508,0.407985716830492,641.9620525780726,358.03879208650585,0.3580384896640759,0,0
72,exclude,13,PTTP/pooled / PHID.2/PL.ALL.2,0,1.0,0.5,0.539843436184925,0.45015656381507496,616.7118538962033,383.28899076837524,0.3832886670180149,0,0
72,exclude,14,PTTP/pooled / PS.2,1,354.5,0.4962,0.501608541026085,0.488391458973915,593.3860079640308,406.6148367005477,0.40661449324768817,0,0
72,exclude,17,PTTP/pooled / PS.WEST.3,1,739.2,0.5121,0.752480230290878,0.23751976970912203,744.3679918729883,255.63285279159015,0.25563263686775667,0,0
72,exclude,18,PTTP/pooled / PS.EAST.3,1,231.2,0.5282,0.870794640163449,0.119205359836551,825.8101187639428,174.1907259006357,0.1741905787680239,0,0
72,exclude,19,JPTP / LL.WEST.1,0,1.0,0.5,0.989999981039312,1.896068801965356e-08,999.9337531437865,0.06709152079201885,6.70914641222356e-05,1,1
72,exclude,20,JPTP / LL.EAST.1/LL.ALL.2/LL.OS.2/LL.ARCH.3/LL.WEST.3/LL.EAST.3/LL.OS.3/LL.ALL.5,0,1.0,0.5,0.195130531042168,0.794869468957832,354.94720889659135,645.0536357679871,0.6450530909144899,0,0
72,exclude,23,JPTP / PS.JP.1/PL.JP.1,0,1.0,0.5,0.989999998764339,1.2356610179509175e-09,999.9837173075304,0.017127357048138947,1.7127342581279344e-05,1,1
72,exclude,29,JPTP / PS.WEST.3,0,1.0,0.5,0.176970862291029,0.813029137708971,333.91061994890106,666.0902247156774,0.6660896620933338,0,0
73,exclude,1,RTTP/PTTP/pooled / LL.WEST.1/LL.EAST.1/LL.ALL.2/LL.OS.2/LL.ARCH.3/LL.WEST.3/LL.EAST.3/LL.OS.3/LL.ALL.5,0,1.0,0.5,0.217035733901673,0.772964266098327,378.3651332479702,621.6357114166083,0.6216351863433857,0,0
73,exclude,6,RTTP / PHID.2/PL.ALL.2,0,1.0,0.5,0.594948308772778,0.39505169122722195,649.6445740995954,350.3562705649831,0.3503559746317015,0,0
73,exclude,7,RTTP / PS.2,1,354.5,0.4962,0.664225177527193,0.325774822472807,690.7080229579519,309.29282170662657,0.30929256045815634,0,0
73,exclude,10,RTTP / PS.WEST.3,1,739.2,0.5121,0.568134897245332,0.42186510275466804,633.6917033383756,366.30914132620285,0.36630883191810776,0,0
73,exclude,13,PTTP/pooled / PHID.2/PL.ALL.2,0,1.0,0.5,0.493755921415597,0.496244078584403,588.5253810477966,411.4754636167819,0.41147511605832643,0,0
73,exclude,14,PTTP/pooled / PS.2,1,354.5,0.4962,0.498715645869848,0.491284354130152,591.5985037461373,408.40234091844115,0.4084019959557414,0,0
73,exclude,17,PTTP/pooled / PS.WEST.3,1,739.2,0.5121,0.73194032495322,0.25805967504677996,731.5979266875418,268.40291797703674,0.26840269126679067,0,0
73,exclude,18,PTTP/pooled / PS.EAST.3,1,231.2,0.5282,0.856328565582044,0.13367143441795604,814.7107343209761,185.29011034360235,0.1852899538357416,0,0
73,exclude,19,JPTP / LL.WEST.1,0,1.0,0.5,0.513686361923721,0.476313638076279,600.8114944054199,399.1893502591586,0.3991890130783391,0,0
73,exclude,20,JPTP / LL.EAST.1/LL.ALL.2/LL.OS.2/LL.ARCH.3/LL.WEST.3/LL.EAST.3/LL.OS.3/LL.ALL.5,0,1.0,0.5,0.122110881329024,0.867889118670976,257.2618532484531,742.7389914161254,0.7427383640513382,0,0
73,exclude,23,JPTP / PS.JP.1/PL.JP.1,0,1.0,0.5,0.989999998106237,1.8937630352766632e-09,999.9796413681388,0.021203296439693986,2.1203278530035665e-05,1,1
73,exclude,29,JPTP / PS.WEST.3,0,1.0,0.5,0.168761175600146,0.821238824399854,323.82659313339286,676.1742515311856,0.6761736803912289,0,0
74,include,1,RTTP/PTTP/pooled / LL.WEST.1/LL.EAST.1/LL.ALL.2/LL.OS.2/LL.ARCH.3/LL.WEST.3/LL.EAST.3/LL.OS.3/LL.ALL.5,0,1.0,0.5,0.362286510764774,0.6277134892352261,501.2745497310339,498.7262949335446,0.4987258736774647,0,0
74,include,6,RTTP / PHID.2/PL.ALL.2,0,1.0,0.5,0.809719530780979,0.18028046921902097,781.5735493235494,218.4272953410291,0.2184271108433856,0,0
74,include,7,RTTP / PS.2,1,354.5,0.4962,0.524127158915946,0.465872841084054,607.1857125945063,392.8151320700722,0.3928148002733245,0,0
74,include,10,RTTP / PS.WEST.3,1,739.2,0.5121,0.599515284555345,0.390484715444655,652.3530329799524,347.64781168462605,0.3476475180390818,0,0
74,include,13,PTTP/pooled / PHID.2/PL.ALL.2,0,1.0,0.5,0.916179280283926,0.07382071971607396,864.7918361721648,135.20900849241366,0.13520889428624996,0,0
74,include,14,PTTP/pooled / PS.2,1,354.5,0.4962,0.503891628677894,0.48610837132210594,594.7942023108092,405.2066423537693,0.4052063000903607,0,0
74,include,17,PTTP/pooled / PS.WEST.3,1,739.2,0.5121,0.868300427340829,0.12169957265917097,823.8612927790912,176.13955188548732,0.17613940310677265,0,0
74,include,18,PTTP/pooled / PS.EAST.3,1,231.2,0.5282,0.98095798499023,0.009042015009769977,953.5530649602428,46.447779704335744,0.046447740471574614,0,0
74,include,19,JPTP / LL.WEST.1,0,1.0,0.5,0.989999984802502,1.5197498037800017e-08,999.9407789516346,0.060065712943924154,6.0065662208586904e-05,1,1
74,include,20,JPTP / LL.EAST.1/LL.ALL.2/LL.OS.2/LL.ARCH.3/LL.WEST.3/LL.EAST.3/LL.OS.3/LL.ALL.5,0,1.0,0.5,0.286495969675386,0.7035040303246141,442.5177127068512,557.4831319577272,0.5574826610718703,0,0
74,include,23,JPTP / PS.JP.1/PL.JP.1,0,1.0,0.5,0.989999998148425,1.8515750044301171e-09,999.9798788721422,0.020965792436300035,2.0965774727252762e-05,1,1
74,include,29,JPTP / PS.WEST.3,0,1.0,0.5,0.137746974913326,0.852253025086674,281.6569663029178,718.3438783616607,0.718343271602544,0,0
75,exclude,1,RTTP/PTTP/pooled / LL.WEST.1/LL.EAST.1/LL.ALL.2/LL.OS.2/LL.ARCH.3/LL.WEST.3/LL.EAST.3/LL.OS.3/LL.ALL.5,0,1.0,0.5,0.280347462002982,0.709652537997018,437.3209263341229,562.6799183304556,0.562679443055061,0,0
75,exclude,6,RTTP / PHID.2/PL.ALL.2,0,1.0,0.5,0.766897578094999,0.22310242190500096,753.4853283443377,246.51551632024075,0.24651530809749195,0,0
75,exclude,7,RTTP / PS.2,1,354.5,0.4962,0.674524107403852,0.31547589259614794,696.8464822910794,303.1543623734991,0.3031541063099637,0,0
75,exclude,10,RTTP / PS.WEST.3,1,739.2,0.5121,0.612964208491699,0.377035791508301,660.3204553509852,339.6803893135933,0.3396801023978428,0,0
75,exclude,13,PTTP/pooled / PHID.2/PL.ALL.2,0,1.0,0.5,0.628275351333034,0.36172464866696596,669.3841678033261,330.61667686125236,0.33061639760129224,0,0
75,exclude,14,PTTP/pooled / PS.2,1,354.5,0.4962,0.500787543087926,0.48921245691207405,592.8790829121908,407.12176175238767,0.40712141787134687,0,0
75,exclude,17,PTTP/pooled / PS.WEST.3,1,739.2,0.5121,0.826492597010825,0.163507402989175,793.1171299319997,206.88371473257882,0.20688353998538073,0,0
75,exclude,18,PTTP/pooled / PS.EAST.3,1,231.2,0.5282,0.918592095927615,0.07140790407238495,867.1146472468574,132.88619741772106,0.13288608517355194,0,0
75,exclude,19,JPTP / LL.WEST.1,0,1.0,0.5,0.989999989679352,1.0320648002881683e-08,999.9513459330126,0.04949873156590456,4.9498689756114644e-05,1,1
75,exclude,20,JPTP / LL.EAST.1/LL.ALL.2/LL.OS.2/LL.ARCH.3/LL.WEST.3/LL.EAST.3/LL.OS.3/LL.ALL.5,0,1.0,0.5,0.226520875228011,0.763479124771989,387.9442026324372,612.0566420321413,0.6120561250500125,0,0
75,exclude,23,JPTP / PS.JP.1/PL.JP.1,0,1.0,0.5,0.98999999820284,1.7971599763910717e-09,999.98018924928,0.02065541529850634,2.0655397851623423e-05,1,1
75,exclude,29,JPTP / PS.WEST.3,0,1.0,0.5,0.297869068628661,0.692130931371339,451.93300959579494,548.0678350687836,0.5480673721356877,0,0
76,exclude,1,RTTP/PTTP/pooled / LL.WEST.1/LL.EAST.1/LL.ALL.2/LL.OS.2/LL.ARCH.3/LL.WEST.3/LL.EAST.3/LL.OS.3/LL.ALL.5,0,1.0,0.5,0.307543031575715,0.6824569684242849,459.7532374642669,540.2476072003117,0.5402471508726797,0,0
76,exclude,6,RTTP / PHID.2/PL.ALL.2,0,1.0,0.5,0.756139280073726,0.233860719926274,746.6687796025358,253.33206506204272,0.2533318510816015,0,0
76,exclude,7,RTTP / PS.2,1,354.5,0.4962,0.665848033185291,0.32415196681470904,691.6740672904643,308.32677737411416,0.30832651694162666,0,0
76,exclude,10,RTTP / PS.WEST.3,1,739.2,0.5121,0.590865645766813,0.399134354233187,647.2216510892353,352.77919357534324,0.35277889559550607,0,0
76,exclude,13,PTTP/pooled / PHID.2/PL.ALL.2,0,1.0,0.5,0.634585643993849,0.355414356006151,673.120341654002,326.8805030105765,0.32688022690642743,0,0
76,exclude,14,PTTP/pooled / PS.2,1,354.5,0.4962,0.503670354134753,0.48632964586524696,594.6578171257237,405.3430275388548,0.4053426851602465,0,0
76,exclude,17,PTTP/pooled / PS.WEST.3,1,739.2,0.5121,0.789459718080193,0.200540281919807,768.0698804208229,231.93096424375562,0.23193076834005094,0,0
76,exclude,18,PTTP/pooled / PS.EAST.3,1,231.2,0.5282,0.913656123481761,0.07634387651823904,862.3977289215702,137.6031157430083,0.1376029995146287,0,0
76,exclude,19,JPTP / LL.WEST.1,0,1.0,0.5,0.794787424424303,0.19521257557569704,771.5796571832747,228.42118748130383,0.22842099454218076,0,0
76,exclude,20,JPTP / LL.EAST.1/LL.ALL.2/LL.OS.2/LL.ARCH.3/LL.WEST.3/LL.EAST.3/LL.OS.3/LL.ALL.5,0,1.0,0.5,0.187987439407499,0.802012560592501,346.866367424938,653.1344772396405,0.6531339255605486,0,0
76,exclude,23,JPTP / PS.JP.1/PL.JP.1,0,1.0,0.5,0.989999998609569,1.3904309925649727e-09,999.9826763238492,0.01816834072928941,1.816832538314851e-05,1,1
76,exclude,29,JPTP / PS.WEST.3,0,1.0,0.5,0.205763108176875,0.7842368918231251,366.5554799877536,633.445364676825,0.633444829628415,0,0
78,include,1,RTTP/PTTP/pooled / LL.WEST.1/LL.EAST.1/LL.ALL.2/LL.OS.2/LL.ARCH.3/LL.WEST.3/LL.EAST.3/LL.OS.3/LL.ALL.5,0,1.0,0.5,0.231593255690585,0.758406744309415,392.9430834722423,607.0577611923362,0.6070572484325814,0,0
78,include,6,RTTP / PHID.2/PL.ALL.2,0,1.0,0.5,0.376053630065406,0.613946369934594,511.1068784228902,488.8939662416883,0.4888935532906212,0,0
78,include,7,RTTP / PS.2,1,354.5,0.4962,0.511170222917859,0.47882977708214103,599.2693424332831,400.7315022312954,0.4007311637478759,0,0
78,include,10,RTTP / PS.WEST.3,1,739.2,0.5121,0.584205440064137,0.405794559935863,643.2649996115103,356.73584505306815,0.3567355437311905,0,0
78,include,13,PTTP/pooled / PHID.2/PL.ALL.2,0,1.0,0.5,0.743210995486916,0.24678900451308394,738.5761112271878,261.4247334373907,0.26142451262136496,0,0
78,include,14,PTTP/pooled / PS.2,1,354.5,0.4962,0.501228008677665,0.48877199132233495,593.1510840314877,406.8497606330908,0.4068494169817995,0,0
78,include,17,PTTP/pooled / PS.WEST.3,1,739.2,0.5121,0.766117819406061,0.22388218059393894,752.9885317560255,247.01231290855299,0.24701210426617806,0,0
78,include,18,PTTP/pooled / PS.EAST.3,1,231.2,0.5282,0.781484550634366,0.20851544936563404,762.8655509253887,237.13529373918982,0.23713509343957606,0,0
78,include,19,JPTP / LL.WEST.1,0,1.0,0.5,0.989999986203005,1.3796994990933342e-08,999.9436134666738,0.05723119790468445,5.7231149563559625e-05,1,1
78,include,20,JPTP / LL.EAST.1/LL.ALL.2/LL.OS.2/LL.ARCH.3/LL.WEST.3/LL.EAST.3/LL.OS.3/LL.ALL.5,0,1.0,0.5,0.189231558694948,0.800768441305052,348.2910962292164,651.7097484353621,0.6517091979596872,0,0
78,include,23,JPTP / PS.JP.1/PL.JP.1,0,1.0,0.5,0.989999997141333,2.8586669698071887e-09,999.9747937852662,0.02605087931226535,2.6050857308028943e-05,1,1
78,include,29,JPTP / PS.WEST.3,0,1.0,0.5,0.131648122332628,0.858351877667372,272.43837352919104,727.5624711353875,0.7275618565896586,0,0
79,exclude,1,RTTP/PTTP/pooled / LL.WEST.1/LL.EAST.1/LL.ALL.2/LL.OS.2/LL.ARCH.3/LL.WEST.3/LL.EAST.3/LL.OS.3/LL.ALL.5,0,1.0,0.5,0.235530485202009,0.754469514797991,396.76709645496436,603.2337482096141,0.6032332386798648,0,0
79,exclude,6,RTTP / PHID.2/PL.ALL.2,0,1.0,0.5,0.717207299445821,0.27279270055417904,722.5683460021405,277.432498662438,0.2774322643252314,0,0
79,exclude,7,RTTP / PS.2,1,354.5,0.4962,0.657916870655425,0.33208312934457496,686.9566357726808,313.0442088918977,0.3130439444747663,0,0
79,exclude,10,RTTP / PS.WEST.3,1,739.2,0.5121,0.578519577765111,0.411480422234889,639.8825563120423,360.1182883525362,0.3601179841736309,0,0
79,exclude,13,PTTP/pooled / PHID.2/PL.ALL.2,0,1.0,0.5,0.502872291204202,0.48712770879579803,594.1657518029995,405.835092861579,0.40583475006734093,0,0
79,exclude,14,PTTP/pooled / PS.2,1,354.5,0.4962,0.500095152330989,0.489904847669011,592.4513423509228,407.5495023136557,0.40754915807131786,0,0
79,exclude,17,PTTP/pooled / PS.WEST.3,1,739.2,0.5121,0.739527223569066,0.250472776430934,736.2879531696653,263.71289149491315,0.26371266874616295,0,0
79,exclude,18,PTTP/pooled / PS.EAST.3,1,231.2,0.5282,0.843854999227926,0.14614500077207404,805.4943345954288,194.50651006914973,0.19450634577652914,0,0
79,exclude,19,JPTP / LL.WEST.1,0,1.0,0.5,0.989999994806446,5.193554031279746e-09,999.9657312632521,0.03511340132638452,3.511337166736324e-05,1,1
79,exclude,20,JPTP / LL.EAST.1/LL.ALL.2/LL.OS.2/LL.ARCH.3/LL.WEST.3/LL.EAST.3/LL.OS.3/LL.ALL.5,0,1.0,0.5,0.34844755002604,0.64155244997396,491.16705536018054,508.83378930439795,0.5088333595108828,0,0
79,exclude,23,JPTP / PS.JP.1/PL.JP.1,0,1.0,0.5,0.989999998847498,1.1525019827374194e-09,999.9843036785996,0.016540985978849676,1.6540972007276528e-05,1,1
79,exclude,29,JPTP / PS.WEST.3,0,1.0,0.5,0.194227979166818,0.795772020833182,353.9391977571929,646.0616469073856,0.6460611012024579,0,0
80,include,1,RTTP/PTTP/pooled / LL.WEST.1/LL.EAST.1/LL.ALL.2/LL.OS.2/LL.ARCH.3/LL.WEST.3/LL.EAST.3/LL.OS.3/LL.ALL.5,0,1.0,0.5,0.275629958033951,0.714370041966049,433.2799207555387,566.7209239090398,0.5667204452203538,0,0
80,include,6,RTTP / PHID.2/PL.ALL.2,0,1.0,0.5,0.430059875343587,0.5599401246564131,547.8853907585138,452.11545390606466,0.4521150720204779,0,0
80,include,7,RTTP / PS.2,1,354.5,0.4962,0.536933608892982,0.45306639110701796,614.953835310591,385.0470093539875,0.38504668411869236,0,0
80,include,10,RTTP / PS.WEST.3,1,739.2,0.5121,0.574416543019035,0.415583456980965,637.4386954064753,362.5621492581032,0.3625618430149569,0,0
80,include,13,PTTP/pooled / PHID.2/PL.ALL.2,0,1.0,0.5,0.737065155264521,0.252934844735479,734.7627213315534,265.2381233330251,0.2652378992959667,0,0
80,include,14,PTTP/pooled / PS.2,1,354.5,0.4962,0.505658284648588,0.484341715351412,595.8823748446279,404.11846981995063,0.40411812847568196,0,0
80,include,17,PTTP/pooled / PS.WEST.3,1,739.2,0.5121,0.768084405218613,0.221915594781387,754.2423322505441,245.75851241403439,0.24575830483069944,0,0
80,include,18,PTTP/pooled / PS.EAST.3,1,231.2,0.5282,0.834176521798447,0.15582347820155296,798.5357706051651,201.46507405941338,0.20146490388914526,0,0
80,include,19,JPTP / LL.WEST.1,0,1.0,0.5,0.625144885306832,0.364855114693168,667.5310561323162,332.4697885322623,0.33246950770704575,0,0
80,include,20,JPTP / LL.EAST.1/LL.ALL.2/LL.OS.2/LL.ARCH.3/LL.WEST.3/LL.EAST.3/LL.OS.3/LL.ALL.5,0,1.0,0.5,0.157397443625507,0.832602556374493,309.18610972264366,690.8147349419348,0.6908141514356908,0,0
80,include,23,JPTP / PS.JP.1/PL.JP.1,0,1.0,0.5,0.989999998868234,1.131766014239588e-09,999.9844531519777,0.016391512600762326,1.6391498755443937e-05,1,1
80,include,29,JPTP / PS.WEST.3,0,1.0,0.5,0.142364509079212,0.8476354909207879,288.40882024495494,711.5920244196236,0.711591423363554,0,0
81,exclude,1,RTTP/PTTP/pooled / LL.WEST.1/LL.EAST.1/LL.ALL.2/LL.OS.2/LL.ARCH.3/LL.WEST.3/LL.EAST.3/LL.OS.3/LL.ALL.5,0,1.0,0.5,0.211793763244857,0.778206236755143,372.9336485441376,627.0671961204409,0.6270666664594394,0,0
81,exclude,6,RTTP / PHID.2/PL.ALL.2,0,1.0,0.5,0.612171942320979,0.37782805767902095,659.8513525337262,340.1494921308523,0.3401492048188676,0,0
81,exclude,7,RTTP / PS.2,1,354.5,0.4962,0.664621999016086,0.325378000983914,690.944201597337,309.05664306724145,0.3090563820182628,0,0
81,exclude,10,RTTP / PS.WEST.3,1,739.2,0.5121,0.567578788874055,0.422421211125945,633.3596412700783,366.64120339450017,0.36664089370592423,0,0
81,exclude,13,PTTP/pooled / PHID.2/PL.ALL.2,0,1.0,0.5,0.465725706414265,0.524274293585735,570.9327886321793,429.0680560323992,0.4290676936141167,0,0
81,exclude,14,PTTP/pooled / PS.2,1,354.5,0.4962,0.501655616459444,0.488344383540556,593.4150659884477,406.58577867613076,0.4065854352478155,0,0
81,exclude,17,PTTP/pooled / PS.WEST.3,1,739.2,0.5121,0.716155128693267,0.27384487130673296,721.9270562527355,278.073788411843,0.2780735535329621,0,0
81,exclude,18,PTTP/pooled / PS.EAST.3,1,231.2,0.5282,0.801486493737247,0.18851350626275298,776.0333633210173,223.9674813435612,0.22396729216632275,0,0
81,exclude,19,JPTP / LL.WEST.1,0,1.0,0.5,0.989999959990895,4.000910502899302e-08,999.9033861007947,0.09745856378378903,9.745848146406187e-05,1,1
81,exclude,20,JPTP / LL.EAST.1/LL.ALL.2/LL.OS.2/LL.ARCH.3/LL.WEST.3/LL.EAST.3/LL.OS.3/LL.ALL.5,0,1.0,0.5,0.224211113678731,0.765788886321269,385.63997215112323,614.3608725134552,0.614360353585026,0,0
81,exclude,23,JPTP / PS.JP.1/PL.JP.1,0,1.0,0.5,0.989999998987946,1.0120539961633312e-09,999.9853442765715,0.015500388007012589,1.5500374914394944e-05,1,1
81,exclude,29,JPTP / PS.WEST.3,0,1.0,0.5,0.167534478872713,0.822465521127287,322.2857787135011,677.7150659510773,0.6777144935096503,0,0
82,exclude,1,RTTP/PTTP/pooled / LL.WEST.1/LL.EAST.1/LL.ALL.2/LL.OS.2/LL.ARCH.3/LL.WEST.3/LL.EAST.3/LL.OS.3/LL.ALL.5,0,1.0,0.5,0.351182383863148,0.638817616136852,493.1832971963702,506.8175474682083,0.5068171193777398,0,0
82,exclude,6,RTTP / PHID.2/PL.ALL.2,0,1.0,0.5,0.776292323328878,0.213707676671122,759.5070911438428,240.4937535207357,0.24049355038435236,0,0
82,exclude,7,RTTP / PS.2,1,354.5,0.4962,0.657854798544353,0.33214520145564697,686.91975090093,313.0810937636485,0.31308082931536174,0,0
82,exclude,10,RTTP / PS.WEST.3,1,739.2,0.5121,0.592300652874682,0.39769934712531796,648.0734766822146,351.9273679823639,0.351927070722033,0,0
82,exclude,13,PTTP/pooled / PHID.2/PL.ALL.2,0,1.0,0.5,0.642976950290279,0.347023049709721,678.0914871445495,321.90935752002895,0.32190908561482684,0,0
82,exclude,14,PTTP/pooled / PS.2,1,354.5,0.4962,0.506180038116866,0.48381996188313403,596.203503926475,403.79734073810346,0.4037969996650809,0,0
82,exclude,17,PTTP/pooled / PS.WEST.3,1,739.2,0.5121,0.804558993060846,0.185441006939154,778.0919998095476,221.9088448550309,0.22190865741664834,0,0
82,exclude,18,PTTP/pooled / PS.EAST.3,1,231.2,0.5282,0.920162510262381,0.06983748973761894,868.644878200756,131.35596646382248,0.13135585551218415,0,0
82,exclude,19,JPTP / LL.WEST.1,0,1.0,0.5,0.821278883073815,0.16872111692618497,789.4892094204146,210.51163524416393,0.21051145743259247,0,0
82,exclude,20,JPTP / LL.EAST.1/LL.ALL.2/LL.OS.2/LL.ARCH.3/LL.WEST.3/LL.EAST.3/LL.OS.3/LL.ALL.5,0,1.0,0.5,0.191315442238636,0.7986845577613639,350.66094616805276,649.3398984965257,0.6493393500225774,0,0
82,exclude,23,JPTP / PS.JP.1/PL.JP.1,0,1.0,0.5,0.989999999042811,9.571889947324053e-10,999.9857702874037,0.015074377174755682,1.5074364441973995e-05,1,1
82,exclude,29,JPTP / PS.WEST.3,0,1.0,0.5,0.212985568049299,0.777014431950701,374.1775200620192,625.8233246025593,0.6258227959922111,0,0
84,exclude,1,RTTP/PTTP/pooled / LL.WEST.1/LL.EAST.1/LL.ALL.2/LL.OS.2/LL.ARCH.3/LL.WEST.3/LL.EAST.3/LL.OS.3/LL.ALL.5,0,1.0,0.5,0.249966890548552,0.740033109451448,410.39635873672705,589.6044859278514,0.5896039879102475,0,0
84,exclude,6,RTTP / PHID.2/PL.ALL.2,0,1.0,0.5,0.608949682905673,0.381050317094327,657.9431900495811,342.05765461499743,0.34205736569125683,0,0
84,exclude,7,RTTP / PS.2,1,354.5,0.4962,0.674323442559521,0.31567655744047896,696.7266921489237,303.2741525156548,0.303273896350937,0,0
84,exclude,10,RTTP / PS.WEST.3,1,739.2,0.5121,0.548846377551133,0.441153622448867,622.1362135782589,377.8646310863196,0.37786431191771985,0,0
84,exclude,13,PTTP/pooled / PHID.2/PL.ALL.2,0,1.0,0.5,0.527798908314821,0.462201091685179,609.4183071379779,390.5825375266006,0.3905822076156448,0,0
84,exclude,14,PTTP/pooled / PS.2,1,354.5,0.4962,0.5043442836839,0.48565571631609994,595.0731382001854,404.92770646439305,0.40492736443659144,0,0
84,exclude,17,PTTP/pooled / PS.WEST.3,1,739.2,0.5121,0.727334205499593,0.26266579450040695,728.7644230504229,271.2364216141556,0.27123619251055137,0,0
84,exclude,18,PTTP/pooled / PS.EAST.3,1,231.2,0.5282,0.794957622153273,0.19504237784672696,771.6922387933456,228.30860587123288,0.22830841302720342,0,0
84,exclude,19,JPTP / LL.WEST.1,0,1.0,0.5,0.543280434843453,0.446719565156547,618.7852679683601,381.21557669621836,0.3812152546971959,0,0
84,exclude,20,JPTP / LL.EAST.1/LL.ALL.2/LL.OS.2/LL.ARCH.3/LL.WEST.3/LL.EAST.3/LL.OS.3/LL.ALL.5,0,1.0,0.5,0.133603769639262,0.856396230360738,275.4333116360521,724.5675330285264,0.7245669210125135,0,0
84,exclude,23,JPTP / PS.JP.1/PL.JP.1,0,1.0,0.5,0.989999998653833,1.34616695568468e-09,999.9829678504245,0.017876814153964915,1.7876799054065976e-05,1,1
84,exclude,29,JPTP / PS.WEST.3,0,1.0,0.5,0.133062306779716,0.856937693220284,274.60786409905023,725.3929805655282,0.7253923678522896,0,0
85,exclude,1,RTTP/PTTP/pooled / LL.WEST.1/LL.EAST.1/LL.ALL.2/LL.OS.2/LL.ARCH.3/LL.WEST.3/LL.EAST.3/LL.OS.3/LL.ALL.5,0,1.0,0.5,0.419588087877076,0.570411912122924,540.949895227384,459.0509494371945,0.4590505616934453,0,0
85,exclude,6,RTTP / PHID.2/PL.ALL.2,0,1.0,0.5,0.807420434224571,0.182579565775429,780.0186857535188,219.98215891105974,0.21998197310007916,0,0
85,exclude,7,RTTP / PS.2,1,354.5,0.4962,0.665574335829916,0.324425664170084,691.511112430199,308.4897322343795,0.30848947166424995,0,0
85,exclude,10,RTTP / PS.WEST.3,1,739.2,0.5121,0.578043152818874,0.411956847181126,639.5989227491987,360.40192191537983,0.3604016174968995,0,0
85,exclude,13,PTTP/pooled / PHID.2/PL.ALL.2,0,1.0,0.5,0.730792569300524,0.25920743069947594,730.8909264613183,269.10991820326024,0.2691096908958366,0,0
85,exclude,14,PTTP/pooled / PS.2,1,354.5,0.4962,0.509835074198365,0.48016492580163495,598.4500292385883,401.5508154259902,0.4015504762505264,0,0
85,exclude,17,PTTP/pooled / PS.WEST.3,1,739.2,0.5121,0.812326748223503,0.17767325177649695,783.3443639577305,216.65648070684801,0.21665629770494763,0,0
85,exclude,18,PTTP/pooled / PS.EAST.3,1,231.2,0.5282,0.93999603229404,0.05000396770595994,889.4934883511755,110.50735631340297,0.11050726297183226,0,0
85,exclude,19,JPTP / LL.WEST.1,0,1.0,0.5,0.989999273062261,7.269377390040077e-07,999.585422870589,0.41542179398948065,0.00041542144309770254,1,1
85,exclude,20,JPTP / LL.EAST.1/LL.ALL.2/LL.OS.2/LL.ARCH.3/LL.WEST.3/LL.EAST.3/LL.OS.3/LL.ALL.5,0,1.0,0.5,0.233240983882185,0.756759016117815,394.5492837236406,605.451560940938,0.6054510495378824,0,0
85,exclude,23,JPTP / PS.JP.1/PL.JP.1,0,1.0,0.5,0.9899999990987,9.013000346058675e-10,999.9862169898096,0.014627674768917132,1.4627662413448825e-05,1,1
85,exclude,29,JPTP / PS.WEST.3,0,1.0,0.5,0.166507024186733,0.823492975813267,320.98812407524537,679.0127205893332,0.6790121470518242,0,0
86,include,1,RTTP/PTTP/pooled / LL.WEST.1/LL.EAST.1/LL.ALL.2/LL.OS.2/LL.ARCH.3/LL.WEST.3/LL.EAST.3/LL.OS.3/LL.ALL.5,0,1.0,0.5,0.467124074036865,0.522875925963135,571.8202952569213,428.18054940765717,0.4281801877390194,0,0
86,include,6,RTTP / PHID.2/PL.ALL.2,0,1.0,0.5,0.989998107285285,1.892714714957222e-06,999.3305227950034,0.6703218695751048,0.0006703213033784436,1,1
86,include,7,RTTP / PS.2,1,354.5,0.4962,0.545527739805698,0.44447226019430197,620.1392304451889,379.8616142193896,0.37986129336401037,0,0
86,include,10,RTTP / PS.WEST.3,1,739.2,0.5121,0.630796868460642,0.359203131539358,670.8769481389902,329.1238965255883,0.3291236185265258,0,0
86,include,13,PTTP/pooled / PHID.2/PL.ALL.2,0,1.0,0.5,0.989999993523282,6.476717939740695e-09,999.9616327467508,0.03921191782774258,3.921188470685251e-05,1,1
86,include,14,PTTP/pooled / PS.2,1,354.5,0.4962,0.508664109060586,0.481335890939414,597.7308901757749,402.2699544888036,0.40226961470590905,0,0
86,include,17,PTTP/pooled / PS.WEST.3,1,739.2,0.5121,0.939007122631401,0.05099287736859903,888.3741386619907,111.62670600258775,0.11162661171554282,0,0
86,include,18,PTTP/pooled / PS.EAST.3,1,231.2,0.5282,0.989999996756227,3.2437730279610832e-09,999.9730944826423,0.027750181936198715,2.7750158496622785e-05,1,1
86,include,19,JPTP / LL.WEST.1,0,1.0,0.5,0.989999995686073,4.313926993404493e-09,999.9688426762949,0.03200198828358225,3.2001961252659136e-05,1,1
86,include,20,JPTP / LL.EAST.1/LL.ALL.2/LL.OS.2/LL.ARCH.3/LL.WEST.3/LL.EAST.3/LL.OS.3/LL.ALL.5,0,1.0,0.5,0.494696334573255,0.495303665426745,589.1089210101113,410.8919236544672,0.41089157658890685,0,0
86,include,23,JPTP / PS.JP.1/PL.JP.1,0,1.0,0.5,0.989999998098886,1.9011140439673113e-09,999.9796002560453,0.02124440853322085,2.1244390588836626e-05,1,1
86,include,29,JPTP / PS.WEST.3,0,1.0,0.5,0.148670006374808,0.841329993625192,297.33690053856196,702.6639441260165,0.7026633506111737,0,0
87,exclude,1,RTTP/PTTP/pooled / LL.WEST.1/LL.EAST.1/LL.ALL.2/LL.OS.2/LL.ARCH.3/LL.WEST.3/LL.EAST.3/LL.OS.3/LL.ALL.5,0,1.0,0.5,0.297301532940765,0.692698467059235,451.4689906236137,548.5318540409648,0.5485313907159289,0,0
87,exclude,6,RTTP / PHID.2/PL.ALL.2,0,1.0,0.5,0.841911264706249,0.148088735293751,804.0841436557519,195.91670100882664,0.19591653552506874,0,0
87,exclude,7,RTTP / PS.2,1,354.5,0.4962,0.674753686629043,0.315246313370957,696.9835432390686,303.0173014255099,0.30301704547774494,0,0
87,exclude,10,RTTP / PS.WEST.3,1,739.2,0.5121,0.619573456530893,0.370426543469107,664.2331493978749,335.76769526670364,0.3357674116558644,0,0
87,exclude,13,PTTP/pooled / PHID.2/PL.ALL.2,0,1.0,0.5,0.757450165097279,0.23254983490272096,747.4951541037708,252.5056905608077,0.25250547727837513,0,0
87,exclude,14,PTTP/pooled / PS.2,1,354.5,0.4962,0.498910989104023,0.491089010895977,591.7193190113538,408.28152565322466,0.4082811807925732,0,0
87,exclude,17,PTTP/pooled / PS.WEST.3,1,739.2,0.5121,0.869853180692202,0.12014681930779803,825.0726909571961,174.92815370738242,0.174928005951892,0,0
87,exclude,18,PTTP/pooled / PS.EAST.3,1,231.2,0.5282,0.949775897739664,0.040224102260336014,901.1664885088712,98.83435615570727,0.098834272673898,0,0
87,exclude,19,JPTP / LL.WEST.1,0,1.0,0.5,0.989999993188795,6.811205044421342e-09,999.9606329537562,0.040211710822291025,4.021167685691194e-05,1,1
87,exclude,20,JPTP / LL.EAST.1/LL.ALL.2/LL.OS.2/LL.ARCH.3/LL.WEST.3/LL.EAST.3/LL.OS.3/LL.ALL.5,0,1.0,0.5,0.260772576279434,0.729227423720566,420.227034166089,579.7738104984894,0.5797733207845018,0,0
87,exclude,23,JPTP / PS.JP.1/PL.JP.1,0,1.0,0.5,0.989999998229446,1.7705540367174422e-09,999.9803427124302,0.020501952148265445,2.05019348310073e-05,1,1
87,exclude,29,JPTP / PS.WEST.3,0,1.0,0.5,0.379429348903829,0.610570651096171,513.486171738684,486.5146729258945,0.48651426198453046,0,0
88,exclude,1,RTTP/PTTP/pooled / LL.WEST.1/LL.EAST.1/LL.ALL.2/LL.OS.2/LL.ARCH.3/LL.WEST.3/LL.EAST.3/LL.OS.3/LL.ALL.5,0,1.0,0.5,0.247779347207303,0.742220652792697,408.3688969041883,591.6319477603902,0.5916314480302625,0,0
88,exclude,6,RTTP / PHID.2/PL.ALL.2,0,1.0,0.5,0.695739030592482,0.294260969407518,709.5635113948728,290.43733326970573,0.2904370879477853,0,0
88,exclude,7,RTTP / PS.2,1,354.5,0.4962,0.673845153505299,0.31615484649470094,696.4412020456209,303.5596426189576,0.3035593862130966,0,0
88,exclude,10,RTTP / PS.WEST.3,1,739.2,0.5121,0.587225561830779,0.402774438169221,645.0598434643298,354.9410012002487,0.35494070139441075,0,0
88,exclude,13,PTTP/pooled / PHID.2/PL.ALL.2,0,1.0,0.5,0.571961004040977,0.41803899595902294,635.9747974133345,364.026047251244,0.36402573977159597,0,0
88,exclude,14,PTTP/pooled / PS.2,1,354.5,0.4962,0.500117403012337,0.489882596987663,592.4650914306626,407.5357532339159,0.4075354090031914,0,0
88,exclude,17,PTTP/pooled / PS.WEST.3,1,739.2,0.5121,0.774836910272042,0.21516308972795795,758.569690562974,241.43115410160453,0.24143095017343277,0,0
88,exclude,18,PTTP/pooled / PS.EAST.3,1,231.2,0.5282,0.895760490968221,0.09423950903177902,846.2977135748341,153.70313108974437,0.1537030012622636,0,0
88,exclude,19,JPTP / LL.WEST.1,0,1.0,0.5,0.989991965913026,8.034086974029186e-06,998.6197933601621,1.38105130441636,0.0013810501378922274,1,1
88,exclude,20,JPTP / LL.EAST.1/LL.ALL.2/LL.OS.2/LL.ARCH.3/LL.WEST.3/LL.EAST.3/LL.OS.3/LL.ALL.5,0,1.0,0.5,0.182627381763684,0.807372618236316,340.64098484016375,659.3598598244148,0.6593593028869672,0,0
88,exclude,23,JPTP / PS.JP.1/PL.JP.1,0,1.0,0.5,0.989999998625272,1.3747279981046745e-09,999.9827792058406,0.01806545873785126,1.8065443478611057e-05,1,1
88,exclude,29,JPTP / PS.WEST.3,0,1.0,0.5,0.195175370356023,0.7948246296439769,354.9971917080795,645.003652956499,0.6450031081452205,0,0
89,include,1,RTTP/PTTP/pooled / LL.WEST.1/LL.EAST.1/LL.ALL.2/LL.OS.2/LL.ARCH.3/LL.WEST.3/LL.EAST.3/LL.OS.3/LL.ALL.5,0,1.0,0.5,0.289979940095441,0.700020059904559,445.42850386806225,554.5723407965163,0.5545718723692995,0,0
89,include,6,RTTP / PHID.2/PL.ALL.2,0,1.0,0.5,0.412417476508028,0.577582523491972,536.1508834720362,463.8499611925423,0.4638495693952413,0,0
89,include,7,RTTP / PS.2,1,354.5,0.4962,0.532298571564864,0.45770142843513595,612.1483032041165,387.852541460462,0.3878522138554353,0,0
89,include,10,RTTP / PS.WEST.3,1,739.2,0.5121,0.570877338387035,0.41912266161296496,635.3284258619394,364.6724188026391,0.3646721107770243,0,0
89,include,13,PTTP/pooled / PHID.2/PL.ALL.2,0,1.0,0.5,0.488038664280757,0.501961335719243,584.9689626741316,415.0318819904469,0.41503153142801336,0,0
89,include,14,PTTP/pooled / PS.2,1,354.5,0.4962,0.50546065558939,0.48453934441061,595.7607089579279,404.24013570665056,0.40423979425961515,0,0
89,include,17,PTTP/pooled / PS.WEST.3,1,739.2,0.5121,0.745257355794324,0.24474264420567604,739.8504572173242,260.1503874472543,0.2601501677076225,0,0
89,include,18,PTTP/pooled / PS.EAST.3,1,231.2,0.5282,0.808391030864784,0.18160896913521596,780.6743418792191,219.32650278535937,0.21932631752818782,0,0
89,include,19,JPTP / LL.WEST.1,0,1.0,0.5,0.694484534190816,0.295515465809184,708.8082531409416,291.1925915236369,0.2911923455637771,0,0
89,include,20,JPTP / LL.EAST.1/LL.ALL.2/LL.OS.2/LL.ARCH.3/LL.WEST.3/LL.EAST.3/LL.OS.3/LL.ALL.5,0,1.0,0.5,0.170904610929596,0.819095389070404,326.49713158818656,673.5037130763919,0.6735031441921425,0,0
89,include,23,JPTP / PS.JP.1/PL.JP.1,0,1.0,0.5,0.989999998889224,1.1107760267137223e-09,999.9846058629207,0.016238801657777913,1.623878794144894e-05,1,1
89,include,29,JPTP / PS.WEST.3,0,1.0,0.5,0.13705085858245,0.85294914141755,280.622523616069,719.3783210485095,0.7193777134156364,0,0
90,exclude,1,RTTP/PTTP/pooled / LL.WEST.1/LL.EAST.1/LL.ALL.2/LL.OS.2/LL.ARCH.3/LL.WEST.3/LL.EAST.3/LL.OS.3/LL.ALL.5,0,1.0,0.5,0.28853396691258,0.7014660330874201,444.2233358751186,555.77750878946,0.5557770393442812,0,0
90,exclude,6,RTTP / PHID.2/PL.ALL.2,0,1.0,0.5,0.846909387051009,0.14309061294899095,807.723901337861,192.27694332671751,0.1922767809173314,0,0
90,exclude,7,RTTP / PS.2,1,354.5,0.4962,0.676508186355729,0.31349181364427103,698.0313501569176,301.9694945076609,0.30196923944494053,0,0
90,exclude,10,RTTP / PS.WEST.3,1,739.2,0.5121,0.612275172474367,0.37772482752563297,659.912476631853,340.0883680327255,0.3400880807723701,0,0
90,exclude,13,PTTP/pooled / PHID.2/PL.ALL.2,0,1.0,0.5,0.682685910412162,0.307314089587838,701.726027835371,298.27481682920745,0.29827456488724785,0,0
90,exclude,14,PTTP/pooled / PS.2,1,354.5,0.4962,0.502609249965341,0.48739075003465904,594.0035087786118,405.99733588596666,0.4059969929546877,0,0
90,exclude,17,PTTP/pooled / PS.WEST.3,1,739.2,0.5121,0.814817116654748,0.175182883345252,785.0435422468947,214.95730241768376,0.2149571208510179,0,0
90,exclude,18,PTTP/pooled / PS.EAST.3,1,231.2,0.5282,0.910354501004328,0.07964549899567197,859.3158471114073,140.68499755317123,0.14068487872163743,0,0
90,exclude,19,JPTP / LL.WEST.1,0,1.0,0.5,0.989999998370381,1.629618995302451e-09,999.9811756039978,0.019669060580667974,1.9669043966923243e-05,1,1
90,exclude,20,JPTP / LL.EAST.1/LL.ALL.2/LL.OS.2/LL.ARCH.3/LL.WEST.3/LL.EAST.3/LL.OS.3/LL.ALL.5,0,1.0,0.5,0.386532883050735,0.6034671169492649,518.4544277642528,481.54641690032565,0.48154601015546794,0,0
90,exclude,23,JPTP / PS.JP.1/PL.JP.1,0,1.0,0.5,0.989999998247982,1.7520179751429055e-09,999.9804503158409,0.02039434873756818,2.039433151119875e-05,1,1
90,exclude,29,JPTP / PS.WEST.3,0,1.0,0.5,0.350742064497154,0.639257935502846,492.8593165286174,507.1415281359611,0.5071410997718379,0,0
91,exclude,1,RTTP/PTTP/pooled / LL.WEST.1/LL.EAST.1/LL.ALL.2/LL.OS.2/LL.ARCH.3/LL.WEST.3/LL.EAST.3/LL.OS.3/LL.ALL.5,0,1.0,0.5,0.337995693598882,0.6520043064011181,483.37122751968167,516.6296171448969,0.5166291807665276,0,0
91,exclude,6,RTTP / PHID.2/PL.ALL.2,0,1.0,0.5,0.84803477970198,0.14196522029801995,808.5496844319762,191.45116023260232,0.19145099852072536,0,0
91,exclude,7,RTTP / PS.2,1,354.5,0.4962,0.67591879199105,0.31408120800895,697.6792866888188,302.3215579757597,0.30232130261566403,0,0
91,exclude,10,RTTP / PS.WEST.3,1,739.2,0.5121,0.617376519965215,0.37262348003478496,662.9326574669608,337.0681871976177,0.33706790248829993,0,0
91,exclude,13,PTTP/pooled / PHID.2/PL.ALL.2,0,1.0,0.5,0.736086000235331,0.253913999764669,734.1570234314055,265.843821233173,0.26584359668450347,0,0
91,exclude,14,PTTP/pooled / PS.2,1,354.5,0.4962,0.505539032976752,0.48446096702324803,595.8089621481539,404.1918825164246,0.4041915411101469,0,0
91,exclude,17,PTTP/pooled / PS.WEST.3,1,739.2,0.5121,0.838951425258683,0.15104857474131694,801.9492613617323,198.0515833028462,0.19805141601583037,0,0
91,exclude,18,PTTP/pooled / PS.EAST.3,1,231.2,0.5282,0.945127879037456,0.044872120962544004,895.4726328494833,104.52821181509523,0.10452812352389183,0,0
91,exclude,19,JPTP / LL.WEST.1,0,1.0,0.5,0.947914254581941,0.042085745418058984,898.8511755206458,101.14966914393267,0.10114958370646218,0,0
91,exclude,20,JPTP / LL.EAST.1/LL.ALL.2/LL.OS.2/LL.ARCH.3/LL.WEST.3/LL.EAST.3/LL.OS.3/LL.ALL.5,0,1.0,0.5,0.210044491003835,0.779955508996165,371.0981666912,628.9026779733786,0.6289021467620118,0,0
91,exclude,23,JPTP / PS.JP.1/PL.JP.1,0,1.0,0.5,0.9899999980153,1.9846999599337778e-09,999.9791382556953,0.021706408883233053,2.170639054861383e-05,1,1
91,exclude,29,JPTP / PS.WEST.3,0,1.0,0.5,0.358108229918457,0.631891770081543,498.24749700333984,501.75334766123865,0.5017529238483167,0,0
92,include,1,RTTP/PTTP/pooled / LL.WEST.1/LL.EAST.1/LL.ALL.2/LL.OS.2/LL.ARCH.3/LL.WEST.3/LL.EAST.3/LL.OS.3/LL.ALL.5,0,1.0,0.5,0.301506049160068,0.6884939508399319,454.892639465607,545.1082051989715,0.5451077447657681,0,0
92,include,6,RTTP / PHID.2/PL.ALL.2,0,1.0,0.5,0.658976107335297,0.331023892664703,687.5861413026117,312.41470336196676,0.31241443947655595,0,0
92,include,7,RTTP / PS.2,1,354.5,0.4962,0.524585714971666,0.46541428502833404,607.464783597155,392.5360610674235,0.392535729506397,0,0
92,include,10,RTTP / PS.WEST.3,1,739.2,0.5121,0.609932218866204,0.380067781133796,658.5250768662669,341.4757677983116,0.34147547936606976,0,0
92,include,13,PTTP/pooled / PHID.2/PL.ALL.2,0,1.0,0.5,0.989999996621002,3.3789979703158224e-09,999.9725219725417,0.02832269203679516,2.8322668113640635e-05,1,1
92,include,14,PTTP/pooled / PS.2,1,354.5,0.4962,0.502454147960728,0.48754585203927203,593.9078287021413,406.0930159624372,0.4060926729503408,0,0
92,include,17,PTTP/pooled / PS.WEST.3,1,739.2,0.5121,0.871353311614568,0.11864668838543202,826.2487796358294,173.75206502874914,0.17375191826665834,0,0
92,include,18,PTTP/pooled / PS.EAST.3,1,231.2,0.5282,0.899159221750832,0.09084077824916803,849.2492135523995,150.75163111217898,0.1507515037777236,0,0
92,include,19,JPTP / LL.WEST.1,0,1.0,0.5,0.927395999883554,0.06260400011644596,875.8975258929441,124.10331877163435,0.12410321394604545,0,0
92,include,20,JPTP / LL.EAST.1/LL.ALL.2/LL.OS.2/LL.ARCH.3/LL.WEST.3/LL.EAST.3/LL.OS.3/LL.ALL.5,0,1.0,0.5,0.293620189377709,0.6963798106222909,448.44453398140547,551.556310683173,0.5515558448034878,0,0
92,include,23,JPTP / PS.JP.1/PL.JP.1,0,1.0,0.5,0.989999997289228,2.7107719402508224e-09,999.9754766143512,0.0253680502272573,2.5368028799781944e-05,1,1
92,include,29,JPTP / PS.WEST.3,0,1.0,0.5,0.148744577839418,0.841255422160582,297.44057272541846,702.56027193916,0.7025596785118853,0,0
93,exclude,1,RTTP/PTTP/pooled / LL.WEST.1/LL.EAST.1/LL.ALL.2/LL.OS.2/LL.ARCH.3/LL.WEST.3/LL.EAST.3/LL.OS.3/LL.ALL.5,0,1.0,0.5,0.214846236475009,0.775153763524991,376.1088365500733,623.8920081145052,0.6238914811354702,0,0
93,exclude,6,RTTP / PHID.2/PL.ALL.2,0,1.0,0.5,0.62626150534566,0.36373849465433994,668.1920345738533,331.80881009072516,0.3318085298238132,0,0
93,exclude,7,RTTP / PS.2,1,354.5,0.4962,0.664655997484863,0.32534400251513695,690.9644378337407,309.0364068308378,0.30903614579895194,0,0
93,exclude,10,RTTP / PS.WEST.3,1,739.2,0.5121,0.571130752051122,0.41886924794887803,635.4795975155172,364.5212471490613,0.3645209392511358,0,0
93,exclude,13,PTTP/pooled / PHID.2/PL.ALL.2,0,1.0,0.5,0.49347373498936,0.49652626501064,588.3502019608372,411.65064270374125,0.41165029499731837,0,0
93,exclude,14,PTTP/pooled / PS.2,1,354.5,0.4962,0.50232442566809,0.48767557433191,593.8277972025576,406.1730474620209,0.4061727043823248,0,0
93,exclude,17,PTTP/pooled / PS.WEST.3,1,739.2,0.5121,0.717771228424429,0.272228771575571,722.9122399021917,277.0886047623868,0.27708837071565495,0,0
93,exclude,18,PTTP/pooled / PS.EAST.3,1,231.2,0.5282,0.810898889967096,0.17910111003290397,782.3735568933159,217.62728777126256,0.21762710394935653,0,0
93,exclude,19,JPTP / LL.WEST.1,0,1.0,0.5,0.989547512156772,0.00045248784322804436,989.6351485931358,10.365696071442699,0.010365687315913792,1,0
93,exclude,20,JPTP / LL.EAST.1/LL.ALL.2/LL.OS.2/LL.ARCH.3/LL.WEST.3/LL.EAST.3/LL.OS.3/LL.ALL.5,0,1.0,0.5,0.186397690083691,0.803602309916309,345.03488813693855,654.96595652764,0.6549654033015636,0,0
93,exclude,23,JPTP / PS.JP.1/PL.JP.1,0,1.0,0.5,0.989999998989171,1.0108289760779599e-09,999.9853536673204,0.015490997258098105,1.5490984173412487e-05,1,1
93,exclude,29,JPTP / PS.WEST.3,0,1.0,0.5,0.164838912587819,0.825161087412181,318.8673233430624,681.1335213215161,0.6811329459926434,0,0
94,include,1,RTTP/PTTP/pooled / LL.WEST.1/LL.EAST.1/LL.ALL.2/LL.OS.2/LL.ARCH.3/LL.WEST.3/LL.EAST.3/LL.OS.3/LL.ALL.5,0,1.0,0.5,0.213957591511429,0.776042408488571,375.18805727711515,624.8127873874633,0.6248122596306794,0,0
94,include,6,RTTP / PHID.2/PL.ALL.2,0,1.0,0.5,0.310001602898523,0.6799983971014769,461.71464984850223,538.2861948160762,0.5382857401451784,0,0
94,include,7,RTTP / PS.2,1,354.5,0.4962,0.497531783101773,0.492468216898227,590.8659553399914,409.1348893245871,0.4091345437431302,0,0
94,include,10,RTTP / PS.WEST.3,1,739.2,0.5121,0.564711433877479,0.425288566122521,631.6465503699868,368.3542942945917,0.3683539831590298,0,0
94,include,13,PTTP/pooled / PHID.2/PL.ALL.2,0,1.0,0.5,0.477946506180684,0.512053493819316,578.6525690178669,421.3482756467116,0.42134791974904856,0,0
94,include,14,PTTP/pooled / PS.2,1,354.5,0.4962,0.497392461656499,0.492607538343501,590.7797058207548,409.2211388438237,0.40922079318951493,0,0
94,include,17,PTTP/pooled / PS.WEST.3,1,739.2,0.5121,0.719763142235736,0.270236857764264,724.1279868469658,275.8728578176127,0.2758726247977784,0,0
94,include,18,PTTP/pooled / PS.EAST.3,1,231.2,0.5282,0.731716071522719,0.258283928477281,731.4597396826947,268.5411049818838,0.2685408781549161,0,0
94,include,19,JPTP / LL.WEST.1,0,1.0,0.5,0.989999982403805,1.75961949455683e-08,999.9362123109843,0.06463235359422015,6.463229900160656e-05,1,1
94,include,20,JPTP / LL.EAST.1/LL.ALL.2/LL.OS.2/LL.ARCH.3/LL.WEST.3/LL.EAST.3/LL.OS.3/LL.ALL.5,0,1.0,0.5,0.266467681161523,0.723532318838477,425.2911206863281,574.7097239782504,0.5747092385417136,0,0
94,include,23,JPTP / PS.JP.1/PL.JP.1,0,1.0,0.5,0.989999990374094,9.625905961208048e-09,999.9530409762964,0.047803688282101575,4.780364790405347e-05,1,1
94,include,29,JPTP / PS.WEST.3,0,1.0,0.5,0.13132979862161,0.85867020137839,271.94729191338104,728.0535527511975,0.7280529377906696,0,0
95,include,1,RTTP/PTTP/pooled / LL.WEST.1/LL.EAST.1/LL.ALL.2/LL.OS.2/LL.ARCH.3/LL.WEST.3/LL.EAST.3/LL.OS.3/LL.ALL.5,0,1.0,0.5,0.212129569374748,0.777870430625252,373.2846683454022,626.7161763191763,0.6267156469546685,0,0
95,include,6,RTTP / PHID.2/PL.ALL.2,0,1.0,0.5,0.327569428429175,0.662430571570825,475.4439481959731,524.5568964686054,0.5245564533943498,0,0
95,include,7,RTTP / PS.2,1,354.5,0.4962,0.503164752718531,0.486835247281469,594.3461070705907,405.65473759398776,0.4056543949520892,0,0
95,include,10,RTTP / PS.WEST.3,1,739.2,0.5121,0.581680072396725,0.40831992760327496,641.7632595479848,358.23758511659366,0.3582372825262504,0,0
95,include,13,PTTP/pooled / PHID.2/PL.ALL.2,0,1.0,0.5,0.711801064498617,0.27819893550138297,719.2779062088227,280.72293845575575,0.28072270133923355,0,0
95,include,14,PTTP/pooled / PS.2,1,354.5,0.4962,0.496456219671577,0.493543780328423,590.1998854472139,409.8009592173646,0.4098006130733025,0,0
95,include,17,PTTP/pooled / PS.WEST.3,1,739.2,0.5121,0.784218981129517,0.20578101887048295,764.6435162548662,235.3573284097123,0.23535712961188163,0,0
95,include,18,PTTP/pooled / PS.EAST.3,1,231.2,0.5282,0.776312082426939,0.21368791757306094,759.519829368521,240.48101529605754,0.24048081217043368,0,0
95,include,19,JPTP / LL.WEST.1,0,1.0,0.5,0.989999985387284,1.4612716037198936e-08,999.941945915905,0.058898748673527734,5.8898698923883034e-05,1,1
95,include,20,JPTP / LL.EAST.1/LL.ALL.2/LL.OS.2/LL.ARCH.3/LL.WEST.3/LL.EAST.3/LL.OS.3/LL.ALL.5,0,1.0,0.5,0.285730888905598,0.7042691110944019,441.8752634439395,558.125581220639,0.5581251097921284,0,0
95,include,23,JPTP / PS.JP.1/PL.JP.1,0,1.0,0.5,0.989999997339661,2.6603389491342e-09,999.9757137045674,0.02513096001109716,2.5130938783883345e-05,1,1
95,include,29,JPTP / PS.WEST.3,0,1.0,0.5,0.141992834974064,0.848007165025936,287.8722518462944,712.1285928182841,0.7121279913089945,0,0
98,exclude,1,RTTP/PTTP/pooled / LL.WEST.1/LL.EAST.1/LL.ALL.2/LL.OS.2/LL.ARCH.3/LL.WEST.3/LL.EAST.3/LL.OS.3/LL.ALL.5,0,1.0,0.5,0.206904748279422,0.783095251720578,367.77389403473666,632.2269506298419,0.6322264166105822,0,0
98,exclude,6,RTTP / PHID.2/PL.ALL.2,0,1.0,0.5,0.535651999718277,0.45434800028172295,614.1787424516783,385.8221022129002,0.3858217763229121,0,0
98,exclude,7,RTTP / PS.2,1,354.5,0.4962,0.657891775243789,0.33210822475621105,686.9417233614108,313.0591213031677,0.31305885687344026,0,0
98,exclude,10,RTTP / PS.WEST.3,1,739.2,0.5121,0.522539239556301,0.467460760443699,606.2187700915825,393.78207457299595,0.3937817419595069,0,0
98,exclude,13,PTTP/pooled / PHID.2/PL.ALL.2,0,1.0,0.5,0.456931242883088,0.5330687571169119,565.3251232846513,434.67572137992715,0.43467535422505227,0,0
98,exclude,14,PTTP/pooled / PS.2,1,354.5,0.4962,0.504033695815086,0.48596630418491404,594.881756337839,405.11908832673953,0.4051187461372846,0,0
98,exclude,17,PTTP/pooled / PS.WEST.3,1,739.2,0.5121,0.664638392356896,0.32536160764310396,690.953959058494,309.0468856060845,0.30904662456534765,0,0
98,exclude,18,PTTP/pooled / PS.EAST.3,1,231.2,0.5282,0.709381838608868,0.28061816139113194,717.8090741791833,282.1917704853952,0.28219153212820364,0,0
98,exclude,19,JPTP / LL.WEST.1,0,1.0,0.5,0.466174738808825,0.523825261191175,571.2178985342099,428.7829461303686,0.4287825839529081,0,0
98,exclude,20,JPTP / LL.EAST.1/LL.ALL.2/LL.OS.2/LL.ARCH.3/LL.WEST.3/LL.EAST.3/LL.OS.3/LL.ALL.5,0,1.0,0.5,0.0992327757321478,0.8907672242678522,216.15098950977168,783.8498551548068,0.7838491930651585,0,0
98,exclude,23,JPTP / PS.JP.1/PL.JP.1,0,1.0,0.5,0.989999998410163,1.5898370397948725e-09,999.9814171613328,0.01942750324565168,1.94274868359417e-05,1,1
98,exclude,29,JPTP / PS.WEST.3,0,1.0,0.5,0.107144707669757,0.882855292330243,231.23301064222318,768.7678340223554,0.7687671846719454,0,0
99,exclude,1,RTTP/PTTP/pooled / LL.WEST.1/LL.EAST.1/LL.ALL.2/LL.OS.2/LL.ARCH.3/LL.WEST.3/LL.EAST.3/LL.OS.3/LL.ALL.5,0,1.0,0.5,0.24912593308949,0.74087406691051,409.6184764800455,590.382368184533,0.59038186950988,0,0
99,exclude,6,RTTP / PHID.2/PL.ALL.2,0,1.0,0.5,0.700308969380039,0.28969103061996104,712.3188016473937,287.6820430171848,0.28768180002255844,0,0
99,exclude,7,RTTP / PS.2,1,354.5,0.4962,0.666907622787218,0.32309237721278194,692.3050461114398,307.69579855313873,0.30769553865361626,0,0
99,exclude,10,RTTP / PS.WEST.3,1,739.2,0.5121,0.581959118814276,0.408040881185724,641.9292411662864,358.0716034982921,0.35807130104814755,0,0
99,exclude,13,PTTP/pooled / PHID.2/PL.ALL.2,0,1.0,0.5,0.553075884310289,0.436924115689711,624.6772757259631,375.3235689386154,0.375323251916359,0,0
99,exclude,14,PTTP/pooled / PS.2,1,354.5,0.4962,0.501475367725301,0.488524632274699,593.3037996297787,406.69704503479977,0.4066967015125018,0,0
99,exclude,17,PTTP/pooled / PS.WEST.3,1,739.2,0.5121,0.761724117023922,0.22827588297607804,750.1973908959778,249.80345376860066,0.2498032427686499,0,0
99,exclude,18,PTTP/pooled / PS.EAST.3,1,231.2,0.5282,0.875346586984477,0.11465341301552301,829.4079419360065,170.59290272857197,0.1705927586349114,0,0
99,exclude,19,JPTP / LL.WEST.1,0,1.0,0.5,0.989999987793197,1.2206803012837497e-08,999.9470125358932,0.053832128685257885,5.3832083215204003e-05,1,1
99,exclude,20,JPTP / LL.EAST.1/LL.ALL.2/LL.OS.2/LL.ARCH.3/LL.WEST.3/LL.EAST.3/LL.OS.3/LL.ALL.5,0,1.0,0.5,0.176684290183811,0.813315709816189,333.56506382788524,666.4357808366933,0.6664352179224708,0,0
99,exclude,23,JPTP / PS.JP.1/PL.JP.1,0,1.0,0.5,0.989999998681793,1.3182069880102176e-09,999.9831544775919,0.017690186986556,1.7690172044294286e-05,1,1
99,exclude,29,JPTP / PS.WEST.3,0,1.0,0.5,0.182047206564822,0.807952793435178,339.9584296561658,660.0424150084127,0.6600418574944353,0,0
