member_id,arm,is_exclude,K,group_id,group_label,rep_hat,mu,w,is_priored,signed_dev,abs_dev,N_mix,N_post,N_tot,psi_hat,log_N_mix,N_mix_over_w,log_N_mix_over_w
1,include,0.0,0.1,1,RTTP/PTTP/pooled / LL.WEST.1/LL.EAST.1/LL.ALL.2/LL.OS.2/LL.ARCH.3/LL.WEST.3/LL.EAST.3/LL.OS.3/LL.ALL.5,0.252616726111087,0.5,1.0,0,-0.247383273888913,0.247383273888913,230.0,184.0,414.0,0.5555555555555556,5.442417710521793,230.0,7.851749041416057
1,include,0.0,0.1,6,RTTP / PHID.2/PL.ALL.2,0.438897871086862,0.5,1.0,0,-0.06110212891313799,0.06110212891313799,46.0,1.0,47.0,0.9787234042553191,3.8501476017100584,46.0,5.554588851677638
1,include,0.0,0.1,7,RTTP / PS.2,0.515777638235011,0.4962,354.5,1,0.01957763823501102,0.01957763823501102,320.0,2.0,322.0,0.9937888198757764,5.771441123130016,0.9026798307475318,0.9826196156854129
1,include,0.0,0.1,10,RTTP / PS.WEST.3,0.597987327933572,0.5121,739.2,1,0.08588732793357201,0.08588732793357201,254.0,44.0,298.0,0.8523489932885906,5.541263545158426,0.3436147186147186,0.838705961770709
1,include,0.0,0.1,13,PTTP/pooled / PHID.2/PL.ALL.2,0.778421486409459,0.5,1.0,0,0.27842148640945896,0.27842148640945896,122.0,7.0,129.0,0.9457364341085271,4.812184355372417,122.0,6.94251450533924
1,include,0.0,0.1,14,PTTP/pooled / PS.2,0.500816409939551,0.4962,354.5,1,0.004616409939551036,0.004616409939551036,5.0,1.0,6.0,0.8333333333333334,1.791759469228055,0.014104372355430184,0.3050569110022798
1,include,0.0,0.1,17,PTTP/pooled / PS.WEST.3,0.809647631421786,0.5121,739.2,1,0.297547631421786,0.297547631421786,2430.0,1037.0,3467.0,0.7008941447937699,7.796057974316123,3.287337662337662,1.1799836351551962
1,include,0.0,0.1,18,PTTP/pooled / PS.EAST.3,0.846064056553572,0.5282,231.2,1,0.31786405655357197,0.31786405655357197,2214.0,903.0,3117.0,0.710298363811357,7.703007682479236,9.576124567474048,1.41401883371719
1,include,0.0,0.1,19,JPTP / LL.WEST.1,0.75036663902388,0.5,1.0,0,0.25036663902388,0.25036663902388,16.0,43.0,59.0,0.2711864406779661,2.833213344056216,16.0,4.08746284125034
1,include,0.0,0.1,20,JPTP / LL.EAST.1/LL.ALL.2/LL.OS.2/LL.ARCH.3/LL.WEST.3/LL.EAST.3/LL.OS.3/LL.ALL.5,0.220375954441657,0.5,1.0,0,-0.27962404555834297,0.27962404555834297,0.0,10.0,10.0,0.0,0.0,0.0,0.0
1,include,0.0,0.1,23,JPTP / PS.JP.1/PL.JP.1,0.600773069511072,0.5,1.0,0,0.10077306951107201,0.10077306951107201,327.0,45.0,372.0,0.8790322580645161,5.793013608384144,327.0,8.357552004618084
1,include,0.0,0.1,29,JPTP / PS.WEST.3,0.146474262203534,0.5,1.0,0,-0.353525737796466,0.353525737796466,18.0,0.0,18.0,1.0,2.9444389791664403,18.0,4.247927513443585
2,exclude,1.0,0.2,1,RTTP/PTTP/pooled / LL.WEST.1/LL.EAST.1/LL.ALL.2/LL.OS.2/LL.ARCH.3/LL.WEST.3/LL.EAST.3/LL.OS.3/LL.ALL.5,0.245383608638379,0.5,1.0,0,-0.254616391361621,0.254616391361621,162.0,252.0,414.0,0.391304347826087,5.093750200806762,162.0,7.348728154231078
2,exclude,1.0,0.2,6,RTTP / PHID.2/PL.ALL.2,0.674426172796461,0.5,1.0,0,0.174426172796461,0.174426172796461,45.0,2.0,47.0,0.9574468085106383,3.828641396489095,45.0,5.523561956057013
2,exclude,1.0,0.2,7,RTTP / PS.2,0.674622335825264,0.4962,354.5,1,0.178422335825264,0.178422335825264,320.0,2.0,322.0,0.9937888198757764,5.771441123130016,0.9026798307475318,0.9826196156854129
2,exclude,1.0,0.2,10,RTTP / PS.WEST.3,0.580808881019583,0.5121,739.2,1,0.06870888101958295,0.06870888101958295,175.0,123.0,298.0,0.587248322147651,5.170483995038151,0.23674242424242423,0.7825860864653296
2,exclude,1.0,0.2,13,PTTP/pooled / PHID.2/PL.ALL.2,0.542085960748082,0.5,1.0,0,0.04208596074808202,0.04208596074808202,116.0,13.0,129.0,0.8992248062015504,4.762173934797756,116.0,6.870364719583405
2,exclude,1.0,0.2,14,PTTP/pooled / PS.2,0.499431112574793,0.4962,354.5,1,0.003231112574793027,0.003231112574793027,5.0,1.0,6.0,0.8333333333333334,1.791759469228055,0.014104372355430184,0.3050569110022798
2,exclude,1.0,0.2,17,PTTP/pooled / PS.WEST.3,0.762999992752251,0.5121,739.2,1,0.25089999275225106,0.25089999275225106,1210.0,2257.0,3467.0,0.3490049033746755,7.099201743553092,1.6369047619047619,1.0745099520367174
2,exclude,1.0,0.2,18,PTTP/pooled / PS.EAST.3,0.874687147302763,0.5282,231.2,1,0.346487147302763,0.346487147302763,1264.0,1853.0,3117.0,0.4055181264035932,7.142827401161621,5.467128027681661,1.3111881602048459
2,exclude,1.0,0.2,19,JPTP / LL.WEST.1,0.989999988965524,0.5,1.0,0,0.489999988965524,0.489999988965524,5.0,54.0,59.0,0.0847457627118644,1.791759469228055,5.0,2.584962500721156
2,exclude,1.0,0.2,20,JPTP / LL.EAST.1/LL.ALL.2/LL.OS.2/LL.ARCH.3/LL.WEST.3/LL.EAST.3/LL.OS.3/LL.ALL.5,0.189749305752163,0.5,1.0,0,-0.310250694247837,0.310250694247837,0.0,10.0,10.0,0.0,0.0,0.0,0.0
2,exclude,1.0,0.2,23,JPTP / PS.JP.1/PL.JP.1,0.989999998680579,0.5,1.0,0,0.489999998680579,0.489999998680579,285.0,87.0,372.0,0.7661290322580645,5.655991810819852,285.0,8.159871336778389
2,exclude,1.0,0.2,29,JPTP / PS.WEST.3,0.190607581166056,0.5,1.0,0,-0.30939241883394397,0.30939241883394397,18.0,0.0,18.0,1.0,2.9444389791664403,18.0,4.247927513443585
4,exclude,1.0,0.15,1,RTTP/PTTP/pooled / LL.WEST.1/LL.EAST.1/LL.ALL.2/LL.OS.2/LL.ARCH.3/LL.WEST.3/LL.EAST.3/LL.OS.3/LL.ALL.5,0.383107989288871,0.5,1.0,0,-0.11689201071112898,0.11689201071112898,189.0,225.0,414.0,0.45652173913043476,5.247024072160486,189.0,7.569855608330948
4,exclude,1.0,0.15,6,RTTP / PHID.2/PL.ALL.2,0.85776502609439,0.5,1.0,0,0.35776502609439,0.35776502609439,46.0,1.0,47.0,0.9787234042553191,3.8501476017100584,46.0,5.554588851677638
4,exclude,1.0,0.15,7,RTTP / PS.2,0.675444526402901,0.4962,354.5,1,0.179244526402901,0.179244526402901,320.0,2.0,322.0,0.9937888198757764,5.771441123130016,0.9026798307475318,0.9826196156854129
4,exclude,1.0,0.15,10,RTTP / PS.WEST.3,0.619489531088471,0.5121,739.2,1,0.10738953108847105,0.10738953108847105,212.0,86.0,298.0,0.7114093959731543,5.3612921657094255,0.28679653679653677,0.8114661332258533
4,exclude,1.0,0.15,13,PTTP/pooled / PHID.2/PL.ALL.2,0.78111866745025,0.5,1.0,0,0.28111866745025005,0.28111866745025005,120.0,9.0,129.0,0.9302325581395349,4.795790545596741,120.0,6.9188632372745955
4,exclude,1.0,0.15,14,PTTP/pooled / PS.2,0.504028447775373,0.4962,354.5,1,0.00782844777537306,0.00782844777537306,5.0,1.0,6.0,0.8333333333333334,1.791759469228055,0.014104372355430184,0.3050569110022798
4,exclude,1.0,0.15,17,PTTP/pooled / PS.WEST.3,0.849999238035065,0.5121,739.2,1,0.33789923803506505,0.33789923803506505,1944.0,1523.0,3467.0,0.5607153158350159,7.573017256052546,2.6298701298701297,1.1462249845151762
4,exclude,1.0,0.15,18,PTTP/pooled / PS.EAST.3,0.965999653487233,0.5282,231.2,1,0.43779965348723304,0.43779965348723304,1693.0,1424.0,3117.0,0.5431504651908887,7.434847875211999,7.322664359861592,1.364793513744537
4,exclude,1.0,0.15,19,JPTP / LL.WEST.1,0.989999978438934,0.5,1.0,0,0.48999997843893395,0.48999997843893395,16.0,43.0,59.0,0.2711864406779661,2.833213344056216,16.0,4.08746284125034
4,exclude,1.0,0.15,20,JPTP / LL.EAST.1/LL.ALL.2/LL.OS.2/LL.ARCH.3/LL.WEST.3/LL.EAST.3/LL.OS.3/LL.ALL.5,0.239108528345146,0.5,1.0,0,-0.260891471654854,0.260891471654854,0.0,10.0,10.0,0.0,0.0,0.0,0.0
4,exclude,1.0,0.15,23,JPTP / PS.JP.1/PL.JP.1,0.989999998144367,0.5,1.0,0,0.489999998144367,0.489999998144367,327.0,45.0,372.0,0.8790322580645161,5.793013608384144,327.0,8.357552004618084
4,exclude,1.0,0.15,29,JPTP / PS.WEST.3,0.381825740604181,0.5,1.0,0,-0.11817425939581899,0.11817425939581899,18.0,0.0,18.0,1.0,2.9444389791664403,18.0,4.247927513443585
5,include,0.0,0.3,1,RTTP/PTTP/pooled / LL.WEST.1/LL.EAST.1/LL.ALL.2/LL.OS.2/LL.ARCH.3/LL.WEST.3/LL.EAST.3/LL.OS.3/LL.ALL.5,0.226886634765277,0.5,1.0,0,-0.27311336523472296,0.27311336523472296,91.0,323.0,414.0,0.21980676328502416,4.5217885770490405,91.0,6.523561956057013
5,include,0.0,0.3,6,RTTP / PHID.2/PL.ALL.2,0.331489435500274,0.5,1.0,0,-0.168510564499726,0.168510564499726,45.0,2.0,47.0,0.9574468085106383,3.828641396489095,45.0,5.523561956057013
5,include,0.0,0.3,7,RTTP / PS.2,0.525186371171466,0.4962,354.5,1,0.028986371171466074,0.028986371171466074,320.0,2.0,322.0,0.9937888198757764,5.771441123130016,0.9026798307475318,0.9826196156854129
5,include,0.0,0.3,10,RTTP / PS.WEST.3,0.542810914471951,0.5121,739.2,1,0.030710914471950956,0.030710914471950956,121.0,177.0,298.0,0.40604026845637586,4.804021044733257,0.1636904761904762,0.7271195563708814
5,include,0.0,0.3,13,PTTP/pooled / PHID.2/PL.ALL.2,0.449616346419402,0.5,1.0,0,-0.05038365358059799,0.05038365358059799,114.0,15.0,129.0,0.8837209302325582,4.74493212836325,114.0,6.845490050944376
5,include,0.0,0.3,14,PTTP/pooled / PS.2,0.50230898142452,0.4962,354.5,1,0.006108981424519988,0.006108981424519988,3.0,3.0,6.0,0.5,1.3862943611198906,0.00846262341325811,0.2360242447750593
5,include,0.0,0.3,17,PTTP/pooled / PS.WEST.3,0.691287255868484,0.5121,739.2,1,0.17918725586848405,0.17918725586848405,458.0,3009.0,3467.0,0.1321026824343813,6.129050210060545,0.6195887445887446,0.92767126293085
5,include,0.0,0.3,18,PTTP/pooled / PS.EAST.3,0.693391848241827,0.5282,231.2,1,0.16519184824182698,0.16519184824182698,477.0,2640.0,3117.0,0.1530317613089509,6.169610732491456,2.063148788927336,1.1325375920745284
5,include,0.0,0.3,19,JPTP / LL.WEST.1,0.461761340541296,0.5,1.0,0,-0.03823865945870403,0.03823865945870403,1.0,58.0,59.0,0.01694915254237288,0.6931471805599453,1.0,1.0
5,include,0.0,0.3,20,JPTP / LL.EAST.1/LL.ALL.2/LL.OS.2/LL.ARCH.3/LL.WEST.3/LL.EAST.3/LL.OS.3/LL.ALL.5,0.110319413243271,0.5,1.0,0,-0.389680586756729,0.389680586756729,0.0,10.0,10.0,0.0,0.0,0.0,0.0
5,include,0.0,0.3,23,JPTP / PS.JP.1/PL.JP.1,0.989999998464492,0.5,1.0,0,0.48999999846449205,0.48999999846449205,206.0,166.0,372.0,0.553763440860215,5.332718793265369,206.0,7.693486957499325
5,include,0.0,0.3,29,JPTP / PS.WEST.3,0.135538147968748,0.5,1.0,0,-0.36446185203125203,0.36446185203125203,18.0,0.0,18.0,1.0,2.9444389791664403,18.0,4.247927513443585
6,include,0.0,0.25,1,RTTP/PTTP/pooled / LL.WEST.1/LL.EAST.1/LL.ALL.2/LL.OS.2/LL.ARCH.3/LL.WEST.3/LL.EAST.3/LL.OS.3/LL.ALL.5,0.194507568292131,0.5,1.0,0,-0.305492431707869,0.305492431707869,132.0,282.0,414.0,0.3188405797101449,4.890349128221754,132.0,7.05528243550119
6,include,0.0,0.25,6,RTTP / PHID.2/PL.ALL.2,0.312385055031856,0.5,1.0,0,-0.18761494496814402,0.18761494496814402,45.0,2.0,47.0,0.9574468085106383,3.828641396489095,45.0,5.523561956057013
6,include,0.0,0.25,7,RTTP / PS.2,0.503843362725139,0.4962,354.5,1,0.007643362725138991,0.007643362725138991,320.0,2.0,322.0,0.9937888198757764,5.771441123130016,0.9026798307475318,0.9826196156854129
6,include,0.0,0.25,10,RTTP / PS.WEST.3,0.524219451782672,0.5121,739.2,1,0.012119451782672042,0.012119451782672042,175.0,123.0,298.0,0.587248322147651,5.170483995038151,0.23674242424242423,0.7825860864653296
6,include,0.0,0.25,13,PTTP/pooled / PHID.2/PL.ALL.2,0.41950848098256,0.5,1.0,0,-0.08049151901744,0.08049151901744,115.0,14.0,129.0,0.8914728682170543,4.7535901911063645,115.0,6.857980995127572
6,include,0.0,0.25,14,PTTP/pooled / PS.2,0.499868203313451,0.4962,354.5,1,0.003668203313451024,0.003668203313451024,4.0,2.0,6.0,0.6666666666666666,1.6094379124341003,0.011283497884344146,0.2740156625088909
6,include,0.0,0.25,17,PTTP/pooled / PS.WEST.3,0.645623143180552,0.5121,739.2,1,0.13352314318055203,0.13352314318055203,758.0,2709.0,3467.0,0.21863282376694548,6.63200177739563,1.0254329004329004,1.0037962251471702
6,include,0.0,0.25,18,PTTP/pooled / PS.EAST.3,0.683040429202125,0.5282,231.2,1,0.15484042920212504,0.15484042920212504,1010.0,2107.0,3117.0,0.32402951555983317,6.918695219020472,4.368512110726644,1.2700448639946422
6,include,0.0,0.25,19,JPTP / LL.WEST.1,0.363558534145055,0.5,1.0,0,-0.136441465854945,0.136441465854945,1.0,58.0,59.0,0.01694915254237288,0.6931471805599453,1.0,1.0
6,include,0.0,0.25,20,JPTP / LL.EAST.1/LL.ALL.2/LL.OS.2/LL.ARCH.3/LL.WEST.3/LL.EAST.3/LL.OS.3/LL.ALL.5,0.0828495751999529,0.5,1.0,0,-0.4171504248000471,0.4171504248000471,0.0,10.0,10.0,0.0,0.0,0.0,0.0
6,include,0.0,0.25,23,JPTP / PS.JP.1/PL.JP.1,0.98999999748428,0.5,1.0,0,0.48999999748428,0.48999999748428,206.0,166.0,372.0,0.553763440860215,5.332718793265369,206.0,7.693486957499325
6,include,0.0,0.25,29,JPTP / PS.WEST.3,0.121127730889343,0.5,1.0,0,-0.37887226911065697,0.37887226911065697,18.0,0.0,18.0,1.0,2.9444389791664403,18.0,4.247927513443585
7,include,0.0,0.35,1,RTTP/PTTP/pooled / LL.WEST.1/LL.EAST.1/LL.ALL.2/LL.OS.2/LL.ARCH.3/LL.WEST.3/LL.EAST.3/LL.OS.3/LL.ALL.5,0.323512904455093,0.5,1.0,0,-0.176487095544907,0.176487095544907,91.0,323.0,414.0,0.21980676328502416,4.5217885770490405,91.0,6.523561956057013
7,include,0.0,0.35,6,RTTP / PHID.2/PL.ALL.2,0.457615237699633,0.5,1.0,0,-0.042384762300366974,0.042384762300366974,45.0,2.0,47.0,0.9574468085106383,3.828641396489095,45.0,5.523561956057013
7,include,0.0,0.35,7,RTTP / PS.2,0.538169298607315,0.4962,354.5,1,0.04196929860731502,0.04196929860731502,320.0,2.0,322.0,0.9937888198757764,5.771441123130016,0.9026798307475318,0.9826196156854129
7,include,0.0,0.35,10,RTTP / PS.WEST.3,0.580206961431909,0.5121,739.2,1,0.06810696143190897,0.06810696143190897,121.0,177.0,298.0,0.40604026845637586,4.804021044733257,0.1636904761904762,0.7271195563708814
7,include,0.0,0.35,13,PTTP/pooled / PHID.2/PL.ALL.2,0.757171928450218,0.5,1.0,0,0.25717192845021797,0.25717192845021797,114.0,15.0,129.0,0.8837209302325582,4.74493212836325,114.0,6.845490050944376
7,include,0.0,0.35,14,PTTP/pooled / PS.2,0.506814676980902,0.4962,354.5,1,0.010614676980902016,0.010614676980902016,3.0,3.0,6.0,0.5,1.3862943611198906,0.00846262341325811,0.2360242447750593
7,include,0.0,0.35,17,PTTP/pooled / PS.WEST.3,0.771804304134308,0.5121,739.2,1,0.259704304134308,0.259704304134308,452.0,3015.0,3467.0,0.13037207960773003,6.115892125483034,0.6114718614718614,0.9256797020006207
7,include,0.0,0.35,18,PTTP/pooled / PS.EAST.3,0.859078745996807,0.5282,231.2,1,0.330878745996807,0.330878745996807,444.0,2673.0,3117.0,0.1424446583253128,6.09807428216624,1.920415224913495,1.1194058528595712
7,include,0.0,0.35,19,JPTP / LL.WEST.1,0.801480023178554,0.5,1.0,0,0.30148002317855405,0.30148002317855405,1.0,58.0,59.0,0.01694915254237288,0.6931471805599453,1.0,1.0
7,include,0.0,0.35,20,JPTP / LL.EAST.1/LL.ALL.2/LL.OS.2/LL.ARCH.3/LL.WEST.3/LL.EAST.3/LL.OS.3/LL.ALL.5,0.213525497842976,0.5,1.0,0,-0.28647450215702397,0.28647450215702397,0.0,10.0,10.0,0.0,0.0,0.0,0.0
7,include,0.0,0.35,23,JPTP / PS.JP.1/PL.JP.1,0.989999999001757,0.5,1.0,0,0.48999999900175695,0.48999999900175695,206.0,166.0,372.0,0.553763440860215,5.332718793265369,206.0,7.693486957499325
7,include,0.0,0.35,29,JPTP / PS.WEST.3,0.14029800297577,0.5,1.0,0,-0.35970199702423,0.35970199702423,18.0,0.0,18.0,1.0,2.9444389791664403,18.0,4.247927513443585
8,include,0.0,0.15,1,RTTP/PTTP/pooled / LL.WEST.1/LL.EAST.1/LL.ALL.2/LL.OS.2/LL.ARCH.3/LL.WEST.3/LL.EAST.3/LL.OS.3/LL.ALL.5,0.237534948964306,0.5,1.0,0,-0.262465051035694,0.262465051035694,189.0,225.0,414.0,0.45652173913043476,5.247024072160486,189.0,7.569855608330948
8,include,0.0,0.15,6,RTTP / PHID.2/PL.ALL.2,0.362110258515237,0.5,1.0,0,-0.13788974148476302,0.13788974148476302,46.0,1.0,47.0,0.9787234042553191,3.8501476017100584,46.0,5.554588851677638
8,include,0.0,0.15,7,RTTP / PS.2,0.523488901349429,0.4962,354.5,1,0.027288901349429073,0.027288901349429073,320.0,2.0,322.0,0.9937888198757764,5.771441123130016,0.9026798307475318,0.9826196156854129
8,include,0.0,0.15,10,RTTP / PS.WEST.3,0.57842145190409,0.5121,739.2,1,0.06632145190409,0.06632145190409,212.0,86.0,298.0,0.7114093959731543,5.3612921657094255,0.28679653679653677,0.8114661332258533
8,include,0.0,0.15,13,PTTP/pooled / PHID.2/PL.ALL.2,0.492141835335291,0.5,1.0,0,-0.007858164664709011,0.007858164664709011,120.0,9.0,129.0,0.9302325581395349,4.795790545596741,120.0,6.9188632372745955
8,include,0.0,0.15,14,PTTP/pooled / PS.2,0.497680143545701,0.4962,354.5,1,0.0014801435457010292,0.0014801435457010292,5.0,1.0,6.0,0.8333333333333334,1.791759469228055,0.014104372355430184,0.3050569110022798
8,include,0.0,0.15,17,PTTP/pooled / PS.WEST.3,0.769700829715055,0.5121,739.2,1,0.25760082971505505,0.25760082971505505,1944.0,1523.0,3467.0,0.5607153158350159,7.573017256052546,2.6298701298701297,1.1462249845151762
8,include,0.0,0.15,18,PTTP/pooled / PS.EAST.3,0.820906355090945,0.5282,231.2,1,0.292706355090945,0.292706355090945,1693.0,1424.0,3117.0,0.5431504651908887,7.434847875211999,7.322664359861592,1.364793513744537
8,include,0.0,0.15,19,JPTP / LL.WEST.1,0.597881734166882,0.5,1.0,0,0.09788173416688195,0.09788173416688195,16.0,43.0,59.0,0.2711864406779661,2.833213344056216,16.0,4.08746284125034
8,include,0.0,0.15,20,JPTP / LL.EAST.1/LL.ALL.2/LL.OS.2/LL.ARCH.3/LL.WEST.3/LL.EAST.3/LL.OS.3/LL.ALL.5,0.173820764730026,0.5,1.0,0,-0.326179235269974,0.326179235269974,0.0,10.0,10.0,0.0,0.0,0.0,0.0
8,include,0.0,0.15,23,JPTP / PS.JP.1/PL.JP.1,0.612468364894367,0.5,1.0,0,0.11246836489436696,0.11246836489436696,327.0,45.0,372.0,0.8790322580645161,5.793013608384144,327.0,8.357552004618084
8,include,0.0,0.15,29,JPTP / PS.WEST.3,0.134520168958378,0.5,1.0,0,-0.36547983104162196,0.36547983104162196,18.0,0.0,18.0,1.0,2.9444389791664403,18.0,4.247927513443585
9,exclude,1.0,0.2,1,RTTP/PTTP/pooled / LL.WEST.1/LL.EAST.1/LL.ALL.2/LL.OS.2/LL.ARCH.3/LL.WEST.3/LL.EAST.3/LL.OS.3/LL.ALL.5,0.280384951352418,0.5,1.0,0,-0.21961504864758202,0.21961504864758202,162.0,252.0,414.0,0.391304347826087,5.093750200806762,162.0,7.348728154231078
9,exclude,1.0,0.2,6,RTTP / PHID.2/PL.ALL.2,0.722606975126277,0.5,1.0,0,0.22260697512627703,0.22260697512627703,45.0,2.0,47.0,0.9574468085106383,3.828641396489095,45.0,5.523561956057013
9,exclude,1.0,0.2,7,RTTP / PS.2,0.664442257262865,0.4962,354.5,1,0.168242257262865,0.168242257262865,320.0,2.0,322.0,0.9937888198757764,5.771441123130016,0.9026798307475318,0.9826196156854129
9,exclude,1.0,0.2,10,RTTP / PS.WEST.3,0.589548432398616,0.5121,739.2,1,0.07744843239861599,0.07744843239861599,175.0,123.0,298.0,0.587248322147651,5.170483995038151,0.23674242424242423,0.7825860864653296
9,exclude,1.0,0.2,13,PTTP/pooled / PHID.2/PL.ALL.2,0.590231695712736,0.5,1.0,0,0.09023169571273604,0.09023169571273604,116.0,13.0,129.0,0.8992248062015504,4.762173934797756,116.0,6.870364719583405
9,exclude,1.0,0.2,14,PTTP/pooled / PS.2,0.502300012818316,0.4962,354.5,1,0.0061000128183160696,0.0061000128183160696,5.0,1.0,6.0,0.8333333333333334,1.791759469228055,0.014104372355430184,0.3050569110022798
9,exclude,1.0,0.2,17,PTTP/pooled / PS.WEST.3,0.783536561531795,0.5121,739.2,1,0.27143656153179496,0.27143656153179496,1210.0,2257.0,3467.0,0.3490049033746755,7.099201743553092,1.6369047619047619,1.0745099520367174
9,exclude,1.0,0.2,18,PTTP/pooled / PS.EAST.3,0.906237595314663,0.5282,231.2,1,0.37803759531466297,0.37803759531466297,1264.0,1853.0,3117.0,0.4055181264035932,7.142827401161621,5.467128027681661,1.3111881602048459
9,exclude,1.0,0.2,19,JPTP / LL.WEST.1,0.713928270926516,0.5,1.0,0,0.213928270926516,0.213928270926516,5.0,54.0,59.0,0.0847457627118644,1.791759469228055,5.0,2.584962500721156
9,exclude,1.0,0.2,20,JPTP / LL.EAST.1/LL.ALL.2/LL.OS.2/LL.ARCH.3/LL.WEST.3/LL.EAST.3/LL.OS.3/LL.ALL.5,0.179041488778786,0.5,1.0,0,-0.320958511221214,0.320958511221214,0.0,10.0,10.0,0.0,0.0,0.0,0.0
9,exclude,1.0,0.2,23,JPTP / PS.JP.1/PL.JP.1,0.989999998541571,0.5,1.0,0,0.48999999854157095,0.48999999854157095,285.0,87.0,372.0,0.7661290322580645,5.655991810819852,285.0,8.159871336778389
9,exclude,1.0,0.2,29,JPTP / PS.WEST.3,0.204167064855912,0.5,1.0,0,-0.29583293514408804,0.29583293514408804,18.0,0.0,18.0,1.0,2.9444389791664403,18.0,4.247927513443585
10,exclude,1.0,0.3,1,RTTP/PTTP/pooled / LL.WEST.1/LL.EAST.1/LL.ALL.2/LL.OS.2/LL.ARCH.3/LL.WEST.3/LL.EAST.3/LL.OS.3/LL.ALL.5,0.38182869770629,0.5,1.0,0,-0.11817130229370998,0.11817130229370998,91.0,323.0,414.0,0.21980676328502416,4.5217885770490405,91.0,6.523561956057013
10,exclude,1.0,0.3,6,RTTP / PHID.2/PL.ALL.2,0.793112913993562,0.5,1.0,0,0.293112913993562,0.293112913993562,45.0,2.0,47.0,0.9574468085106383,3.828641396489095,45.0,5.523561956057013
10,exclude,1.0,0.3,7,RTTP / PS.2,0.65733034379612,0.4962,354.5,1,0.16113034379612,0.16113034379612,320.0,2.0,322.0,0.9937888198757764,5.771441123130016,0.9026798307475318,0.9826196156854129
10,exclude,1.0,0.3,10,RTTP / PS.WEST.3,0.576159383024191,0.5121,739.2,1,0.06405938302419101,0.06405938302419101,121.0,177.0,298.0,0.40604026845637586,4.804021044733257,0.1636904761904762,0.7271195563708814
10,exclude,1.0,0.3,13,PTTP/pooled / PHID.2/PL.ALL.2,0.662247356956673,0.5,1.0,0,0.16224735695667303,0.16224735695667303,114.0,15.0,129.0,0.8837209302325582,4.74493212836325,114.0,6.845490050944376
10,exclude,1.0,0.3,14,PTTP/pooled / PS.2,0.509767883510887,0.4962,354.5,1,0.013567883510887002,0.013567883510887002,3.0,3.0,6.0,0.5,1.3862943611198906,0.00846262341325811,0.2360242447750593
10,exclude,1.0,0.3,17,PTTP/pooled / PS.WEST.3,0.804987041285525,0.5121,739.2,1,0.292887041285525,0.292887041285525,458.0,3009.0,3467.0,0.1321026824343813,6.129050210060545,0.6195887445887446,0.92767126293085
10,exclude,1.0,0.3,18,PTTP/pooled / PS.EAST.3,0.920664181398801,0.5282,231.2,1,0.392464181398801,0.392464181398801,477.0,2640.0,3117.0,0.1530317613089509,6.169610732491456,2.063148788927336,1.1325375920745284
10,exclude,1.0,0.3,19,JPTP / LL.WEST.1,0.963513486636703,0.5,1.0,0,0.463513486636703,0.463513486636703,1.0,58.0,59.0,0.01694915254237288,0.6931471805599453,1.0,1.0
10,exclude,1.0,0.3,20,JPTP / LL.EAST.1/LL.ALL.2/LL.OS.2/LL.ARCH.3/LL.WEST.3/LL.EAST.3/LL.OS.3/LL.ALL.5,0.22867488446328,0.5,1.0,0,-0.27132511553672,0.27132511553672,0.0,10.0,10.0,0.0,0.0,0.0,0.0
10,exclude,1.0,0.3,23,JPTP / PS.JP.1/PL.JP.1,0.989999999093969,0.5,1.0,0,0.48999999909396896,0.48999999909396896,206.0,166.0,372.0,0.553763440860215,5.332718793265369,206.0,7.693486957499325
10,exclude,1.0,0.3,29,JPTP / PS.WEST.3,0.160849507514129,0.5,1.0,0,-0.33915049248587104,0.33915049248587104,18.0,0.0,18.0,1.0,2.9444389791664403,18.0,4.247927513443585
11,exclude,1.0,0.1,1,RTTP/PTTP/pooled / LL.WEST.1/LL.EAST.1/LL.ALL.2/LL.OS.2/LL.ARCH.3/LL.WEST.3/LL.EAST.3/LL.OS.3/LL.ALL.5,0.257307709621743,0.5,1.0,0,-0.24269229037825701,0.24269229037825701,230.0,184.0,414.0,0.5555555555555556,5.442417710521793,230.0,7.851749041416057
11,exclude,1.0,0.1,6,RTTP / PHID.2/PL.ALL.2,0.762072933823794,0.5,1.0,0,0.26207293382379404,0.26207293382379404,46.0,1.0,47.0,0.9787234042553191,3.8501476017100584,46.0,5.554588851677638
11,exclude,1.0,0.1,7,RTTP / PS.2,0.660472767271178,0.4962,354.5,1,0.164272767271178,0.164272767271178,320.0,2.0,322.0,0.9937888198757764,5.771441123130016,0.9026798307475318,0.9826196156854129
11,exclude,1.0,0.1,10,RTTP / PS.WEST.3,0.616633014207114,0.5121,739.2,1,0.10453301420711403,0.10453301420711403,254.0,44.0,298.0,0.8523489932885906,5.541263545158426,0.3436147186147186,0.838705961770709
11,exclude,1.0,0.1,13,PTTP/pooled / PHID.2/PL.ALL.2,0.56157071180235,0.5,1.0,0,0.061570711802349964,0.061570711802349964,122.0,7.0,129.0,0.9457364341085271,4.812184355372417,122.0,6.94251450533924
11,exclude,1.0,0.1,14,PTTP/pooled / PS.2,0.500879902501402,0.4962,354.5,1,0.0046799025014020446,0.0046799025014020446,5.0,1.0,6.0,0.8333333333333334,1.791759469228055,0.014104372355430184,0.3050569110022798
11,exclude,1.0,0.1,17,PTTP/pooled / PS.WEST.3,0.839694040334373,0.5121,739.2,1,0.327594040334373,0.327594040334373,2430.0,1037.0,3467.0,0.7008941447937699,7.796057974316123,3.287337662337662,1.1799836351551962
11,exclude,1.0,0.1,18,PTTP/pooled / PS.EAST.3,0.929041904610743,0.5282,231.2,1,0.400841904610743,0.400841904610743,2214.0,903.0,3117.0,0.710298363811357,7.703007682479236,9.576124567474048,1.41401883371719
11,exclude,1.0,0.1,19,JPTP / LL.WEST.1,0.989999986999543,0.5,1.0,0,0.48999998699954295,0.48999998699954295,16.0,43.0,59.0,0.2711864406779661,2.833213344056216,16.0,4.08746284125034
11,exclude,1.0,0.1,20,JPTP / LL.EAST.1/LL.ALL.2/LL.OS.2/LL.ARCH.3/LL.WEST.3/LL.EAST.3/LL.OS.3/LL.ALL.5,0.266611307887724,0.5,1.0,0,-0.23338869211227597,0.23338869211227597,0.0,10.0,10.0,0.0,0.0,0.0,0.0
11,exclude,1.0,0.1,23,JPTP / PS.JP.1/PL.JP.1,0.989999998440776,0.5,1.0,0,0.489999998440776,0.489999998440776,327.0,45.0,372.0,0.8790322580645161,5.793013608384144,327.0,8.357552004618084
11,exclude,1.0,0.1,29,JPTP / PS.WEST.3,0.416991145367763,0.5,1.0,0,-0.083008854632237,0.083008854632237,18.0,0.0,18.0,1.0,2.9444389791664403,18.0,4.247927513443585
12,exclude,1.0,0.05,1,RTTP/PTTP/pooled / LL.WEST.1/LL.EAST.1/LL.ALL.2/LL.OS.2/LL.ARCH.3/LL.WEST.3/LL.EAST.3/LL.OS.3/LL.ALL.5,0.306547602269591,0.5,1.0,0,-0.193452397730409,0.193452397730409,240.0,174.0,414.0,0.5797101449275363,5.484796933490655,240.0,7.912889336229962
12,exclude,1.0,0.05,6,RTTP / PHID.2/PL.ALL.2,0.915341462222814,0.5,1.0,0,0.415341462222814,0.415341462222814,46.0,1.0,47.0,0.9787234042553191,3.8501476017100584,46.0,5.554588851677638
12,exclude,1.0,0.05,7,RTTP / PS.2,0.659695411471645,0.4962,354.5,1,0.16349541147164504,0.16349541147164504,320.0,2.0,322.0,0.9937888198757764,5.771441123130016,0.9026798307475318,0.9826196156854129
12,exclude,1.0,0.05,10,RTTP / PS.WEST.3,0.611117193043008,0.5121,739.2,1,0.09901719304300804,0.09901719304300804,254.0,44.0,298.0,0.8523489932885906,5.541263545158426,0.3436147186147186,0.838705961770709
12,exclude,1.0,0.05,13,PTTP/pooled / PHID.2/PL.ALL.2,0.82004825104505,0.5,1.0,0,0.32004825104504997,0.32004825104504997,123.0,6.0,129.0,0.9534883720930233,4.820281565605037,123.0,6.954196310386876
12,exclude,1.0,0.05,14,PTTP/pooled / PS.2,0.50146100858546,0.4962,354.5,1,0.005261008585460081,0.005261008585460081,5.0,1.0,6.0,0.8333333333333334,1.791759469228055,0.014104372355430184,0.3050569110022798
12,exclude,1.0,0.05,17,PTTP/pooled / PS.WEST.3,0.857307582187031,0.5121,739.2,1,0.34520758218703096,0.34520758218703096,2694.0,773.0,3467.0,0.7770406691664263,7.899153483343097,3.644480519480519,1.1955878050973132
12,exclude,1.0,0.05,18,PTTP/pooled / PS.EAST.3,0.937617819132526,0.5282,231.2,1,0.40941781913252595,0.40941781913252595,2500.0,617.0,3117.0,0.8020532563362207,7.824445930877619,10.813148788927336,1.436310901627172
12,exclude,1.0,0.05,19,JPTP / LL.WEST.1,0.989999996063856,0.5,1.0,0,0.489999996063856,0.489999996063856,16.0,43.0,59.0,0.2711864406779661,2.833213344056216,16.0,4.08746284125034
12,exclude,1.0,0.05,20,JPTP / LL.EAST.1/LL.ALL.2/LL.OS.2/LL.ARCH.3/LL.WEST.3/LL.EAST.3/LL.OS.3/LL.ALL.5,0.367741479715846,0.5,1.0,0,-0.13225852028415402,0.13225852028415402,0.0,10.0,10.0,0.0,0.0,0.0,0.0
12,exclude,1.0,0.05,23,JPTP / PS.JP.1/PL.JP.1,0.989999998565001,0.5,1.0,0,0.489999998565001,0.489999998565001,327.0,45.0,372.0,0.8790322580645161,5.793013608384144,327.0,8.357552004618084
12,exclude,1.0,0.05,29,JPTP / PS.WEST.3,0.39695736366713,0.5,1.0,0,-0.10304263633286997,0.10304263633286997,18.0,0.0,18.0,1.0,2.9444389791664403,18.0,4.247927513443585
14,include,0.0,0.2,1,RTTP/PTTP/pooled / LL.WEST.1/LL.EAST.1/LL.ALL.2/LL.OS.2/LL.ARCH.3/LL.WEST.3/LL.EAST.3/LL.OS.3/LL.ALL.5,0.207964374796058,0.5,1.0,0,-0.292035625203942,0.292035625203942,162.0,252.0,414.0,0.391304347826087,5.093750200806762,162.0,7.348728154231078
14,include,0.0,0.2,6,RTTP / PHID.2/PL.ALL.2,0.28914531155512,0.5,1.0,0,-0.21085468844487998,0.21085468844487998,45.0,2.0,47.0,0.9574468085106383,3.828641396489095,45.0,5.523561956057013
14,include,0.0,0.2,7,RTTP / PS.2,0.496214962497131,0.4962,354.5,1,1.4962497131010277e-05,1.4962497131010277e-05,320.0,2.0,322.0,0.9937888198757764,5.771441123130016,0.9026798307475318,0.9826196156854129
14,include,0.0,0.2,10,RTTP / PS.WEST.3,0.550407792534292,0.5121,739.2,1,0.03830779253429195,0.03830779253429195,175.0,123.0,298.0,0.587248322147651,5.170483995038151,0.23674242424242423,0.7825860864653296
14,include,0.0,0.2,13,PTTP/pooled / PHID.2/PL.ALL.2,0.462142177520856,0.5,1.0,0,-0.03785782247914399,0.03785782247914399,116.0,13.0,129.0,0.8992248062015504,4.762173934797756,116.0,6.870364719583405
14,include,0.0,0.2,14,PTTP/pooled / PS.2,0.49570807477771,0.4962,354.5,1,-0.0004919252222899684,0.0004919252222899684,5.0,1.0,6.0,0.8333333333333334,1.791759469228055,0.014104372355430184,0.3050569110022798
14,include,0.0,0.2,17,PTTP/pooled / PS.WEST.3,0.714136869051701,0.5121,739.2,1,0.20203686905170104,0.20203686905170104,1210.0,2257.0,3467.0,0.3490049033746755,7.099201743553092,1.6369047619047619,1.0745099520367174
14,include,0.0,0.2,18,PTTP/pooled / PS.EAST.3,0.729939191814359,0.5282,231.2,1,0.20173919181435895,0.20173919181435895,1264.0,1853.0,3117.0,0.4055181264035932,7.142827401161621,5.467128027681661,1.3111881602048459
14,include,0.0,0.2,19,JPTP / LL.WEST.1,0.989999457228989,0.5,1.0,0,0.48999945722898897,0.48999945722898897,5.0,54.0,59.0,0.0847457627118644,1.791759469228055,5.0,2.584962500721156
14,include,0.0,0.2,20,JPTP / LL.EAST.1/LL.ALL.2/LL.OS.2/LL.ARCH.3/LL.WEST.3/LL.EAST.3/LL.OS.3/LL.ALL.5,0.230334752003033,0.5,1.0,0,-0.269665247996967,0.269665247996967,0.0,10.0,10.0,0.0,0.0,0.0,0.0
14,include,0.0,0.2,23,JPTP / PS.JP.1/PL.JP.1,0.9899999984031,0.5,1.0,0,0.48999999840310005,0.48999999840310005,285.0,87.0,372.0,0.7661290322580645,5.655991810819852,285.0,8.159871336778389
14,include,0.0,0.2,29,JPTP / PS.WEST.3,0.126823192626223,0.5,1.0,0,-0.373176807373777,0.373176807373777,18.0,0.0,18.0,1.0,2.9444389791664403,18.0,4.247927513443585
15,exclude,1.0,0.35,1,RTTP/PTTP/pooled / LL.WEST.1/LL.EAST.1/LL.ALL.2/LL.OS.2/LL.ARCH.3/LL.WEST.3/LL.EAST.3/LL.OS.3/LL.ALL.5,0.214991921471934,0.5,1.0,0,-0.285008078528066,0.285008078528066,91.0,323.0,414.0,0.21980676328502416,4.5217885770490405,91.0,6.523561956057013
15,exclude,1.0,0.35,6,RTTP / PHID.2/PL.ALL.2,0.520590399968706,0.5,1.0,0,0.02059039996870604,0.02059039996870604,45.0,2.0,47.0,0.9574468085106383,3.828641396489095,45.0,5.523561956057013
15,exclude,1.0,0.35,7,RTTP / PS.2,0.656823503198417,0.4962,354.5,1,0.160623503198417,0.160623503198417,320.0,2.0,322.0,0.9937888198757764,5.771441123130016,0.9026798307475318,0.9826196156854129
15,exclude,1.0,0.35,10,RTTP / PS.WEST.3,0.530951489770925,0.5121,739.2,1,0.01885148977092499,0.01885148977092499,121.0,177.0,298.0,0.40604026845637586,4.804021044733257,0.1636904761904762,0.7271195563708814
15,exclude,1.0,0.35,13,PTTP/pooled / PHID.2/PL.ALL.2,0.452486073351209,0.5,1.0,0,-0.047513926648791005,0.047513926648791005,114.0,15.0,129.0,0.8837209302325582,4.74493212836325,114.0,6.845490050944376
15,exclude,1.0,0.35,14,PTTP/pooled / PS.2,0.503784509596559,0.4962,354.5,1,0.007584509596558986,0.007584509596558986,3.0,3.0,6.0,0.5,1.3862943611198906,0.00846262341325811,0.2360242447750593
15,exclude,1.0,0.35,17,PTTP/pooled / PS.WEST.3,0.673309918350335,0.5121,739.2,1,0.16120991835033505,0.16120991835033505,452.0,3015.0,3467.0,0.13037207960773003,6.115892125483034,0.6114718614718614,0.9256797020006207
15,exclude,1.0,0.35,18,PTTP/pooled / PS.EAST.3,0.717226019237405,0.5282,231.2,1,0.18902601923740503,0.18902601923740503,444.0,2673.0,3117.0,0.1424446583253128,6.09807428216624,1.920415224913495,1.1194058528595712
15,exclude,1.0,0.35,19,JPTP / LL.WEST.1,0.484447432329499,0.5,1.0,0,-0.015552567670501005,0.015552567670501005,1.0,58.0,59.0,0.01694915254237288,0.6931471805599453,1.0,1.0
15,exclude,1.0,0.35,20,JPTP / LL.EAST.1/LL.ALL.2/LL.OS.2/LL.ARCH.3/LL.WEST.3/LL.EAST.3/LL.OS.3/LL.ALL.5,0.104089053337305,0.5,1.0,0,-0.395910946662695,0.395910946662695,0.0,10.0,10.0,0.0,0.0,0.0,0.0
15,exclude,1.0,0.35,23,JPTP / PS.JP.1/PL.JP.1,0.989999998532615,0.5,1.0,0,0.489999998532615,0.489999998532615,206.0,166.0,372.0,0.553763440860215,5.332718793265369,206.0,7.693486957499325
15,exclude,1.0,0.35,29,JPTP / PS.WEST.3,0.110183623006562,0.5,1.0,0,-0.389816376993438,0.389816376993438,18.0,0.0,18.0,1.0,2.9444389791664403,18.0,4.247927513443585
18,exclude,1.0,0.2,1,RTTP/PTTP/pooled / LL.WEST.1/LL.EAST.1/LL.ALL.2/LL.OS.2/LL.ARCH.3/LL.WEST.3/LL.EAST.3/LL.OS.3/LL.ALL.5,0.234120424123685,0.5,1.0,0,-0.265879575876315,0.265879575876315,162.0,252.0,414.0,0.391304347826087,5.093750200806762,162.0,7.348728154231078
18,exclude,1.0,0.2,6,RTTP / PHID.2/PL.ALL.2,0.622882401597758,0.5,1.0,0,0.12288240159775798,0.12288240159775798,45.0,2.0,47.0,0.9574468085106383,3.828641396489095,45.0,5.523561956057013
18,exclude,1.0,0.2,7,RTTP / PS.2,0.65644805337692,0.4962,354.5,1,0.16024805337692005,0.16024805337692005,320.0,2.0,322.0,0.9937888198757764,5.771441123130016,0.9026798307475318,0.9826196156854129
18,exclude,1.0,0.2,10,RTTP / PS.WEST.3,0.570964304981647,0.5121,739.2,1,0.058864304981646964,0.058864304981646964,175.0,123.0,298.0,0.587248322147651,5.170483995038151,0.23674242424242423,0.7825860864653296
18,exclude,1.0,0.2,13,PTTP/pooled / PHID.2/PL.ALL.2,0.501087266992865,0.5,1.0,0,0.001087266992864988,0.001087266992864988,116.0,13.0,129.0,0.8992248062015504,4.762173934797756,116.0,6.870364719583405
18,exclude,1.0,0.2,14,PTTP/pooled / PS.2,0.500191864100091,0.4962,354.5,1,0.003991864100091003,0.003991864100091003,5.0,1.0,6.0,0.8333333333333334,1.791759469228055,0.014104372355430184,0.3050569110022798
18,exclude,1.0,0.2,17,PTTP/pooled / PS.WEST.3,0.742632468631247,0.5121,739.2,1,0.230532468631247,0.230532468631247,1210.0,2257.0,3467.0,0.3490049033746755,7.099201743553092,1.6369047619047619,1.0745099520367174
18,exclude,1.0,0.2,18,PTTP/pooled / PS.EAST.3,0.866911091481792,0.5282,231.2,1,0.338711091481792,0.338711091481792,1264.0,1853.0,3117.0,0.4055181264035932,7.142827401161621,5.467128027681661,1.3111881602048459
18,exclude,1.0,0.2,19,JPTP / LL.WEST.1,0.575904312391271,0.5,1.0,0,0.07590431239127104,0.07590431239127104,5.0,54.0,59.0,0.0847457627118644,1.791759469228055,5.0,2.584962500721156
18,exclude,1.0,0.2,20,JPTP / LL.EAST.1/LL.ALL.2/LL.OS.2/LL.ARCH.3/LL.WEST.3/LL.EAST.3/LL.OS.3/LL.ALL.5,0.136874776970432,0.5,1.0,0,-0.363125223029568,0.363125223029568,0.0,10.0,10.0,0.0,0.0,0.0,0.0
18,exclude,1.0,0.2,23,JPTP / PS.JP.1/PL.JP.1,0.989999998391089,0.5,1.0,0,0.489999998391089,0.489999998391089,285.0,87.0,372.0,0.7661290322580645,5.655991810819852,285.0,8.159871336778389
18,exclude,1.0,0.2,29,JPTP / PS.WEST.3,0.172377471411152,0.5,1.0,0,-0.327622528588848,0.327622528588848,18.0,0.0,18.0,1.0,2.9444389791664403,18.0,4.247927513443585
19,exclude,1.0,0.1,1,RTTP/PTTP/pooled / LL.WEST.1/LL.EAST.1/LL.ALL.2/LL.OS.2/LL.ARCH.3/LL.WEST.3/LL.EAST.3/LL.OS.3/LL.ALL.5,0.309598950494367,0.5,1.0,0,-0.19040104950563302,0.19040104950563302,230.0,184.0,414.0,0.5555555555555556,5.442417710521793,230.0,7.851749041416057
19,exclude,1.0,0.1,6,RTTP / PHID.2/PL.ALL.2,0.907796002199291,0.5,1.0,0,0.407796002199291,0.407796002199291,46.0,1.0,47.0,0.9787234042553191,3.8501476017100584,46.0,5.554588851677638
19,exclude,1.0,0.1,7,RTTP / PS.2,0.667206561041306,0.4962,354.5,1,0.17100656104130607,0.17100656104130607,320.0,2.0,322.0,0.9937888198757764,5.771441123130016,0.9026798307475318,0.9826196156854129
19,exclude,1.0,0.1,10,RTTP / PS.WEST.3,0.613952563200613,0.5121,739.2,1,0.10185256320061298,0.10185256320061298,254.0,44.0,298.0,0.8523489932885906,5.541263545158426,0.3436147186147186,0.838705961770709
19,exclude,1.0,0.1,13,PTTP/pooled / PHID.2/PL.ALL.2,0.728767171324022,0.5,1.0,0,0.22876717132402202,0.22876717132402202,122.0,7.0,129.0,0.9457364341085271,4.812184355372417,122.0,6.94251450533924
19,exclude,1.0,0.1,14,PTTP/pooled / PS.2,0.501262757950184,0.4962,354.5,1,0.005062757950184071,0.005062757950184071,5.0,1.0,6.0,0.8333333333333334,1.791759469228055,0.014104372355430184,0.3050569110022798
19,exclude,1.0,0.1,17,PTTP/pooled / PS.WEST.3,0.847600801929346,0.5121,739.2,1,0.33550080192934595,0.33550080192934595,2430.0,1037.0,3467.0,0.7008941447937699,7.796057974316123,3.287337662337662,1.1799836351551962
19,exclude,1.0,0.1,18,PTTP/pooled / PS.EAST.3,0.943989826097285,0.5282,231.2,1,0.415789826097285,0.415789826097285,2214.0,903.0,3117.0,0.710298363811357,7.703007682479236,9.576124567474048,1.41401883371719
19,exclude,1.0,0.1,19,JPTP / LL.WEST.1,0.989999995260158,0.5,1.0,0,0.489999995260158,0.489999995260158,16.0,43.0,59.0,0.2711864406779661,2.833213344056216,16.0,4.08746284125034
19,exclude,1.0,0.1,20,JPTP / LL.EAST.1/LL.ALL.2/LL.OS.2/LL.ARCH.3/LL.WEST.3/LL.EAST.3/LL.OS.3/LL.ALL.5,0.374844337363533,0.5,1.0,0,-0.125155662636467,0.125155662636467,0.0,10.0,10.0,0.0,0.0,0.0,0.0
19,exclude,1.0,0.1,23,JPTP / PS.JP.1/PL.JP.1,0.989999998434498,0.5,1.0,0,0.48999999843449804,0.48999999843449804,327.0,45.0,372.0,0.8790322580645161,5.793013608384144,327.0,8.357552004618084
19,exclude,1.0,0.1,29,JPTP / PS.WEST.3,0.439588824505935,0.5,1.0,0,-0.060411175494064995,0.060411175494064995,18.0,0.0,18.0,1.0,2.9444389791664403,18.0,4.247927513443585
21,exclude,1.0,0.15,1,RTTP/PTTP/pooled / LL.WEST.1/LL.EAST.1/LL.ALL.2/LL.OS.2/LL.ARCH.3/LL.WEST.3/LL.EAST.3/LL.OS.3/LL.ALL.5,0.338770494739149,0.5,1.0,0,-0.161229505260851,0.161229505260851,189.0,225.0,414.0,0.45652173913043476,5.247024072160486,189.0,7.569855608330948
21,exclude,1.0,0.15,6,RTTP / PHID.2/PL.ALL.2,0.855820530977465,0.5,1.0,0,0.355820530977465,0.355820530977465,46.0,1.0,47.0,0.9787234042553191,3.8501476017100584,46.0,5.554588851677638
21,exclude,1.0,0.15,7,RTTP / PS.2,0.658321778566315,0.4962,354.5,1,0.16212177856631504,0.16212177856631504,320.0,2.0,322.0,0.9937888198757764,5.771441123130016,0.9026798307475318,0.9826196156854129
21,exclude,1.0,0.15,10,RTTP / PS.WEST.3,0.612244438304557,0.5121,739.2,1,0.10014443830455699,0.10014443830455699,212.0,86.0,298.0,0.7114093959731543,5.3612921657094255,0.28679653679653677,0.8114661332258533
21,exclude,1.0,0.15,13,PTTP/pooled / PHID.2/PL.ALL.2,0.73879000821851,0.5,1.0,0,0.23879000821851004,0.23879000821851004,120.0,9.0,129.0,0.9302325581395349,4.795790545596741,120.0,6.9188632372745955
21,exclude,1.0,0.15,14,PTTP/pooled / PS.2,0.506731978633746,0.4962,354.5,1,0.010531978633745998,0.010531978633745998,5.0,1.0,6.0,0.8333333333333334,1.791759469228055,0.014104372355430184,0.3050569110022798
21,exclude,1.0,0.15,17,PTTP/pooled / PS.WEST.3,0.824819443819156,0.5121,739.2,1,0.31271944381915595,0.31271944381915595,1944.0,1523.0,3467.0,0.5607153158350159,7.573017256052546,2.6298701298701297,1.1462249845151762
21,exclude,1.0,0.15,18,PTTP/pooled / PS.EAST.3,0.931104809491444,0.5282,231.2,1,0.402904809491444,0.402904809491444,1693.0,1424.0,3117.0,0.5431504651908887,7.434847875211999,7.322664359861592,1.364793513744537
21,exclude,1.0,0.15,19,JPTP / LL.WEST.1,0.989987795235996,0.5,1.0,0,0.489987795235996,0.489987795235996,16.0,43.0,59.0,0.2711864406779661,2.833213344056216,16.0,4.08746284125034
21,exclude,1.0,0.15,20,JPTP / LL.EAST.1/LL.ALL.2/LL.OS.2/LL.ARCH.3/LL.WEST.3/LL.EAST.3/LL.OS.3/LL.ALL.5,0.237493632042698,0.5,1.0,0,-0.262506367957302,0.262506367957302,0.0,10.0,10.0,0.0,0.0,0.0,0.0
21,exclude,1.0,0.15,23,JPTP / PS.JP.1/PL.JP.1,0.989999998411071,0.5,1.0,0,0.489999998411071,0.489999998411071,327.0,45.0,372.0,0.8790322580645161,5.793013608384144,327.0,8.357552004618084
21,exclude,1.0,0.15,29,JPTP / PS.WEST.3,0.32039975435587,0.5,1.0,0,-0.17960024564413002,0.17960024564413002,18.0,0.0,18.0,1.0,2.9444389791664403,18.0,4.247927513443585
22,include,0.0,0.15,1,RTTP/PTTP/pooled / LL.WEST.1/LL.EAST.1/LL.ALL.2/LL.OS.2/LL.ARCH.3/LL.WEST.3/LL.EAST.3/LL.OS.3/LL.ALL.5,0.280853320723126,0.5,1.0,0,-0.21914667927687398,0.21914667927687398,189.0,225.0,414.0,0.45652173913043476,5.247024072160486,189.0,7.569855608330948
22,include,0.0,0.15,6,RTTP / PHID.2/PL.ALL.2,0.441843130319067,0.5,1.0,0,-0.05815686968093298,0.05815686968093298,46.0,1.0,47.0,0.9787234042553191,3.8501476017100584,46.0,5.554588851677638
22,include,0.0,0.15,7,RTTP / PS.2,0.525076122250134,0.4962,354.5,1,0.02887612225013403,0.02887612225013403,320.0,2.0,322.0,0.9937888198757764,5.771441123130016,0.9026798307475318,0.9826196156854129
22,include,0.0,0.15,10,RTTP / PS.WEST.3,0.594323564243606,0.5121,739.2,1,0.082223564243606,0.082223564243606,212.0,86.0,298.0,0.7114093959731543,5.3612921657094255,0.28679653679653677,0.8114661332258533
22,include,0.0,0.15,13,PTTP/pooled / PHID.2/PL.ALL.2,0.799470552754527,0.5,1.0,0,0.29947055275452705,0.29947055275452705,120.0,9.0,129.0,0.9302325581395349,4.795790545596741,120.0,6.9188632372745955
22,include,0.0,0.15,14,PTTP/pooled / PS.2,0.501754440668524,0.4962,354.5,1,0.005554440668524063,0.005554440668524063,5.0,1.0,6.0,0.8333333333333334,1.791759469228055,0.014104372355430184,0.3050569110022798
22,include,0.0,0.15,17,PTTP/pooled / PS.WEST.3,0.812045084624748,0.5121,739.2,1,0.299945084624748,0.299945084624748,1944.0,1523.0,3467.0,0.5607153158350159,7.573017256052546,2.6298701298701297,1.1462249845151762
22,include,0.0,0.15,18,PTTP/pooled / PS.EAST.3,0.883367947471389,0.5282,231.2,1,0.355167947471389,0.355167947471389,1693.0,1424.0,3117.0,0.5431504651908887,7.434847875211999,7.322664359861592,1.364793513744537
22,include,0.0,0.15,19,JPTP / LL.WEST.1,0.793377739839447,0.5,1.0,0,0.29337773983944704,0.29337773983944704,16.0,43.0,59.0,0.2711864406779661,2.833213344056216,16.0,4.08746284125034
22,include,0.0,0.15,20,JPTP / LL.EAST.1/LL.ALL.2/LL.OS.2/LL.ARCH.3/LL.WEST.3/LL.EAST.3/LL.OS.3/LL.ALL.5,0.204540785322752,0.5,1.0,0,-0.295459214677248,0.295459214677248,0.0,10.0,10.0,0.0,0.0,0.0,0.0
22,include,0.0,0.15,23,JPTP / PS.JP.1/PL.JP.1,0.989999997123701,0.5,1.0,0,0.489999997123701,0.489999997123701,327.0,45.0,372.0,0.8790322580645161,5.793013608384144,327.0,8.357552004618084
22,include,0.0,0.15,29,JPTP / PS.WEST.3,0.136802991475351,0.5,1.0,0,-0.363197008524649,0.363197008524649,18.0,0.0,18.0,1.0,2.9444389791664403,18.0,4.247927513443585
23,exclude,1.0,0.05,1,RTTP/PTTP/pooled / LL.WEST.1/LL.EAST.1/LL.ALL.2/LL.OS.2/LL.ARCH.3/LL.WEST.3/LL.EAST.3/LL.OS.3/LL.ALL.5,0.318846923148834,0.5,1.0,0,-0.181153076851166,0.181153076851166,240.0,174.0,414.0,0.5797101449275363,5.484796933490655,240.0,7.912889336229962
23,exclude,1.0,0.05,6,RTTP / PHID.2/PL.ALL.2,0.914316869085002,0.5,1.0,0,0.414316869085002,0.414316869085002,46.0,1.0,47.0,0.9787234042553191,3.8501476017100584,46.0,5.554588851677638
23,exclude,1.0,0.05,7,RTTP / PS.2,0.675723583601121,0.4962,354.5,1,0.17952358360112097,0.17952358360112097,320.0,2.0,322.0,0.9937888198757764,5.771441123130016,0.9026798307475318,0.9826196156854129
23,exclude,1.0,0.05,10,RTTP / PS.WEST.3,0.618214209718252,0.5121,739.2,1,0.10611420971825203,0.10611420971825203,254.0,44.0,298.0,0.8523489932885906,5.541263545158426,0.3436147186147186,0.838705961770709
23,exclude,1.0,0.05,13,PTTP/pooled / PHID.2/PL.ALL.2,0.825612717039747,0.5,1.0,0,0.32561271703974703,0.32561271703974703,123.0,6.0,129.0,0.9534883720930233,4.820281565605037,123.0,6.954196310386876
23,exclude,1.0,0.05,14,PTTP/pooled / PS.2,0.499577845430332,0.4962,354.5,1,0.003377845430332038,0.003377845430332038,5.0,1.0,6.0,0.8333333333333334,1.791759469228055,0.014104372355430184,0.3050569110022798
23,exclude,1.0,0.05,17,PTTP/pooled / PS.WEST.3,0.86637132702378,0.5121,739.2,1,0.35427132702377995,0.35427132702377995,2694.0,773.0,3467.0,0.7770406691664263,7.899153483343097,3.644480519480519,1.1955878050973132
23,exclude,1.0,0.05,18,PTTP/pooled / PS.EAST.3,0.945983400853603,0.5282,231.2,1,0.417783400853603,0.417783400853603,2500.0,617.0,3117.0,0.8020532563362207,7.824445930877619,10.813148788927336,1.436310901627172
23,exclude,1.0,0.05,19,JPTP / LL.WEST.1,0.989999995014706,0.5,1.0,0,0.48999999501470604,0.48999999501470604,16.0,43.0,59.0,0.2711864406779661,2.833213344056216,16.0,4.08746284125034
23,exclude,1.0,0.05,20,JPTP / LL.EAST.1/LL.ALL.2/LL.OS.2/LL.ARCH.3/LL.WEST.3/LL.EAST.3/LL.OS.3/LL.ALL.5,0.484172660788628,0.5,1.0,0,-0.015827339211372027,0.015827339211372027,0.0,10.0,10.0,0.0,0.0,0.0,0.0
23,exclude,1.0,0.05,23,JPTP / PS.JP.1/PL.JP.1,0.989999998263974,0.5,1.0,0,0.489999998263974,0.489999998263974,327.0,45.0,372.0,0.8790322580645161,5.793013608384144,327.0,8.357552004618084
23,exclude,1.0,0.05,29,JPTP / PS.WEST.3,0.467012689001879,0.5,1.0,0,-0.03298731099812102,0.03298731099812102,18.0,0.0,18.0,1.0,2.9444389791664403,18.0,4.247927513443585
24,exclude,1.0,0.3,1,RTTP/PTTP/pooled / LL.WEST.1/LL.EAST.1/LL.ALL.2/LL.OS.2/LL.ARCH.3/LL.WEST.3/LL.EAST.3/LL.OS.3/LL.ALL.5,0.35183703666512,0.5,1.0,0,-0.14816296333488,0.14816296333488,91.0,323.0,414.0,0.21980676328502416,4.5217885770490405,91.0,6.523561956057013
24,exclude,1.0,0.3,6,RTTP / PHID.2/PL.ALL.2,0.743948383877934,0.5,1.0,0,0.24394838387793405,0.24394838387793405,45.0,2.0,47.0,0.9574468085106383,3.828641396489095,45.0,5.523561956057013
24,exclude,1.0,0.3,7,RTTP / PS.2,0.657651776058668,0.4962,354.5,1,0.161451776058668,0.161451776058668,320.0,2.0,322.0,0.9937888198757764,5.771441123130016,0.9026798307475318,0.9826196156854129
24,exclude,1.0,0.3,10,RTTP / PS.WEST.3,0.569573180925385,0.5121,739.2,1,0.057473180925385,0.057473180925385,121.0,177.0,298.0,0.40604026845637586,4.804021044733257,0.1636904761904762,0.7271195563708814
24,exclude,1.0,0.3,13,PTTP/pooled / PHID.2/PL.ALL.2,0.619188095502883,0.5,1.0,0,0.119188095502883,0.119188095502883,114.0,15.0,129.0,0.8837209302325582,4.74493212836325,114.0,6.845490050944376
24,exclude,1.0,0.3,14,PTTP/pooled / PS.2,0.508681089096295,0.4962,354.5,1,0.012481089096294973,0.012481089096294973,3.0,3.0,6.0,0.5,1.3862943611198906,0.00846262341325811,0.2360242447750593
24,exclude,1.0,0.3,17,PTTP/pooled / PS.WEST.3,0.78186330085236,0.5121,739.2,1,0.26976330085236,0.26976330085236,458.0,3009.0,3467.0,0.1321026824343813,6.129050210060545,0.6195887445887446,0.92767126293085
24,exclude,1.0,0.3,18,PTTP/pooled / PS.EAST.3,0.884180549944901,0.5282,231.2,1,0.355980549944901,0.355980549944901,477.0,2640.0,3117.0,0.1530317613089509,6.169610732491456,2.063148788927336,1.1325375920745284
24,exclude,1.0,0.3,19,JPTP / LL.WEST.1,0.836901016409183,0.5,1.0,0,0.336901016409183,0.336901016409183,1.0,58.0,59.0,0.01694915254237288,0.6931471805599453,1.0,1.0
24,exclude,1.0,0.3,20,JPTP / LL.EAST.1/LL.ALL.2/LL.OS.2/LL.ARCH.3/LL.WEST.3/LL.EAST.3/LL.OS.3/LL.ALL.5,0.208620825617191,0.5,1.0,0,-0.291379174382809,0.291379174382809,0.0,10.0,10.0,0.0,0.0,0.0,0.0
24,exclude,1.0,0.3,23,JPTP / PS.JP.1/PL.JP.1,0.989999999037346,0.5,1.0,0,0.48999999903734603,0.48999999903734603,206.0,166.0,372.0,0.553763440860215,5.332718793265369,206.0,7.693486957499325
24,exclude,1.0,0.3,29,JPTP / PS.WEST.3,0.150161487279699,0.5,1.0,0,-0.349838512720301,0.349838512720301,18.0,0.0,18.0,1.0,2.9444389791664403,18.0,4.247927513443585
25,include,0.0,0.25,1,RTTP/PTTP/pooled / LL.WEST.1/LL.EAST.1/LL.ALL.2/LL.OS.2/LL.ARCH.3/LL.WEST.3/LL.EAST.3/LL.OS.3/LL.ALL.5,0.21168723786085,0.5,1.0,0,-0.28831276213915,0.28831276213915,132.0,282.0,414.0,0.3188405797101449,4.890349128221754,132.0,7.05528243550119
25,include,0.0,0.25,6,RTTP / PHID.2/PL.ALL.2,0.336606532183206,0.5,1.0,0,-0.16339346781679398,0.16339346781679398,45.0,2.0,47.0,0.9574468085106383,3.828641396489095,45.0,5.523561956057013
25,include,0.0,0.25,7,RTTP / PS.2,0.521765831859211,0.4962,354.5,1,0.02556583185921102,0.02556583185921102,320.0,2.0,322.0,0.9937888198757764,5.771441123130016,0.9026798307475318,0.9826196156854129
25,include,0.0,0.25,10,RTTP / PS.WEST.3,0.550198802861577,0.5121,739.2,1,0.038098802861576964,0.038098802861576964,175.0,123.0,298.0,0.587248322147651,5.170483995038151,0.23674242424242423,0.7825860864653296
25,include,0.0,0.25,13,PTTP/pooled / PHID.2/PL.ALL.2,0.444629436772835,0.5,1.0,0,-0.05537056322716499,0.05537056322716499,115.0,14.0,129.0,0.8914728682170543,4.7535901911063645,115.0,6.857980995127572
25,include,0.0,0.25,14,PTTP/pooled / PS.2,0.501981630634744,0.4962,354.5,1,0.005781630634744017,0.005781630634744017,4.0,2.0,6.0,0.6666666666666666,1.6094379124341003,0.011283497884344146,0.2740156625088909
25,include,0.0,0.25,17,PTTP/pooled / PS.WEST.3,0.704935277285635,0.5121,739.2,1,0.192835277285635,0.192835277285635,758.0,2709.0,3467.0,0.21863282376694548,6.63200177739563,1.0254329004329004,1.0037962251471702
25,include,0.0,0.25,18,PTTP/pooled / PS.EAST.3,0.768410566225356,0.5282,231.2,1,0.24021056622535597,0.24021056622535597,1010.0,2107.0,3117.0,0.32402951555983317,6.918695219020472,4.368512110726644,1.2700448639946422
25,include,0.0,0.25,19,JPTP / LL.WEST.1,0.432164105453824,0.5,1.0,0,-0.067835894546176,0.067835894546176,1.0,58.0,59.0,0.01694915254237288,0.6931471805599453,1.0,1.0
25,include,0.0,0.25,20,JPTP / LL.EAST.1/LL.ALL.2/LL.OS.2/LL.ARCH.3/LL.WEST.3/LL.EAST.3/LL.OS.3/LL.ALL.5,0.11075001114403,0.5,1.0,0,-0.38924998885597,0.38924998885597,0.0,10.0,10.0,0.0,0.0,0.0,0.0
25,include,0.0,0.25,23,JPTP / PS.JP.1/PL.JP.1,0.989999998376497,0.5,1.0,0,0.489999998376497,0.489999998376497,206.0,166.0,372.0,0.553763440860215,5.332718793265369,206.0,7.693486957499325
25,include,0.0,0.25,29,JPTP / PS.WEST.3,0.128517543782971,0.5,1.0,0,-0.371482456217029,0.371482456217029,18.0,0.0,18.0,1.0,2.9444389791664403,18.0,4.247927513443585
27,include,0.0,0.15,1,RTTP/PTTP/pooled / LL.WEST.1/LL.EAST.1/LL.ALL.2/LL.OS.2/LL.ARCH.3/LL.WEST.3/LL.EAST.3/LL.OS.3/LL.ALL.5,0.268393630263916,0.5,1.0,0,-0.231606369736084,0.231606369736084,189.0,225.0,414.0,0.45652173913043476,5.247024072160486,189.0,7.569855608330948
27,include,0.0,0.15,6,RTTP / PHID.2/PL.ALL.2,0.406257806005375,0.5,1.0,0,-0.09374219399462502,0.09374219399462502,46.0,1.0,47.0,0.9787234042553191,3.8501476017100584,46.0,5.554588851677638
27,include,0.0,0.15,7,RTTP / PS.2,0.520707846286617,0.4962,354.5,1,0.024507846286617063,0.024507846286617063,320.0,2.0,322.0,0.9937888198757764,5.771441123130016,0.9026798307475318,0.9826196156854129
27,include,0.0,0.15,10,RTTP / PS.WEST.3,0.59038193539844,0.5121,739.2,1,0.07828193539843997,0.07828193539843997,212.0,86.0,298.0,0.7114093959731543,5.3612921657094255,0.28679653679653677,0.8114661332258533
27,include,0.0,0.15,13,PTTP/pooled / PHID.2/PL.ALL.2,0.755507191220325,0.5,1.0,0,0.25550719122032495,0.25550719122032495,120.0,9.0,129.0,0.9302325581395349,4.795790545596741,120.0,6.9188632372745955
27,include,0.0,0.15,14,PTTP/pooled / PS.2,0.501047481561668,0.4962,354.5,1,0.004847481561668032,0.004847481561668032,5.0,1.0,6.0,0.8333333333333334,1.791759469228055,0.014104372355430184,0.3050569110022798
27,include,0.0,0.15,17,PTTP/pooled / PS.WEST.3,0.782890698475838,0.5121,739.2,1,0.27079069847583803,0.27079069847583803,1944.0,1523.0,3467.0,0.5607153158350159,7.573017256052546,2.6298701298701297,1.1462249845151762
27,include,0.0,0.15,18,PTTP/pooled / PS.EAST.3,0.838779634368553,0.5282,231.2,1,0.31057963436855296,0.31057963436855296,1693.0,1424.0,3117.0,0.5431504651908887,7.434847875211999,7.322664359861592,1.364793513744537
27,include,0.0,0.15,19,JPTP / LL.WEST.1,0.731150739964331,0.5,1.0,0,0.231150739964331,0.231150739964331,16.0,43.0,59.0,0.2711864406779661,2.833213344056216,16.0,4.08746284125034
27,include,0.0,0.15,20,JPTP / LL.EAST.1/LL.ALL.2/LL.OS.2/LL.ARCH.3/LL.WEST.3/LL.EAST.3/LL.OS.3/LL.ALL.5,0.182109279686122,0.5,1.0,0,-0.317890720313878,0.317890720313878,0.0,10.0,10.0,0.0,0.0,0.0,0.0
27,include,0.0,0.15,23,JPTP / PS.JP.1/PL.JP.1,0.989999996768612,0.5,1.0,0,0.48999999676861195,0.48999999676861195,327.0,45.0,372.0,0.8790322580645161,5.793013608384144,327.0,8.357552004618084
27,include,0.0,0.15,29,JPTP / PS.WEST.3,0.134804099732682,0.5,1.0,0,-0.36519590026731796,0.36519590026731796,18.0,0.0,18.0,1.0,2.9444389791664403,18.0,4.247927513443585
29,include,0.0,0.1,1,RTTP/PTTP/pooled / LL.WEST.1/LL.EAST.1/LL.ALL.2/LL.OS.2/LL.ARCH.3/LL.WEST.3/LL.EAST.3/LL.OS.3/LL.ALL.5,0.250234633296008,0.5,1.0,0,-0.24976536670399202,0.24976536670399202,230.0,184.0,414.0,0.5555555555555556,5.442417710521793,230.0,7.851749041416057
29,include,0.0,0.1,6,RTTP / PHID.2/PL.ALL.2,0.43194602808489,0.5,1.0,0,-0.06805397191510998,0.06805397191510998,46.0,1.0,47.0,0.9787234042553191,3.8501476017100584,46.0,5.554588851677638
29,include,0.0,0.1,7,RTTP / PS.2,0.517176526627213,0.4962,354.5,1,0.020976526627213055,0.020976526627213055,320.0,2.0,322.0,0.9937888198757764,5.771441123130016,0.9026798307475318,0.9826196156854129
29,include,0.0,0.1,10,RTTP / PS.WEST.3,0.597247693488488,0.5121,739.2,1,0.08514769348848805,0.08514769348848805,254.0,44.0,298.0,0.8523489932885906,5.541263545158426,0.3436147186147186,0.838705961770709
29,include,0.0,0.1,13,PTTP/pooled / PHID.2/PL.ALL.2,0.767983720607443,0.5,1.0,0,0.267983720607443,0.267983720607443,122.0,7.0,129.0,0.9457364341085271,4.812184355372417,122.0,6.94251450533924
29,include,0.0,0.1,14,PTTP/pooled / PS.2,0.501421053873146,0.4962,354.5,1,0.0052210538731459755,0.0052210538731459755,5.0,1.0,6.0,0.8333333333333334,1.791759469228055,0.014104372355430184,0.3050569110022798
29,include,0.0,0.1,17,PTTP/pooled / PS.WEST.3,0.797922855883702,0.5121,739.2,1,0.28582285588370204,0.28582285588370204,2430.0,1037.0,3467.0,0.7008941447937699,7.796057974316123,3.287337662337662,1.1799836351551962
29,include,0.0,0.1,18,PTTP/pooled / PS.EAST.3,0.830525956046194,0.5282,231.2,1,0.30232595604619394,0.30232595604619394,2214.0,903.0,3117.0,0.710298363811357,7.703007682479236,9.576124567474048,1.41401883371719
29,include,0.0,0.1,19,JPTP / LL.WEST.1,0.705947862890535,0.5,1.0,0,0.20594786289053502,0.20594786289053502,16.0,43.0,59.0,0.2711864406779661,2.833213344056216,16.0,4.08746284125034
29,include,0.0,0.1,20,JPTP / LL.EAST.1/LL.ALL.2/LL.OS.2/LL.ARCH.3/LL.WEST.3/LL.EAST.3/LL.OS.3/LL.ALL.5,0.169942656505719,0.5,1.0,0,-0.330057343494281,0.330057343494281,0.0,10.0,10.0,0.0,0.0,0.0,0.0
29,include,0.0,0.1,23,JPTP / PS.JP.1/PL.JP.1,0.989999996646878,0.5,1.0,0,0.489999996646878,0.489999996646878,327.0,45.0,372.0,0.8790322580645161,5.793013608384144,327.0,8.357552004618084
29,include,0.0,0.1,29,JPTP / PS.WEST.3,0.14399009554414,0.5,1.0,0,-0.35600990445586,0.35600990445586,18.0,0.0,18.0,1.0,2.9444389791664403,18.0,4.247927513443585
30,exclude,1.0,0.2,1,RTTP/PTTP/pooled / LL.WEST.1/LL.EAST.1/LL.ALL.2/LL.OS.2/LL.ARCH.3/LL.WEST.3/LL.EAST.3/LL.OS.3/LL.ALL.5,0.439473987042293,0.5,1.0,0,-0.06052601295770699,0.06052601295770699,162.0,252.0,414.0,0.391304347826087,5.093750200806762,162.0,7.348728154231078
30,exclude,1.0,0.2,6,RTTP / PHID.2/PL.ALL.2,0.896520450737575,0.5,1.0,0,0.396520450737575,0.396520450737575,45.0,2.0,47.0,0.9574468085106383,3.828641396489095,45.0,5.523561956057013
30,exclude,1.0,0.2,7,RTTP / PS.2,0.665108640260291,0.4962,354.5,1,0.16890864026029107,0.16890864026029107,320.0,2.0,322.0,0.9937888198757764,5.771441123130016,0.9026798307475318,0.9826196156854129
30,exclude,1.0,0.2,10,RTTP / PS.WEST.3,0.606870363521236,0.5121,739.2,1,0.09477036352123602,0.09477036352123602,175.0,123.0,298.0,0.587248322147651,5.170483995038151,0.23674242424242423,0.7825860864653296
30,exclude,1.0,0.2,13,PTTP/pooled / PHID.2/PL.ALL.2,0.804567098471359,0.5,1.0,0,0.304567098471359,0.304567098471359,116.0,13.0,129.0,0.8992248062015504,4.762173934797756,116.0,6.870364719583405
30,exclude,1.0,0.2,14,PTTP/pooled / PS.2,0.505076800799166,0.4962,354.5,1,0.008876800799165974,0.008876800799165974,5.0,1.0,6.0,0.8333333333333334,1.791759469228055,0.014104372355430184,0.3050569110022798
30,exclude,1.0,0.2,17,PTTP/pooled / PS.WEST.3,0.860301077684988,0.5121,739.2,1,0.348201077684988,0.348201077684988,1210.0,2257.0,3467.0,0.3490049033746755,7.099201743553092,1.6369047619047619,1.0745099520367174
30,exclude,1.0,0.2,18,PTTP/pooled / PS.EAST.3,0.98657361792925,0.5282,231.2,1,0.45837361792925,0.45837361792925,1264.0,1853.0,3117.0,0.4055181264035932,7.142827401161621,5.467128027681661,1.3111881602048459
30,exclude,1.0,0.2,19,JPTP / LL.WEST.1,0.98999999154552,0.5,1.0,0,0.48999999154552,0.48999999154552,5.0,54.0,59.0,0.0847457627118644,1.791759469228055,5.0,2.584962500721156
30,exclude,1.0,0.2,20,JPTP / LL.EAST.1/LL.ALL.2/LL.OS.2/LL.ARCH.3/LL.WEST.3/LL.EAST.3/LL.OS.3/LL.ALL.5,0.317882913891511,0.5,1.0,0,-0.18211708610848898,0.18211708610848898,0.0,10.0,10.0,0.0,0.0,0.0,0.0
30,exclude,1.0,0.2,23,JPTP / PS.JP.1/PL.JP.1,0.989999998858378,0.5,1.0,0,0.48999999885837797,0.48999999885837797,285.0,87.0,372.0,0.7661290322580645,5.655991810819852,285.0,8.159871336778389
30,exclude,1.0,0.2,29,JPTP / PS.WEST.3,0.271785389442079,0.5,1.0,0,-0.22821461055792103,0.22821461055792103,18.0,0.0,18.0,1.0,2.9444389791664403,18.0,4.247927513443585
31,exclude,1.0,0.2,1,RTTP/PTTP/pooled / LL.WEST.1/LL.EAST.1/LL.ALL.2/LL.OS.2/LL.ARCH.3/LL.WEST.3/LL.EAST.3/LL.OS.3/LL.ALL.5,0.25100521000578,0.5,1.0,0,-0.24899478999421998,0.24899478999421998,162.0,252.0,414.0,0.391304347826087,5.093750200806762,162.0,7.348728154231078
31,exclude,1.0,0.2,6,RTTP / PHID.2/PL.ALL.2,0.676585345161352,0.5,1.0,0,0.17658534516135205,0.17658534516135205,45.0,2.0,47.0,0.9574468085106383,3.828641396489095,45.0,5.523561956057013
31,exclude,1.0,0.2,7,RTTP / PS.2,0.665577324759353,0.4962,354.5,1,0.16937732475935308,0.16937732475935308,320.0,2.0,322.0,0.9937888198757764,5.771441123130016,0.9026798307475318,0.9826196156854129
31,exclude,1.0,0.2,10,RTTP / PS.WEST.3,0.5768698505089,0.5121,739.2,1,0.06476985050890005,0.06476985050890005,175.0,123.0,298.0,0.587248322147651,5.170483995038151,0.23674242424242423,0.7825860864653296
31,exclude,1.0,0.2,13,PTTP/pooled / PHID.2/PL.ALL.2,0.564768034615634,0.5,1.0,0,0.06476803461563396,0.06476803461563396,116.0,13.0,129.0,0.8992248062015504,4.762173934797756,116.0,6.870364719583405
31,exclude,1.0,0.2,14,PTTP/pooled / PS.2,0.501763787505613,0.4962,354.5,1,0.005563787505613038,0.005563787505613038,5.0,1.0,6.0,0.8333333333333334,1.791759469228055,0.014104372355430184,0.3050569110022798
31,exclude,1.0,0.2,17,PTTP/pooled / PS.WEST.3,0.750543178319963,0.5121,739.2,1,0.23844317831996298,0.23844317831996298,1210.0,2257.0,3467.0,0.3490049033746755,7.099201743553092,1.6369047619047619,1.0745099520367174
31,exclude,1.0,0.2,18,PTTP/pooled / PS.EAST.3,0.877615838207923,0.5282,231.2,1,0.349415838207923,0.349415838207923,1264.0,1853.0,3117.0,0.4055181264035932,7.142827401161621,5.467128027681661,1.3111881602048459
31,exclude,1.0,0.2,19,JPTP / LL.WEST.1,0.63126142607883,0.5,1.0,0,0.13126142607882996,0.13126142607882996,5.0,54.0,59.0,0.0847457627118644,1.791759469228055,5.0,2.584962500721156
31,exclude,1.0,0.2,20,JPTP / LL.EAST.1/LL.ALL.2/LL.OS.2/LL.ARCH.3/LL.WEST.3/LL.EAST.3/LL.OS.3/LL.ALL.5,0.13470468895821,0.5,1.0,0,-0.36529531104179,0.36529531104179,0.0,10.0,10.0,0.0,0.0,0.0,0.0
31,exclude,1.0,0.2,23,JPTP / PS.JP.1/PL.JP.1,0.98999999837727,0.5,1.0,0,0.48999999837727004,0.48999999837727004,285.0,87.0,372.0,0.7661290322580645,5.655991810819852,285.0,8.159871336778389
31,exclude,1.0,0.2,29,JPTP / PS.WEST.3,0.179314249427501,0.5,1.0,0,-0.32068575057249904,0.32068575057249904,18.0,0.0,18.0,1.0,2.9444389791664403,18.0,4.247927513443585
32,include,0.0,0.1,1,RTTP/PTTP/pooled / LL.WEST.1/LL.EAST.1/LL.ALL.2/LL.OS.2/LL.ARCH.3/LL.WEST.3/LL.EAST.3/LL.OS.3/LL.ALL.5,0.227969865298247,0.5,1.0,0,-0.27203013470175297,0.27203013470175297,230.0,184.0,414.0,0.5555555555555556,5.442417710521793,230.0,7.851749041416057
32,include,0.0,0.1,6,RTTP / PHID.2/PL.ALL.2,0.407072706010978,0.5,1.0,0,-0.092927293989022,0.092927293989022,46.0,1.0,47.0,0.9787234042553191,3.8501476017100584,46.0,5.554588851677638
32,include,0.0,0.1,7,RTTP / PS.2,0.526767929514399,0.4962,354.5,1,0.030567929514399017,0.030567929514399017,320.0,2.0,322.0,0.9937888198757764,5.771441123130016,0.9026798307475318,0.9826196156854129
32,include,0.0,0.1,10,RTTP / PS.WEST.3,0.588970008026418,0.5121,739.2,1,0.07687000802641797,0.07687000802641797,254.0,44.0,298.0,0.8523489932885906,5.541263545158426,0.3436147186147186,0.838705961770709
32,include,0.0,0.1,13,PTTP/pooled / PHID.2/PL.ALL.2,0.971643339064825,0.5,1.0,0,0.47164333906482503,0.47164333906482503,122.0,7.0,129.0,0.9457364341085271,4.812184355372417,122.0,6.94251450533924
32,include,0.0,0.1,14,PTTP/pooled / PS.2,0.502206229940808,0.4962,354.5,1,0.006006229940808017,0.006006229940808017,5.0,1.0,6.0,0.8333333333333334,1.791759469228055,0.014104372355430184,0.3050569110022798
32,include,0.0,0.1,17,PTTP/pooled / PS.WEST.3,0.813920188569873,0.5121,739.2,1,0.301820188569873,0.301820188569873,2430.0,1037.0,3467.0,0.7008941447937699,7.796057974316123,3.287337662337662,1.1799836351551962
32,include,0.0,0.1,18,PTTP/pooled / PS.EAST.3,0.851722476652997,0.5282,231.2,1,0.32352247665299705,0.32352247665299705,2214.0,903.0,3117.0,0.710298363811357,7.703007682479236,9.576124567474048,1.41401883371719
32,include,0.0,0.1,19,JPTP / LL.WEST.1,0.585010147639193,0.5,1.0,0,0.08501014763919301,0.08501014763919301,16.0,43.0,59.0,0.2711864406779661,2.833213344056216,16.0,4.08746284125034
32,include,0.0,0.1,20,JPTP / LL.EAST.1/LL.ALL.2/LL.OS.2/LL.ARCH.3/LL.WEST.3/LL.EAST.3/LL.OS.3/LL.ALL.5,0.161157748138329,0.5,1.0,0,-0.338842251861671,0.338842251861671,0.0,10.0,10.0,0.0,0.0,0.0,0.0
32,include,0.0,0.1,23,JPTP / PS.JP.1/PL.JP.1,0.989999991921388,0.5,1.0,0,0.489999991921388,0.489999991921388,327.0,45.0,372.0,0.8790322580645161,5.793013608384144,327.0,8.357552004618084
32,include,0.0,0.1,29,JPTP / PS.WEST.3,0.144425625077143,0.5,1.0,0,-0.35557437492285704,0.35557437492285704,18.0,0.0,18.0,1.0,2.9444389791664403,18.0,4.247927513443585
33,include,0.0,0.2,1,RTTP/PTTP/pooled / LL.WEST.1/LL.EAST.1/LL.ALL.2/LL.OS.2/LL.ARCH.3/LL.WEST.3/LL.EAST.3/LL.OS.3/LL.ALL.5,0.284436889376554,0.5,1.0,0,-0.21556311062344602,0.21556311062344602,162.0,252.0,414.0,0.391304347826087,5.093750200806762,162.0,7.348728154231078
33,include,0.0,0.2,6,RTTP / PHID.2/PL.ALL.2,0.452545903817568,0.5,1.0,0,-0.047454096182432015,0.047454096182432015,45.0,2.0,47.0,0.9574468085106383,3.828641396489095,45.0,5.523561956057013
33,include,0.0,0.2,7,RTTP / PS.2,0.525872713479689,0.4962,354.5,1,0.029672713479689028,0.029672713479689028,320.0,2.0,322.0,0.9937888198757764,5.771441123130016,0.9026798307475318,0.9826196156854129
33,include,0.0,0.2,10,RTTP / PS.WEST.3,0.586168699051729,0.5121,739.2,1,0.07406869905172897,0.07406869905172897,175.0,123.0,298.0,0.587248322147651,5.170483995038151,0.23674242424242423,0.7825860864653296
33,include,0.0,0.2,13,PTTP/pooled / PHID.2/PL.ALL.2,0.757295663373592,0.5,1.0,0,0.257295663373592,0.257295663373592,116.0,13.0,129.0,0.8992248062015504,4.762173934797756,116.0,6.870364719583405
33,include,0.0,0.2,14,PTTP/pooled / PS.2,0.501145797987731,0.4962,354.5,1,0.004945797987730982,0.004945797987730982,5.0,1.0,6.0,0.8333333333333334,1.791759469228055,0.014104372355430184,0.3050569110022798
33,include,0.0,0.2,17,PTTP/pooled / PS.WEST.3,0.800780526289988,0.5121,739.2,1,0.28868052628998797,0.28868052628998797,1210.0,2257.0,3467.0,0.3490049033746755,7.099201743553092,1.6369047619047619,1.0745099520367174
33,include,0.0,0.2,18,PTTP/pooled / PS.EAST.3,0.887442367122376,0.5282,231.2,1,0.359242367122376,0.359242367122376,1264.0,1853.0,3117.0,0.4055181264035932,7.142827401161621,5.467128027681661,1.3111881602048459
33,include,0.0,0.2,19,JPTP / LL.WEST.1,0.817936146752551,0.5,1.0,0,0.317936146752551,0.317936146752551,5.0,54.0,59.0,0.0847457627118644,1.791759469228055,5.0,2.584962500721156
33,include,0.0,0.2,20,JPTP / LL.EAST.1/LL.ALL.2/LL.OS.2/LL.ARCH.3/LL.WEST.3/LL.EAST.3/LL.OS.3/LL.ALL.5,0.186071621194391,0.5,1.0,0,-0.313928378805609,0.313928378805609,0.0,10.0,10.0,0.0,0.0,0.0,0.0
33,include,0.0,0.2,23,JPTP / PS.JP.1/PL.JP.1,0.989999998408834,0.5,1.0,0,0.489999998408834,0.489999998408834,285.0,87.0,372.0,0.7661290322580645,5.655991810819852,285.0,8.159871336778389
33,include,0.0,0.2,29,JPTP / PS.WEST.3,0.133592238984128,0.5,1.0,0,-0.366407761015872,0.366407761015872,18.0,0.0,18.0,1.0,2.9444389791664403,18.0,4.247927513443585
34,include,0.0,0.35,1,RTTP/PTTP/pooled / LL.WEST.1/LL.EAST.1/LL.ALL.2/LL.OS.2/LL.ARCH.3/LL.WEST.3/LL.EAST.3/LL.OS.3/LL.ALL.5,0.231417963796928,0.5,1.0,0,-0.26858203620307197,0.26858203620307197,91.0,323.0,414.0,0.21980676328502416,4.5217885770490405,91.0,6.523561956057013
34,include,0.0,0.35,6,RTTP / PHID.2/PL.ALL.2,0.337289118283907,0.5,1.0,0,-0.162710881716093,0.162710881716093,45.0,2.0,47.0,0.9574468085106383,3.828641396489095,45.0,5.523561956057013
34,include,0.0,0.35,7,RTTP / PS.2,0.528315988024814,0.4962,354.5,1,0.03211598802481408,0.03211598802481408,320.0,2.0,322.0,0.9937888198757764,5.771441123130016,0.9026798307475318,0.9826196156854129
34,include,0.0,0.35,10,RTTP / PS.WEST.3,0.550396219119612,0.5121,739.2,1,0.03829621911961201,0.03829621911961201,121.0,177.0,298.0,0.40604026845637586,4.804021044733257,0.1636904761904762,0.7271195563708814
34,include,0.0,0.35,13,PTTP/pooled / PHID.2/PL.ALL.2,0.448746185779858,0.5,1.0,0,-0.051253814220142024,0.051253814220142024,114.0,15.0,129.0,0.8837209302325582,4.74493212836325,114.0,6.845490050944376
34,include,0.0,0.35,14,PTTP/pooled / PS.2,0.503454895657378,0.4962,354.5,1,0.007254895657378024,0.007254895657378024,3.0,3.0,6.0,0.5,1.3862943611198906,0.00846262341325811,0.2360242447750593
34,include,0.0,0.35,17,PTTP/pooled / PS.WEST.3,0.691767360178041,0.5121,739.2,1,0.17966736017804097,0.17966736017804097,452.0,3015.0,3467.0,0.13037207960773003,6.115892125483034,0.6114718614718614,0.9256797020006207
34,include,0.0,0.35,18,PTTP/pooled / PS.EAST.3,0.704742279125216,0.5282,231.2,1,0.17654227912521603,0.17654227912521603,444.0,2673.0,3117.0,0.1424446583253128,6.09807428216624,1.920415224913495,1.1194058528595712
34,include,0.0,0.35,19,JPTP / LL.WEST.1,0.489063539403542,0.5,1.0,0,-0.010936460596457975,0.010936460596457975,1.0,58.0,59.0,0.01694915254237288,0.6931471805599453,1.0,1.0
34,include,0.0,0.35,20,JPTP / LL.EAST.1/LL.ALL.2/LL.OS.2/LL.ARCH.3/LL.WEST.3/LL.EAST.3/LL.OS.3/LL.ALL.5,0.116779750725772,0.5,1.0,0,-0.383220249274228,0.383220249274228,0.0,10.0,10.0,0.0,0.0,0.0,0.0
34,include,0.0,0.35,23,JPTP / PS.JP.1/PL.JP.1,0.98999999855161,0.5,1.0,0,0.48999999855161,0.48999999855161,206.0,166.0,372.0,0.553763440860215,5.332718793265369,206.0,7.693486957499325
34,include,0.0,0.35,29,JPTP / PS.WEST.3,0.1376160180802,0.5,1.0,0,-0.36238398191980004,0.36238398191980004,18.0,0.0,18.0,1.0,2.9444389791664403,18.0,4.247927513443585
35,include,0.0,0.2,1,RTTP/PTTP/pooled / LL.WEST.1/LL.EAST.1/LL.ALL.2/LL.OS.2/LL.ARCH.3/LL.WEST.3/LL.EAST.3/LL.OS.3/LL.ALL.5,0.223861984911152,0.5,1.0,0,-0.276138015088848,0.276138015088848,162.0,252.0,414.0,0.391304347826087,5.093750200806762,162.0,7.348728154231078
35,include,0.0,0.2,6,RTTP / PHID.2/PL.ALL.2,0.348217768065637,0.5,1.0,0,-0.15178223193436302,0.15178223193436302,45.0,2.0,47.0,0.9574468085106383,3.828641396489095,45.0,5.523561956057013
35,include,0.0,0.2,7,RTTP / PS.2,0.525777112531983,0.4962,354.5,1,0.02957711253198303,0.02957711253198303,320.0,2.0,322.0,0.9937888198757764,5.771441123130016,0.9026798307475318,0.9826196156854129
35,include,0.0,0.2,10,RTTP / PS.WEST.3,0.560294167058618,0.5121,739.2,1,0.04819416705861801,0.04819416705861801,175.0,123.0,298.0,0.587248322147651,5.170483995038151,0.23674242424242423,0.7825860864653296
35,include,0.0,0.2,13,PTTP/pooled / PHID.2/PL.ALL.2,0.453236337625813,0.5,1.0,0,-0.046763662374187,0.046763662374187,116.0,13.0,129.0,0.8992248062015504,4.762173934797756,116.0,6.870364719583405
35,include,0.0,0.2,14,PTTP/pooled / PS.2,0.497104092618187,0.4962,354.5,1,0.0009040926181870246,0.0009040926181870246,5.0,1.0,6.0,0.8333333333333334,1.791759469228055,0.014104372355430184,0.3050569110022798
35,include,0.0,0.2,17,PTTP/pooled / PS.WEST.3,0.742311329189562,0.5121,739.2,1,0.230211329189562,0.230211329189562,1210.0,2257.0,3467.0,0.3490049033746755,7.099201743553092,1.6369047619047619,1.0745099520367174
35,include,0.0,0.2,18,PTTP/pooled / PS.EAST.3,0.804076120386199,0.5282,231.2,1,0.275876120386199,0.275876120386199,1264.0,1853.0,3117.0,0.4055181264035932,7.142827401161621,5.467128027681661,1.3111881602048459
35,include,0.0,0.2,19,JPTP / LL.WEST.1,0.519639266633116,0.5,1.0,0,0.019639266633115993,0.019639266633115993,5.0,54.0,59.0,0.0847457627118644,1.791759469228055,5.0,2.584962500721156
35,include,0.0,0.2,20,JPTP / LL.EAST.1/LL.ALL.2/LL.OS.2/LL.ARCH.3/LL.WEST.3/LL.EAST.3/LL.OS.3/LL.ALL.5,0.132197777793874,0.5,1.0,0,-0.367802222206126,0.367802222206126,0.0,10.0,10.0,0.0,0.0,0.0,0.0
35,include,0.0,0.2,23,JPTP / PS.JP.1/PL.JP.1,0.989999997429044,0.5,1.0,0,0.489999997429044,0.489999997429044,285.0,87.0,372.0,0.7661290322580645,5.655991810819852,285.0,8.159871336778389
35,include,0.0,0.2,29,JPTP / PS.WEST.3,0.130298848608189,0.5,1.0,0,-0.36970115139181103,0.36970115139181103,18.0,0.0,18.0,1.0,2.9444389791664403,18.0,4.247927513443585
36,exclude,1.0,0.2,1,RTTP/PTTP/pooled / LL.WEST.1/LL.EAST.1/LL.ALL.2/LL.OS.2/LL.ARCH.3/LL.WEST.3/LL.EAST.3/LL.OS.3/LL.ALL.5,0.244322596501229,0.5,1.0,0,-0.255677403498771,0.255677403498771,162.0,252.0,414.0,0.391304347826087,5.093750200806762,162.0,7.348728154231078
36,exclude,1.0,0.2,6,RTTP / PHID.2/PL.ALL.2,0.676186095297451,0.5,1.0,0,0.176186095297451,0.176186095297451,45.0,2.0,47.0,0.9574468085106383,3.828641396489095,45.0,5.523561956057013
36,exclude,1.0,0.2,7,RTTP / PS.2,0.675289460111716,0.4962,354.5,1,0.179089460111716,0.179089460111716,320.0,2.0,322.0,0.9937888198757764,5.771441123130016,0.9026798307475318,0.9826196156854129
36,exclude,1.0,0.2,10,RTTP / PS.WEST.3,0.582385327138327,0.5121,739.2,1,0.07028532713832703,0.07028532713832703,175.0,123.0,298.0,0.587248322147651,5.170483995038151,0.23674242424242423,0.7825860864653296
36,exclude,1.0,0.2,13,PTTP/pooled / PHID.2/PL.ALL.2,0.548241164182003,0.5,1.0,0,0.04824116418200297,0.04824116418200297,116.0,13.0,129.0,0.8992248062015504,4.762173934797756,116.0,6.870364719583405
36,exclude,1.0,0.2,14,PTTP/pooled / PS.2,0.499501463633711,0.4962,354.5,1,0.0033014636337110326,0.0033014636337110326,5.0,1.0,6.0,0.8333333333333334,1.791759469228055,0.014104372355430184,0.3050569110022798
36,exclude,1.0,0.2,17,PTTP/pooled / PS.WEST.3,0.766941284722257,0.5121,739.2,1,0.254841284722257,0.254841284722257,1210.0,2257.0,3467.0,0.3490049033746755,7.099201743553092,1.6369047619047619,1.0745099520367174
36,exclude,1.0,0.2,18,PTTP/pooled / PS.EAST.3,0.882952674970841,0.5282,231.2,1,0.35475267497084095,0.35475267497084095,1264.0,1853.0,3117.0,0.4055181264035932,7.142827401161621,5.467128027681661,1.3111881602048459
36,exclude,1.0,0.2,19,JPTP / LL.WEST.1,0.989999984700436,0.5,1.0,0,0.48999998470043604,0.48999998470043604,5.0,54.0,59.0,0.0847457627118644,1.791759469228055,5.0,2.584962500721156
36,exclude,1.0,0.2,20,JPTP / LL.EAST.1/LL.ALL.2/LL.OS.2/LL.ARCH.3/LL.WEST.3/LL.EAST.3/LL.OS.3/LL.ALL.5,0.165391715604429,0.5,1.0,0,-0.334608284395571,0.334608284395571,0.0,10.0,10.0,0.0,0.0,0.0,0.0
36,exclude,1.0,0.2,23,JPTP / PS.JP.1/PL.JP.1,0.98999999859249,0.5,1.0,0,0.48999999859249,0.48999999859249,285.0,87.0,372.0,0.7661290322580645,5.655991810819852,285.0,8.159871336778389
36,exclude,1.0,0.2,29,JPTP / PS.WEST.3,0.189907063406769,0.5,1.0,0,-0.310092936593231,0.310092936593231,18.0,0.0,18.0,1.0,2.9444389791664403,18.0,4.247927513443585
38,exclude,1.0,0.25,1,RTTP/PTTP/pooled / LL.WEST.1/LL.EAST.1/LL.ALL.2/LL.OS.2/LL.ARCH.3/LL.WEST.3/LL.EAST.3/LL.OS.3/LL.ALL.5,0.211654623667308,0.5,1.0,0,-0.28834537633269197,0.28834537633269197,132.0,282.0,414.0,0.3188405797101449,4.890349128221754,132.0,7.05528243550119
38,exclude,1.0,0.25,6,RTTP / PHID.2/PL.ALL.2,0.564015701894968,0.5,1.0,0,0.06401570189496797,0.06401570189496797,45.0,2.0,47.0,0.9574468085106383,3.828641396489095,45.0,5.523561956057013
38,exclude,1.0,0.25,7,RTTP / PS.2,0.656011049292047,0.4962,354.5,1,0.15981104929204704,0.15981104929204704,320.0,2.0,322.0,0.9937888198757764,5.771441123130016,0.9026798307475318,0.9826196156854129
38,exclude,1.0,0.25,10,RTTP / PS.WEST.3,0.56282263157936,0.5121,739.2,1,0.05072263157935997,0.05072263157935997,175.0,123.0,298.0,0.587248322147651,5.170483995038151,0.23674242424242423,0.7825860864653296
38,exclude,1.0,0.25,13,PTTP/pooled / PHID.2/PL.ALL.2,0.453419641788386,0.5,1.0,0,-0.04658035821161399,0.04658035821161399,115.0,14.0,129.0,0.8914728682170543,4.7535901911063645,115.0,6.857980995127572
38,exclude,1.0,0.25,14,PTTP/pooled / PS.2,0.501702999663066,0.4962,354.5,1,0.005502999663065999,0.005502999663065999,4.0,2.0,6.0,0.6666666666666666,1.6094379124341003,0.011283497884344146,0.2740156625088909
38,exclude,1.0,0.25,17,PTTP/pooled / PS.WEST.3,0.70661273942495,0.5121,739.2,1,0.19451273942494995,0.19451273942494995,758.0,2709.0,3467.0,0.21863282376694548,6.63200177739563,1.0254329004329004,1.0037962251471702
38,exclude,1.0,0.25,18,PTTP/pooled / PS.EAST.3,0.814208223572437,0.5282,231.2,1,0.28600822357243705,0.28600822357243705,1010.0,2107.0,3117.0,0.32402951555983317,6.918695219020472,4.368512110726644,1.2700448639946422
38,exclude,1.0,0.25,19,JPTP / LL.WEST.1,0.473269423301326,0.5,1.0,0,-0.026730576698674013,0.026730576698674013,1.0,58.0,59.0,0.01694915254237288,0.6931471805599453,1.0,1.0
38,exclude,1.0,0.25,20,JPTP / LL.EAST.1/LL.ALL.2/LL.OS.2/LL.ARCH.3/LL.WEST.3/LL.EAST.3/LL.OS.3/LL.ALL.5,0.120184262545992,0.5,1.0,0,-0.379815737454008,0.379815737454008,0.0,10.0,10.0,0.0,0.0,0.0,0.0
38,exclude,1.0,0.25,23,JPTP / PS.JP.1/PL.JP.1,0.989999998556979,0.5,1.0,0,0.48999999855697896,0.48999999855697896,206.0,166.0,372.0,0.553763440860215,5.332718793265369,206.0,7.693486957499325
38,exclude,1.0,0.25,29,JPTP / PS.WEST.3,0.15284973289911,0.5,1.0,0,-0.34715026710089003,0.34715026710089003,18.0,0.0,18.0,1.0,2.9444389791664403,18.0,4.247927513443585
39,exclude,1.0,0.25,1,RTTP/PTTP/pooled / LL.WEST.1/LL.EAST.1/LL.ALL.2/LL.OS.2/LL.ARCH.3/LL.WEST.3/LL.EAST.3/LL.OS.3/LL.ALL.5,0.226910139050672,0.5,1.0,0,-0.27308986094932797,0.27308986094932797,132.0,282.0,414.0,0.3188405797101449,4.890349128221754,132.0,7.05528243550119
39,exclude,1.0,0.25,6,RTTP / PHID.2/PL.ALL.2,0.641567749129962,0.5,1.0,0,0.14156774912996195,0.14156774912996195,45.0,2.0,47.0,0.9574468085106383,3.828641396489095,45.0,5.523561956057013
39,exclude,1.0,0.25,7,RTTP / PS.2,0.674443679923219,0.4962,354.5,1,0.178243679923219,0.178243679923219,320.0,2.0,322.0,0.9937888198757764,5.771441123130016,0.9026798307475318,0.9826196156854129
39,exclude,1.0,0.25,10,RTTP / PS.WEST.3,0.576959899492715,0.5121,739.2,1,0.06485989949271498,0.06485989949271498,175.0,123.0,298.0,0.587248322147651,5.170483995038151,0.23674242424242423,0.7825860864653296
39,exclude,1.0,0.25,13,PTTP/pooled / PHID.2/PL.ALL.2,0.510045090725086,0.5,1.0,0,0.01004509072508597,0.01004509072508597,115.0,14.0,129.0,0.8914728682170543,4.7535901911063645,115.0,6.857980995127572
39,exclude,1.0,0.25,14,PTTP/pooled / PS.2,0.501646476216982,0.4962,354.5,1,0.005446476216982021,0.005446476216982021,4.0,2.0,6.0,0.6666666666666666,1.6094379124341003,0.011283497884344146,0.2740156625088909
39,exclude,1.0,0.25,17,PTTP/pooled / PS.WEST.3,0.735477535472537,0.5121,739.2,1,0.22337753547253703,0.22337753547253703,758.0,2709.0,3467.0,0.21863282376694548,6.63200177739563,1.0254329004329004,1.0037962251471702
39,exclude,1.0,0.25,18,PTTP/pooled / PS.EAST.3,0.836786989035247,0.5282,231.2,1,0.30858698903524695,0.30858698903524695,1010.0,2107.0,3117.0,0.32402951555983317,6.918695219020472,4.368512110726644,1.2700448639946422
39,exclude,1.0,0.25,19,JPTP / LL.WEST.1,0.924674086873258,0.5,1.0,0,0.424674086873258,0.424674086873258,1.0,58.0,59.0,0.01694915254237288,0.6931471805599453,1.0,1.0
39,exclude,1.0,0.25,20,JPTP / LL.EAST.1/LL.ALL.2/LL.OS.2/LL.ARCH.3/LL.WEST.3/LL.EAST.3/LL.OS.3/LL.ALL.5,0.167538055179993,0.5,1.0,0,-0.332461944820007,0.332461944820007,0.0,10.0,10.0,0.0,0.0,0.0,0.0
39,exclude,1.0,0.25,23,JPTP / PS.JP.1/PL.JP.1,0.989999998919624,0.5,1.0,0,0.489999998919624,0.489999998919624,206.0,166.0,372.0,0.553763440860215,5.332718793265369,206.0,7.693486957499325
39,exclude,1.0,0.25,29,JPTP / PS.WEST.3,0.174396278433811,0.5,1.0,0,-0.325603721566189,0.325603721566189,18.0,0.0,18.0,1.0,2.9444389791664403,18.0,4.247927513443585
40,include,0.0,0.15,1,RTTP/PTTP/pooled / LL.WEST.1/LL.EAST.1/LL.ALL.2/LL.OS.2/LL.ARCH.3/LL.WEST.3/LL.EAST.3/LL.OS.3/LL.ALL.5,0.218018888792155,0.5,1.0,0,-0.28198111120784497,0.28198111120784497,189.0,225.0,414.0,0.45652173913043476,5.247024072160486,189.0,7.569855608330948
40,include,0.0,0.15,6,RTTP / PHID.2/PL.ALL.2,0.320960121041361,0.5,1.0,0,-0.179039878958639,0.179039878958639,46.0,1.0,47.0,0.9787234042553191,3.8501476017100584,46.0,5.554588851677638
40,include,0.0,0.15,7,RTTP / PS.2,0.502331184182354,0.4962,354.5,1,0.0061311841823540325,0.0061311841823540325,320.0,2.0,322.0,0.9937888198757764,5.771441123130016,0.9026798307475318,0.9826196156854129
40,include,0.0,0.15,10,RTTP / PS.WEST.3,0.573389538757435,0.5121,739.2,1,0.061289538757435036,0.061289538757435036,212.0,86.0,298.0,0.7114093959731543,5.3612921657094255,0.28679653679653677,0.8114661332258533
40,include,0.0,0.15,13,PTTP/pooled / PHID.2/PL.ALL.2,0.563048092965538,0.5,1.0,0,0.06304809296553804,0.06304809296553804,120.0,9.0,129.0,0.9302325581395349,4.795790545596741,120.0,6.9188632372745955
40,include,0.0,0.15,14,PTTP/pooled / PS.2,0.498026932543493,0.4962,354.5,1,0.0018269325434930317,0.0018269325434930317,5.0,1.0,6.0,0.8333333333333334,1.791759469228055,0.014104372355430184,0.3050569110022798
40,include,0.0,0.15,17,PTTP/pooled / PS.WEST.3,0.737616498425726,0.5121,739.2,1,0.22551649842572596,0.22551649842572596,1944.0,1523.0,3467.0,0.5607153158350159,7.573017256052546,2.6298701298701297,1.1462249845151762
40,include,0.0,0.15,18,PTTP/pooled / PS.EAST.3,0.752724564736266,0.5282,231.2,1,0.22452456473626603,0.22452456473626603,1693.0,1424.0,3117.0,0.5431504651908887,7.434847875211999,7.322664359861592,1.364793513744537
40,include,0.0,0.15,19,JPTP / LL.WEST.1,0.989999983968073,0.5,1.0,0,0.489999983968073,0.489999983968073,16.0,43.0,59.0,0.2711864406779661,2.833213344056216,16.0,4.08746284125034
40,include,0.0,0.15,20,JPTP / LL.EAST.1/LL.ALL.2/LL.OS.2/LL.ARCH.3/LL.WEST.3/LL.EAST.3/LL.OS.3/LL.ALL.5,0.250225325957908,0.5,1.0,0,-0.24977467404209203,0.24977467404209203,0.0,10.0,10.0,0.0,0.0,0.0,0.0
40,include,0.0,0.15,23,JPTP / PS.JP.1/PL.JP.1,0.989999997400015,0.5,1.0,0,0.489999997400015,0.489999997400015,327.0,45.0,372.0,0.8790322580645161,5.793013608384144,327.0,8.357552004618084
40,include,0.0,0.15,29,JPTP / PS.WEST.3,0.132948093039205,0.5,1.0,0,-0.36705190696079504,0.36705190696079504,18.0,0.0,18.0,1.0,2.9444389791664403,18.0,4.247927513443585
41,exclude,1.0,0.1,1,RTTP/PTTP/pooled / LL.WEST.1/LL.EAST.1/LL.ALL.2/LL.OS.2/LL.ARCH.3/LL.WEST.3/LL.EAST.3/LL.OS.3/LL.ALL.5,0.310390020138508,0.5,1.0,0,-0.18960997986149197,0.18960997986149197,230.0,184.0,414.0,0.5555555555555556,5.442417710521793,230.0,7.851749041416057
41,exclude,1.0,0.1,6,RTTP / PHID.2/PL.ALL.2,0.924637917124988,0.5,1.0,0,0.424637917124988,0.424637917124988,46.0,1.0,47.0,0.9787234042553191,3.8501476017100584,46.0,5.554588851677638
41,exclude,1.0,0.1,7,RTTP / PS.2,0.6594143847241,0.4962,354.5,1,0.1632143847241,0.1632143847241,320.0,2.0,322.0,0.9937888198757764,5.771441123130016,0.9026798307475318,0.9826196156854129
41,exclude,1.0,0.1,10,RTTP / PS.WEST.3,0.611307901815881,0.5121,739.2,1,0.09920790181588102,0.09920790181588102,254.0,44.0,298.0,0.8523489932885906,5.541263545158426,0.3436147186147186,0.838705961770709
41,exclude,1.0,0.1,13,PTTP/pooled / PHID.2/PL.ALL.2,0.72805529221929,0.5,1.0,0,0.22805529221929,0.22805529221929,122.0,7.0,129.0,0.9457364341085271,4.812184355372417,122.0,6.94251450533924
41,exclude,1.0,0.1,14,PTTP/pooled / PS.2,0.502233891718079,0.4962,354.5,1,0.006033891718078999,0.006033891718078999,5.0,1.0,6.0,0.8333333333333334,1.791759469228055,0.014104372355430184,0.3050569110022798
41,exclude,1.0,0.1,17,PTTP/pooled / PS.WEST.3,0.841411586277227,0.5121,739.2,1,0.329311586277227,0.329311586277227,2430.0,1037.0,3467.0,0.7008941447937699,7.796057974316123,3.287337662337662,1.1799836351551962
41,exclude,1.0,0.1,18,PTTP/pooled / PS.EAST.3,0.936162905367597,0.5282,231.2,1,0.40796290536759705,0.40796290536759705,2214.0,903.0,3117.0,0.710298363811357,7.703007682479236,9.576124567474048,1.41401883371719
41,exclude,1.0,0.1,19,JPTP / LL.WEST.1,0.989999996961822,0.5,1.0,0,0.48999999696182195,0.48999999696182195,16.0,43.0,59.0,0.2711864406779661,2.833213344056216,16.0,4.08746284125034
41,exclude,1.0,0.1,20,JPTP / LL.EAST.1/LL.ALL.2/LL.OS.2/LL.ARCH.3/LL.WEST.3/LL.EAST.3/LL.OS.3/LL.ALL.5,0.443556155417086,0.5,1.0,0,-0.056443844582914016,0.056443844582914016,0.0,10.0,10.0,0.0,0.0,0.0,0.0
41,exclude,1.0,0.1,23,JPTP / PS.JP.1/PL.JP.1,0.98999999855296,0.5,1.0,0,0.48999999855295995,0.48999999855295995,327.0,45.0,372.0,0.8790322580645161,5.793013608384144,327.0,8.357552004618084
41,exclude,1.0,0.1,29,JPTP / PS.WEST.3,0.420638158161306,0.5,1.0,0,-0.07936184183869399,0.07936184183869399,18.0,0.0,18.0,1.0,2.9444389791664403,18.0,4.247927513443585
42,include,0.0,0.15,1,RTTP/PTTP/pooled / LL.WEST.1/LL.EAST.1/LL.ALL.2/LL.OS.2/LL.ARCH.3/LL.WEST.3/LL.EAST.3/LL.OS.3/LL.ALL.5,0.225553593918677,0.5,1.0,0,-0.274446406081323,0.274446406081323,189.0,225.0,414.0,0.45652173913043476,5.247024072160486,189.0,7.569855608330948
42,include,0.0,0.15,6,RTTP / PHID.2/PL.ALL.2,0.359969585437317,0.5,1.0,0,-0.140030414562683,0.140030414562683,46.0,1.0,47.0,0.9787234042553191,3.8501476017100584,46.0,5.554588851677638
42,include,0.0,0.15,7,RTTP / PS.2,0.502159894298322,0.4962,354.5,1,0.005959894298321999,0.005959894298321999,320.0,2.0,322.0,0.9937888198757764,5.771441123130016,0.9026798307475318,0.9826196156854129
42,include,0.0,0.15,10,RTTP / PS.WEST.3,0.577014093112447,0.5121,739.2,1,0.064914093112447,0.064914093112447,212.0,86.0,298.0,0.7114093959731543,5.3612921657094255,0.28679653679653677,0.8114661332258533
42,include,0.0,0.15,13,PTTP/pooled / PHID.2/PL.ALL.2,0.978877338179986,0.5,1.0,0,0.478877338179986,0.478877338179986,120.0,9.0,129.0,0.9302325581395349,4.795790545596741,120.0,6.9188632372745955
42,include,0.0,0.15,14,PTTP/pooled / PS.2,0.504948390855818,0.4962,354.5,1,0.008748390855818022,0.008748390855818022,5.0,1.0,6.0,0.8333333333333334,1.791759469228055,0.014104372355430184,0.3050569110022798
42,include,0.0,0.15,17,PTTP/pooled / PS.WEST.3,0.732032089214982,0.5121,739.2,1,0.21993208921498197,0.21993208921498197,1944.0,1523.0,3467.0,0.5607153158350159,7.573017256052546,2.6298701298701297,1.1462249845151762
42,include,0.0,0.15,18,PTTP/pooled / PS.EAST.3,0.73183738585127,0.5282,231.2,1,0.20363738585127,0.20363738585127,1693.0,1424.0,3117.0,0.5431504651908887,7.434847875211999,7.322664359861592,1.364793513744537
42,include,0.0,0.15,19,JPTP / LL.WEST.1,0.98999999780871,0.5,1.0,0,0.48999999780870995,0.48999999780870995,16.0,43.0,59.0,0.2711864406779661,2.833213344056216,16.0,4.08746284125034
42,include,0.0,0.15,20,JPTP / LL.EAST.1/LL.ALL.2/LL.OS.2/LL.ARCH.3/LL.WEST.3/LL.EAST.3/LL.OS.3/LL.ALL.5,0.254742261565118,0.5,1.0,0,-0.24525773843488202,0.24525773843488202,0.0,10.0,10.0,0.0,0.0,0.0,0.0
42,include,0.0,0.15,23,JPTP / PS.JP.1/PL.JP.1,0.989999995501667,0.5,1.0,0,0.48999999550166695,0.48999999550166695,327.0,45.0,372.0,0.8790322580645161,5.793013608384144,327.0,8.357552004618084
42,include,0.0,0.15,29,JPTP / PS.WEST.3,0.133909938760959,0.5,1.0,0,-0.366090061239041,0.366090061239041,18.0,0.0,18.0,1.0,2.9444389791664403,18.0,4.247927513443585
43,include,0.0,0.2,1,RTTP/PTTP/pooled / LL.WEST.1/LL.EAST.1/LL.ALL.2/LL.OS.2/LL.ARCH.3/LL.WEST.3/LL.EAST.3/LL.OS.3/LL.ALL.5,0.218054409161099,0.5,1.0,0,-0.28194559083890103,0.28194559083890103,162.0,252.0,414.0,0.391304347826087,5.093750200806762,162.0,7.348728154231078
43,include,0.0,0.2,6,RTTP / PHID.2/PL.ALL.2,0.333860366241058,0.5,1.0,0,-0.16613963375894197,0.16613963375894197,45.0,2.0,47.0,0.9574468085106383,3.828641396489095,45.0,5.523561956057013
43,include,0.0,0.2,7,RTTP / PS.2,0.515598240032302,0.4962,354.5,1,0.01939824003230206,0.01939824003230206,320.0,2.0,322.0,0.9937888198757764,5.771441123130016,0.9026798307475318,0.9826196156854129
43,include,0.0,0.2,10,RTTP / PS.WEST.3,0.556444429332854,0.5121,739.2,1,0.044344429332853985,0.044344429332853985,175.0,123.0,298.0,0.587248322147651,5.170483995038151,0.23674242424242423,0.7825860864653296
43,include,0.0,0.2,13,PTTP/pooled / PHID.2/PL.ALL.2,0.43046942902904,0.5,1.0,0,-0.06953057097095999,0.06953057097095999,116.0,13.0,129.0,0.8992248062015504,4.762173934797756,116.0,6.870364719583405
43,include,0.0,0.2,14,PTTP/pooled / PS.2,0.49661197030482,0.4962,354.5,1,0.0004119703048200418,0.0004119703048200418,5.0,1.0,6.0,0.8333333333333334,1.791759469228055,0.014104372355430184,0.3050569110022798
43,include,0.0,0.2,17,PTTP/pooled / PS.WEST.3,0.706836413858238,0.5121,739.2,1,0.19473641385823803,0.19473641385823803,1210.0,2257.0,3467.0,0.3490049033746755,7.099201743553092,1.6369047619047619,1.0745099520367174
43,include,0.0,0.2,18,PTTP/pooled / PS.EAST.3,0.747083407833753,0.5282,231.2,1,0.21888340783375304,0.21888340783375304,1264.0,1853.0,3117.0,0.4055181264035932,7.142827401161621,5.467128027681661,1.3111881602048459
43,include,0.0,0.2,19,JPTP / LL.WEST.1,0.911293123580954,0.5,1.0,0,0.41129312358095405,0.41129312358095405,5.0,54.0,59.0,0.0847457627118644,1.791759469228055,5.0,2.584962500721156
43,include,0.0,0.2,20,JPTP / LL.EAST.1/LL.ALL.2/LL.OS.2/LL.ARCH.3/LL.WEST.3/LL.EAST.3/LL.OS.3/LL.ALL.5,0.14405445534385,0.5,1.0,0,-0.35594554465615,0.35594554465615,0.0,10.0,10.0,0.0,0.0,0.0,0.0
43,include,0.0,0.2,23,JPTP / PS.JP.1/PL.JP.1,0.989999998251452,0.5,1.0,0,0.489999998251452,0.489999998251452,285.0,87.0,372.0,0.7661290322580645,5.655991810819852,285.0,8.159871336778389
43,include,0.0,0.2,29,JPTP / PS.WEST.3,0.122435955904324,0.5,1.0,0,-0.377564044095676,0.377564044095676,18.0,0.0,18.0,1.0,2.9444389791664403,18.0,4.247927513443585
44,include,0.0,0.1,1,RTTP/PTTP/pooled / LL.WEST.1/LL.EAST.1/LL.ALL.2/LL.OS.2/LL.ARCH.3/LL.WEST.3/LL.EAST.3/LL.OS.3/LL.ALL.5,0.260094922742341,0.5,1.0,0,-0.23990507725765903,0.23990507725765903,230.0,184.0,414.0,0.5555555555555556,5.442417710521793,230.0,7.851749041416057
44,include,0.0,0.1,6,RTTP / PHID.2/PL.ALL.2,0.406919465363303,0.5,1.0,0,-0.09308053463669702,0.09308053463669702,46.0,1.0,47.0,0.9787234042553191,3.8501476017100584,46.0,5.554588851677638
44,include,0.0,0.1,7,RTTP / PS.2,0.522366637809139,0.4962,354.5,1,0.02616663780913897,0.02616663780913897,320.0,2.0,322.0,0.9937888198757764,5.771441123130016,0.9026798307475318,0.9826196156854129
44,include,0.0,0.1,10,RTTP / PS.WEST.3,0.590615699163072,0.5121,739.2,1,0.078515699163072,0.078515699163072,254.0,44.0,298.0,0.8523489932885906,5.541263545158426,0.3436147186147186,0.838705961770709
44,include,0.0,0.1,13,PTTP/pooled / PHID.2/PL.ALL.2,0.798471729942137,0.5,1.0,0,0.298471729942137,0.298471729942137,122.0,7.0,129.0,0.9457364341085271,4.812184355372417,122.0,6.94251450533924
44,include,0.0,0.1,14,PTTP/pooled / PS.2,0.501270579164956,0.4962,354.5,1,0.005070579164956013,0.005070579164956013,5.0,1.0,6.0,0.8333333333333334,1.791759469228055,0.014104372355430184,0.3050569110022798
44,include,0.0,0.1,17,PTTP/pooled / PS.WEST.3,0.79949882069719,0.5121,739.2,1,0.28739882069719,0.28739882069719,2430.0,1037.0,3467.0,0.7008941447937699,7.796057974316123,3.287337662337662,1.1799836351551962
44,include,0.0,0.1,18,PTTP/pooled / PS.EAST.3,0.832551585081485,0.5282,231.2,1,0.30435158508148497,0.30435158508148497,2214.0,903.0,3117.0,0.710298363811357,7.703007682479236,9.576124567474048,1.41401883371719
44,include,0.0,0.1,19,JPTP / LL.WEST.1,0.741021943714496,0.5,1.0,0,0.24102194371449603,0.24102194371449603,16.0,43.0,59.0,0.2711864406779661,2.833213344056216,16.0,4.08746284125034
44,include,0.0,0.1,20,JPTP / LL.EAST.1/LL.ALL.2/LL.OS.2/LL.ARCH.3/LL.WEST.3/LL.EAST.3/LL.OS.3/LL.ALL.5,0.234462285069548,0.5,1.0,0,-0.265537714930452,0.265537714930452,0.0,10.0,10.0,0.0,0.0,0.0,0.0
44,include,0.0,0.1,23,JPTP / PS.JP.1/PL.JP.1,0.608715736467232,0.5,1.0,0,0.10871573646723198,0.10871573646723198,327.0,45.0,372.0,0.8790322580645161,5.793013608384144,327.0,8.357552004618084
44,include,0.0,0.1,29,JPTP / PS.WEST.3,0.145742462731154,0.5,1.0,0,-0.354257537268846,0.354257537268846,18.0,0.0,18.0,1.0,2.9444389791664403,18.0,4.247927513443585
45,include,0.0,0.1,1,RTTP/PTTP/pooled / LL.WEST.1/LL.EAST.1/LL.ALL.2/LL.OS.2/LL.ARCH.3/LL.WEST.3/LL.EAST.3/LL.OS.3/LL.ALL.5,0.213214957890608,0.5,1.0,0,-0.28678504210939204,0.28678504210939204,230.0,184.0,414.0,0.5555555555555556,5.442417710521793,230.0,7.851749041416057
45,include,0.0,0.1,6,RTTP / PHID.2/PL.ALL.2,0.325562575761747,0.5,1.0,0,-0.17443742423825298,0.17443742423825298,46.0,1.0,47.0,0.9787234042553191,3.8501476017100584,46.0,5.554588851677638
45,include,0.0,0.1,7,RTTP / PS.2,0.517823258429,0.4962,354.5,1,0.021623258429000036,0.021623258429000036,320.0,2.0,322.0,0.9937888198757764,5.771441123130016,0.9026798307475318,0.9826196156854129
45,include,0.0,0.1,10,RTTP / PS.WEST.3,0.580324985182337,0.5121,739.2,1,0.068224985182337,0.068224985182337,254.0,44.0,298.0,0.8523489932885906,5.541263545158426,0.3436147186147186,0.838705961770709
45,include,0.0,0.1,13,PTTP/pooled / PHID.2/PL.ALL.2,0.667337019094006,0.5,1.0,0,0.167337019094006,0.167337019094006,122.0,7.0,129.0,0.9457364341085271,4.812184355372417,122.0,6.94251450533924
45,include,0.0,0.1,14,PTTP/pooled / PS.2,0.497070664490658,0.4962,354.5,1,0.0008706644906580352,0.0008706644906580352,5.0,1.0,6.0,0.8333333333333334,1.791759469228055,0.014104372355430184,0.3050569110022798
45,include,0.0,0.1,17,PTTP/pooled / PS.WEST.3,0.765287775186591,0.5121,739.2,1,0.25318777518659097,0.25318777518659097,2430.0,1037.0,3467.0,0.7008941447937699,7.796057974316123,3.287337662337662,1.1799836351551962
45,include,0.0,0.1,18,PTTP/pooled / PS.EAST.3,0.750293105498168,0.5282,231.2,1,0.22209310549816796,0.22209310549816796,2214.0,903.0,3117.0,0.710298363811357,7.703007682479236,9.576124567474048,1.41401883371719
45,include,0.0,0.1,19,JPTP / LL.WEST.1,0.989999718902152,0.5,1.0,0,0.489999718902152,0.489999718902152,16.0,43.0,59.0,0.2711864406779661,2.833213344056216,16.0,4.08746284125034
45,include,0.0,0.1,20,JPTP / LL.EAST.1/LL.ALL.2/LL.OS.2/LL.ARCH.3/LL.WEST.3/LL.EAST.3/LL.OS.3/LL.ALL.5,0.216523169881171,0.5,1.0,0,-0.28347683011882896,0.28347683011882896,0.0,10.0,10.0,0.0,0.0,0.0,0.0
45,include,0.0,0.1,23,JPTP / PS.JP.1/PL.JP.1,0.989999997187157,0.5,1.0,0,0.48999999718715703,0.48999999718715703,327.0,45.0,372.0,0.8790322580645161,5.793013608384144,327.0,8.357552004618084
45,include,0.0,0.1,29,JPTP / PS.WEST.3,0.145979654469672,0.5,1.0,0,-0.354020345530328,0.354020345530328,18.0,0.0,18.0,1.0,2.9444389791664403,18.0,4.247927513443585
46,include,0.0,0.2,1,RTTP/PTTP/pooled / LL.WEST.1/LL.EAST.1/LL.ALL.2/LL.OS.2/LL.ARCH.3/LL.WEST.3/LL.EAST.3/LL.OS.3/LL.ALL.5,0.41846011435565,0.5,1.0,0,-0.08153988564435,0.08153988564435,162.0,252.0,414.0,0.391304347826087,5.093750200806762,162.0,7.348728154231078
46,include,0.0,0.2,6,RTTP / PHID.2/PL.ALL.2,0.989999924663853,0.5,1.0,0,0.489999924663853,0.489999924663853,45.0,2.0,47.0,0.9574468085106383,3.828641396489095,45.0,5.523561956057013
46,include,0.0,0.2,7,RTTP / PS.2,0.53334892042438,0.4962,354.5,1,0.037148920424380005,0.037148920424380005,320.0,2.0,322.0,0.9937888198757764,5.771441123130016,0.9026798307475318,0.9826196156854129
46,include,0.0,0.2,10,RTTP / PS.WEST.3,0.607076706606442,0.5121,739.2,1,0.09497670660644197,0.09497670660644197,175.0,123.0,298.0,0.587248322147651,5.170483995038151,0.23674242424242423,0.7825860864653296
46,include,0.0,0.2,13,PTTP/pooled / PHID.2/PL.ALL.2,0.952586963388332,0.5,1.0,0,0.45258696338833204,0.45258696338833204,116.0,13.0,129.0,0.8992248062015504,4.762173934797756,116.0,6.870364719583405
46,include,0.0,0.2,14,PTTP/pooled / PS.2,0.504799095939281,0.4962,354.5,1,0.008599095939280987,0.008599095939280987,5.0,1.0,6.0,0.8333333333333334,1.791759469228055,0.014104372355430184,0.3050569110022798
46,include,0.0,0.2,17,PTTP/pooled / PS.WEST.3,0.887669988370904,0.5121,739.2,1,0.37556998837090405,0.37556998837090405,1210.0,2257.0,3467.0,0.3490049033746755,7.099201743553092,1.6369047619047619,1.0745099520367174
46,include,0.0,0.2,18,PTTP/pooled / PS.EAST.3,0.989999992760113,0.5282,231.2,1,0.46179999276011297,0.46179999276011297,1264.0,1853.0,3117.0,0.4055181264035932,7.142827401161621,5.467128027681661,1.3111881602048459
46,include,0.0,0.2,19,JPTP / LL.WEST.1,0.989999993416825,0.5,1.0,0,0.489999993416825,0.489999993416825,5.0,54.0,59.0,0.0847457627118644,1.791759469228055,5.0,2.584962500721156
46,include,0.0,0.2,20,JPTP / LL.EAST.1/LL.ALL.2/LL.OS.2/LL.ARCH.3/LL.WEST.3/LL.EAST.3/LL.OS.3/LL.ALL.5,0.345475184374178,0.5,1.0,0,-0.154524815625822,0.154524815625822,0.0,10.0,10.0,0.0,0.0,0.0,0.0
46,include,0.0,0.2,23,JPTP / PS.JP.1/PL.JP.1,0.989999998731988,0.5,1.0,0,0.48999999873198796,0.48999999873198796,285.0,87.0,372.0,0.7661290322580645,5.655991810819852,285.0,8.159871336778389
46,include,0.0,0.2,29,JPTP / PS.WEST.3,0.138017862806484,0.5,1.0,0,-0.361982137193516,0.361982137193516,18.0,0.0,18.0,1.0,2.9444389791664403,18.0,4.247927513443585
47,exclude,1.0,0.1,1,RTTP/PTTP/pooled / LL.WEST.1/LL.EAST.1/LL.ALL.2/LL.OS.2/LL.ARCH.3/LL.WEST.3/LL.EAST.3/LL.OS.3/LL.ALL.5,0.275977413114264,0.5,1.0,0,-0.224022586885736,0.224022586885736,230.0,184.0,414.0,0.5555555555555556,5.442417710521793,230.0,7.851749041416057
47,exclude,1.0,0.1,6,RTTP / PHID.2/PL.ALL.2,0.803492995476311,0.5,1.0,0,0.30349299547631103,0.30349299547631103,46.0,1.0,47.0,0.9787234042553191,3.8501476017100584,46.0,5.554588851677638
47,exclude,1.0,0.1,7,RTTP / PS.2,0.66054710138457,0.4962,354.5,1,0.16434710138456998,0.16434710138456998,320.0,2.0,322.0,0.9937888198757764,5.771441123130016,0.9026798307475318,0.9826196156854129
47,exclude,1.0,0.1,10,RTTP / PS.WEST.3,0.617000942777,0.5121,739.2,1,0.10490094277700002,0.10490094277700002,254.0,44.0,298.0,0.8523489932885906,5.541263545158426,0.3436147186147186,0.838705961770709
47,exclude,1.0,0.1,13,PTTP/pooled / PHID.2/PL.ALL.2,0.622482588103578,0.5,1.0,0,0.12248258810357804,0.12248258810357804,122.0,7.0,129.0,0.9457364341085271,4.812184355372417,122.0,6.94251450533924
47,exclude,1.0,0.1,14,PTTP/pooled / PS.2,0.502594599285541,0.4962,354.5,1,0.0063945992855409806,0.0063945992855409806,5.0,1.0,6.0,0.8333333333333334,1.791759469228055,0.014104372355430184,0.3050569110022798
47,exclude,1.0,0.1,17,PTTP/pooled / PS.WEST.3,0.841073615976618,0.5121,739.2,1,0.328973615976618,0.328973615976618,2430.0,1037.0,3467.0,0.7008941447937699,7.796057974316123,3.287337662337662,1.1799836351551962
47,exclude,1.0,0.1,18,PTTP/pooled / PS.EAST.3,0.932026738355392,0.5282,231.2,1,0.40382673835539196,0.40382673835539196,2214.0,903.0,3117.0,0.710298363811357,7.703007682479236,9.576124567474048,1.41401883371719
47,exclude,1.0,0.1,19,JPTP / LL.WEST.1,0.989999977105601,0.5,1.0,0,0.48999997710560095,0.48999997710560095,16.0,43.0,59.0,0.2711864406779661,2.833213344056216,16.0,4.08746284125034
47,exclude,1.0,0.1,20,JPTP / LL.EAST.1/LL.ALL.2/LL.OS.2/LL.ARCH.3/LL.WEST.3/LL.EAST.3/LL.OS.3/LL.ALL.5,0.278685937916729,0.5,1.0,0,-0.22131406208327098,0.22131406208327098,0.0,10.0,10.0,0.0,0.0,0.0,0.0
47,exclude,1.0,0.1,23,JPTP / PS.JP.1/PL.JP.1,0.989999998464899,0.5,1.0,0,0.48999999846489894,0.48999999846489894,327.0,45.0,372.0,0.8790322580645161,5.793013608384144,327.0,8.357552004618084
47,exclude,1.0,0.1,29,JPTP / PS.WEST.3,0.432098051386096,0.5,1.0,0,-0.06790194861390397,0.06790194861390397,18.0,0.0,18.0,1.0,2.9444389791664403,18.0,4.247927513443585
49,include,0.0,0.3,1,RTTP/PTTP/pooled / LL.WEST.1/LL.EAST.1/LL.ALL.2/LL.OS.2/LL.ARCH.3/LL.WEST.3/LL.EAST.3/LL.OS.3/LL.ALL.5,0.260011548884622,0.5,1.0,0,-0.23998845111537798,0.23998845111537798,91.0,323.0,414.0,0.21980676328502416,4.5217885770490405,91.0,6.523561956057013
49,include,0.0,0.3,6,RTTP / PHID.2/PL.ALL.2,0.373935326033767,0.5,1.0,0,-0.126064673966233,0.126064673966233,45.0,2.0,47.0,0.9574468085106383,3.828641396489095,45.0,5.523561956057013
49,include,0.0,0.3,7,RTTP / PS.2,0.533608118291169,0.4962,354.5,1,0.03740811829116908,0.03740811829116908,320.0,2.0,322.0,0.9937888198757764,5.771441123130016,0.9026798307475318,0.9826196156854129
49,include,0.0,0.3,10,RTTP / PS.WEST.3,0.559359150095998,0.5121,739.2,1,0.047259150095998015,0.047259150095998015,121.0,177.0,298.0,0.40604026845637586,4.804021044733257,0.1636904761904762,0.7271195563708814
49,include,0.0,0.3,13,PTTP/pooled / PHID.2/PL.ALL.2,0.466479401911438,0.5,1.0,0,-0.033520598088562004,0.033520598088562004,114.0,15.0,129.0,0.8837209302325582,4.74493212836325,114.0,6.845490050944376
49,include,0.0,0.3,14,PTTP/pooled / PS.2,0.504270540025174,0.4962,354.5,1,0.008070540025174044,0.008070540025174044,3.0,3.0,6.0,0.5,1.3862943611198906,0.00846262341325811,0.2360242447750593
49,include,0.0,0.3,17,PTTP/pooled / PS.WEST.3,0.718787007512497,0.5121,739.2,1,0.20668700751249702,0.20668700751249702,458.0,3009.0,3467.0,0.1321026824343813,6.129050210060545,0.6195887445887446,0.92767126293085
49,include,0.0,0.3,18,PTTP/pooled / PS.EAST.3,0.756324668627913,0.5282,231.2,1,0.22812466862791303,0.22812466862791303,477.0,2640.0,3117.0,0.1530317613089509,6.169610732491456,2.063148788927336,1.1325375920745284
49,include,0.0,0.3,19,JPTP / LL.WEST.1,0.575827315496686,0.5,1.0,0,0.07582731549668598,0.07582731549668598,1.0,58.0,59.0,0.01694915254237288,0.6931471805599453,1.0,1.0
49,include,0.0,0.3,20,JPTP / LL.EAST.1/LL.ALL.2/LL.OS.2/LL.ARCH.3/LL.WEST.3/LL.EAST.3/LL.OS.3/LL.ALL.5,0.133219555666237,0.5,1.0,0,-0.366780444333763,0.366780444333763,0.0,10.0,10.0,0.0,0.0,0.0,0.0
49,include,0.0,0.3,23,JPTP / PS.JP.1/PL.JP.1,0.989999998711364,0.5,1.0,0,0.489999998711364,0.489999998711364,206.0,166.0,372.0,0.553763440860215,5.332718793265369,206.0,7.693486957499325
49,include,0.0,0.3,29,JPTP / PS.WEST.3,0.134991777656645,0.5,1.0,0,-0.365008222343355,0.365008222343355,18.0,0.0,18.0,1.0,2.9444389791664403,18.0,4.247927513443585
50,exclude,1.0,0.2,1,RTTP/PTTP/pooled / LL.WEST.1/LL.EAST.1/LL.ALL.2/LL.OS.2/LL.ARCH.3/LL.WEST.3/LL.EAST.3/LL.OS.3/LL.ALL.5,0.264820510138558,0.5,1.0,0,-0.235179489861442,0.235179489861442,162.0,252.0,414.0,0.391304347826087,5.093750200806762,162.0,7.348728154231078
50,exclude,1.0,0.2,6,RTTP / PHID.2/PL.ALL.2,0.720717453696396,0.5,1.0,0,0.22071745369639595,0.22071745369639595,45.0,2.0,47.0,0.9574468085106383,3.828641396489095,45.0,5.523561956057013
50,exclude,1.0,0.2,7,RTTP / PS.2,0.674960922767487,0.4962,354.5,1,0.178760922767487,0.178760922767487,320.0,2.0,322.0,0.9937888198757764,5.771441123130016,0.9026798307475318,0.9826196156854129
50,exclude,1.0,0.2,10,RTTP / PS.WEST.3,0.59085981836726,0.5121,739.2,1,0.07875981836725998,0.07875981836725998,175.0,123.0,298.0,0.587248322147651,5.170483995038151,0.23674242424242423,0.7825860864653296
50,exclude,1.0,0.2,13,PTTP/pooled / PHID.2/PL.ALL.2,0.574165317410775,0.5,1.0,0,0.07416531741077503,0.07416531741077503,116.0,13.0,129.0,0.8992248062015504,4.762173934797756,116.0,6.870364719583405
50,exclude,1.0,0.2,14,PTTP/pooled / PS.2,0.500373063960066,0.4962,354.5,1,0.0041730639600660036,0.0041730639600660036,5.0,1.0,6.0,0.8333333333333334,1.791759469228055,0.014104372355430184,0.3050569110022798
50,exclude,1.0,0.2,17,PTTP/pooled / PS.WEST.3,0.779762668742198,0.5121,739.2,1,0.267662668742198,0.267662668742198,1210.0,2257.0,3467.0,0.3490049033746755,7.099201743553092,1.6369047619047619,1.0745099520367174
50,exclude,1.0,0.2,18,PTTP/pooled / PS.EAST.3,0.899531082817489,0.5282,231.2,1,0.37133108281748894,0.37133108281748894,1264.0,1853.0,3117.0,0.4055181264035932,7.142827401161621,5.467128027681661,1.3111881602048459
50,exclude,1.0,0.2,19,JPTP / LL.WEST.1,0.989999985914354,0.5,1.0,0,0.489999985914354,0.489999985914354,5.0,54.0,59.0,0.0847457627118644,1.791759469228055,5.0,2.584962500721156
50,exclude,1.0,0.2,20,JPTP / LL.EAST.1/LL.ALL.2/LL.OS.2/LL.ARCH.3/LL.WEST.3/LL.EAST.3/LL.OS.3/LL.ALL.5,0.185987705607304,0.5,1.0,0,-0.314012294392696,0.314012294392696,0.0,10.0,10.0,0.0,0.0,0.0,0.0
50,exclude,1.0,0.2,23,JPTP / PS.JP.1/PL.JP.1,0.989999998656601,0.5,1.0,0,0.48999999865660104,0.48999999865660104,285.0,87.0,372.0,0.7661290322580645,5.655991810819852,285.0,8.159871336778389
50,exclude,1.0,0.2,29,JPTP / PS.WEST.3,0.199728397520329,0.5,1.0,0,-0.300271602479671,0.300271602479671,18.0,0.0,18.0,1.0,2.9444389791664403,18.0,4.247927513443585
51,exclude,1.0,0.2,1,RTTP/PTTP/pooled / LL.WEST.1/LL.EAST.1/LL.ALL.2/LL.OS.2/LL.ARCH.3/LL.WEST.3/LL.EAST.3/LL.OS.3/LL.ALL.5,0.234983001764358,0.5,1.0,0,-0.265016998235642,0.265016998235642,162.0,252.0,414.0,0.391304347826087,5.093750200806762,162.0,7.348728154231078
51,exclude,1.0,0.2,6,RTTP / PHID.2/PL.ALL.2,0.695696131187844,0.5,1.0,0,0.195696131187844,0.195696131187844,45.0,2.0,47.0,0.9574468085106383,3.828641396489095,45.0,5.523561956057013
51,exclude,1.0,0.2,7,RTTP / PS.2,0.665277803888784,0.4962,354.5,1,0.16907780388878402,0.16907780388878402,320.0,2.0,322.0,0.9937888198757764,5.771441123130016,0.9026798307475318,0.9826196156854129
51,exclude,1.0,0.2,10,RTTP / PS.WEST.3,0.579415206223914,0.5121,739.2,1,0.06731520622391396,0.06731520622391396,175.0,123.0,298.0,0.587248322147651,5.170483995038151,0.23674242424242423,0.7825860864653296
51,exclude,1.0,0.2,13,PTTP/pooled / PHID.2/PL.ALL.2,0.519894305188612,0.5,1.0,0,0.019894305188612016,0.019894305188612016,116.0,13.0,129.0,0.8992248062015504,4.762173934797756,116.0,6.870364719583405
51,exclude,1.0,0.2,14,PTTP/pooled / PS.2,0.499600739595384,0.4962,354.5,1,0.003400739595384006,0.003400739595384006,5.0,1.0,6.0,0.8333333333333334,1.791759469228055,0.014104372355430184,0.3050569110022798
51,exclude,1.0,0.2,17,PTTP/pooled / PS.WEST.3,0.749778614138556,0.5121,739.2,1,0.23767861413855595,0.23767861413855595,1210.0,2257.0,3467.0,0.3490049033746755,7.099201743553092,1.6369047619047619,1.0745099520367174
51,exclude,1.0,0.2,18,PTTP/pooled / PS.EAST.3,0.855825504992952,0.5282,231.2,1,0.32762550499295195,0.32762550499295195,1264.0,1853.0,3117.0,0.4055181264035932,7.142827401161621,5.467128027681661,1.3111881602048459
51,exclude,1.0,0.2,19,JPTP / LL.WEST.1,0.9899999946898,0.5,1.0,0,0.48999999468980004,0.48999999468980004,5.0,54.0,59.0,0.0847457627118644,1.791759469228055,5.0,2.584962500721156
51,exclude,1.0,0.2,20,JPTP / LL.EAST.1/LL.ALL.2/LL.OS.2/LL.ARCH.3/LL.WEST.3/LL.EAST.3/LL.OS.3/LL.ALL.5,0.277145878261736,0.5,1.0,0,-0.22285412173826402,0.22285412173826402,0.0,10.0,10.0,0.0,0.0,0.0,0.0
51,exclude,1.0,0.2,23,JPTP / PS.JP.1/PL.JP.1,0.989999998758916,0.5,1.0,0,0.489999998758916,0.489999998758916,285.0,87.0,372.0,0.7661290322580645,5.655991810819852,285.0,8.159871336778389
51,exclude,1.0,0.2,29,JPTP / PS.WEST.3,0.192734961225453,0.5,1.0,0,-0.30726503877454703,0.30726503877454703,18.0,0.0,18.0,1.0,2.9444389791664403,18.0,4.247927513443585
52,include,0.0,0.25,1,RTTP/PTTP/pooled / LL.WEST.1/LL.EAST.1/LL.ALL.2/LL.OS.2/LL.ARCH.3/LL.WEST.3/LL.EAST.3/LL.OS.3/LL.ALL.5,0.207791769917411,0.5,1.0,0,-0.292208230082589,0.292208230082589,132.0,282.0,414.0,0.3188405797101449,4.890349128221754,132.0,7.05528243550119
52,include,0.0,0.25,6,RTTP / PHID.2/PL.ALL.2,0.33042625490681,0.5,1.0,0,-0.16957374509319,0.16957374509319,45.0,2.0,47.0,0.9574468085106383,3.828641396489095,45.0,5.523561956057013
52,include,0.0,0.25,7,RTTP / PS.2,0.522729885355886,0.4962,354.5,1,0.026529885355886074,0.026529885355886074,320.0,2.0,322.0,0.9937888198757764,5.771441123130016,0.9026798307475318,0.9826196156854129
52,include,0.0,0.25,10,RTTP / PS.WEST.3,0.546884194868967,0.5121,739.2,1,0.034784194868967,0.034784194868967,175.0,123.0,298.0,0.587248322147651,5.170483995038151,0.23674242424242423,0.7825860864653296
52,include,0.0,0.25,13,PTTP/pooled / PHID.2/PL.ALL.2,0.443187013259208,0.5,1.0,0,-0.05681298674079199,0.05681298674079199,115.0,14.0,129.0,0.8914728682170543,4.7535901911063645,115.0,6.857980995127572
52,include,0.0,0.25,14,PTTP/pooled / PS.2,0.501809522935059,0.4962,354.5,1,0.005609522935059008,0.005609522935059008,4.0,2.0,6.0,0.6666666666666666,1.6094379124341003,0.011283497884344146,0.2740156625088909
52,include,0.0,0.25,17,PTTP/pooled / PS.WEST.3,0.694605884686094,0.5121,739.2,1,0.18250588468609397,0.18250588468609397,758.0,2709.0,3467.0,0.21863282376694548,6.63200177739563,1.0254329004329004,1.0037962251471702
52,include,0.0,0.25,18,PTTP/pooled / PS.EAST.3,0.759808625843955,0.5282,231.2,1,0.23160862584395503,0.23160862584395503,1010.0,2107.0,3117.0,0.32402951555983317,6.918695219020472,4.368512110726644,1.2700448639946422
52,include,0.0,0.25,19,JPTP / LL.WEST.1,0.424454543249278,0.5,1.0,0,-0.075545456750722,0.075545456750722,1.0,58.0,59.0,0.01694915254237288,0.6931471805599453,1.0,1.0
52,include,0.0,0.25,20,JPTP / LL.EAST.1/LL.ALL.2/LL.OS.2/LL.ARCH.3/LL.WEST.3/LL.EAST.3/LL.OS.3/LL.ALL.5,0.099621574085397,0.5,1.0,0,-0.400378425914603,0.400378425914603,0.0,10.0,10.0,0.0,0.0,0.0,0.0
52,include,0.0,0.25,23,JPTP / PS.JP.1/PL.JP.1,0.989999998336646,0.5,1.0,0,0.489999998336646,0.489999998336646,206.0,166.0,372.0,0.553763440860215,5.332718793265369,206.0,7.693486957499325
52,include,0.0,0.25,29,JPTP / PS.WEST.3,0.127598791313465,0.5,1.0,0,-0.37240120868653503,0.37240120868653503,18.0,0.0,18.0,1.0,2.9444389791664403,18.0,4.247927513443585
53,exclude,1.0,0.15,1,RTTP/PTTP/pooled / LL.WEST.1/LL.EAST.1/LL.ALL.2/LL.OS.2/LL.ARCH.3/LL.WEST.3/LL.EAST.3/LL.OS.3/LL.ALL.5,0.276620658726023,0.5,1.0,0,-0.22337934127397702,0.22337934127397702,189.0,225.0,414.0,0.45652173913043476,5.247024072160486,189.0,7.569855608330948
53,exclude,1.0,0.15,6,RTTP / PHID.2/PL.ALL.2,0.841391410188633,0.5,1.0,0,0.34139141018863295,0.34139141018863295,46.0,1.0,47.0,0.9787234042553191,3.8501476017100584,46.0,5.554588851677638
53,exclude,1.0,0.15,7,RTTP / PS.2,0.658592327577837,0.4962,354.5,1,0.16239232757783706,0.16239232757783706,320.0,2.0,322.0,0.9937888198757764,5.771441123130016,0.9026798307475318,0.9826196156854129
53,exclude,1.0,0.15,10,RTTP / PS.WEST.3,0.606358136735957,0.5121,739.2,1,0.09425813673595695,0.09425813673595695,212.0,86.0,298.0,0.7114093959731543,5.3612921657094255,0.28679653679653677,0.8114661332258533
53,exclude,1.0,0.15,13,PTTP/pooled / PHID.2/PL.ALL.2,0.640552147253067,0.5,1.0,0,0.14055214725306697,0.14055214725306697,120.0,9.0,129.0,0.9302325581395349,4.795790545596741,120.0,6.9188632372745955
53,exclude,1.0,0.15,14,PTTP/pooled / PS.2,0.502838338309623,0.4962,354.5,1,0.006638338309623015,0.006638338309623015,5.0,1.0,6.0,0.8333333333333334,1.791759469228055,0.014104372355430184,0.3050569110022798
53,exclude,1.0,0.15,17,PTTP/pooled / PS.WEST.3,0.807290965405179,0.5121,739.2,1,0.295190965405179,0.295190965405179,1944.0,1523.0,3467.0,0.5607153158350159,7.573017256052546,2.6298701298701297,1.1462249845151762
53,exclude,1.0,0.15,18,PTTP/pooled / PS.EAST.3,0.901196846056351,0.5282,231.2,1,0.372996846056351,0.372996846056351,1693.0,1424.0,3117.0,0.5431504651908887,7.434847875211999,7.322664359861592,1.364793513744537
53,exclude,1.0,0.15,19,JPTP / LL.WEST.1,0.989999994734298,0.5,1.0,0,0.489999994734298,0.489999994734298,16.0,43.0,59.0,0.2711864406779661,2.833213344056216,16.0,4.08746284125034
53,exclude,1.0,0.15,20,JPTP / LL.EAST.1/LL.ALL.2/LL.OS.2/LL.ARCH.3/LL.WEST.3/LL.EAST.3/LL.OS.3/LL.ALL.5,0.338360894492253,0.5,1.0,0,-0.16163910550774702,0.16163910550774702,0.0,10.0,10.0,0.0,0.0,0.0,0.0
53,exclude,1.0,0.15,23,JPTP / PS.JP.1/PL.JP.1,0.989999998517126,0.5,1.0,0,0.48999999851712595,0.48999999851712595,327.0,45.0,372.0,0.8790322580645161,5.793013608384144,327.0,8.357552004618084
53,exclude,1.0,0.15,29,JPTP / PS.WEST.3,0.303028536824577,0.5,1.0,0,-0.19697146317542302,0.19697146317542302,18.0,0.0,18.0,1.0,2.9444389791664403,18.0,4.247927513443585
54,exclude,1.0,0.15,1,RTTP/PTTP/pooled / LL.WEST.1/LL.EAST.1/LL.ALL.2/LL.OS.2/LL.ARCH.3/LL.WEST.3/LL.EAST.3/LL.OS.3/LL.ALL.5,0.293076921625714,0.5,1.0,0,-0.20692307837428597,0.20692307837428597,189.0,225.0,414.0,0.45652173913043476,5.247024072160486,189.0,7.569855608330948
54,exclude,1.0,0.15,6,RTTP / PHID.2/PL.ALL.2,0.812390321022848,0.5,1.0,0,0.312390321022848,0.312390321022848,46.0,1.0,47.0,0.9787234042553191,3.8501476017100584,46.0,5.554588851677638
54,exclude,1.0,0.15,7,RTTP / PS.2,0.66771990223802,0.4962,354.5,1,0.17151990223802005,0.17151990223802005,320.0,2.0,322.0,0.9937888198757764,5.771441123130016,0.9026798307475318,0.9826196156854129
54,exclude,1.0,0.15,10,RTTP / PS.WEST.3,0.610837164632917,0.5121,739.2,1,0.09873716463291704,0.09873716463291704,212.0,86.0,298.0,0.7114093959731543,5.3612921657094255,0.28679653679653677,0.8114661332258533
54,exclude,1.0,0.15,13,PTTP/pooled / PHID.2/PL.ALL.2,0.665888044157364,0.5,1.0,0,0.16588804415736402,0.16588804415736402,120.0,9.0,129.0,0.9302325581395349,4.795790545596741,120.0,6.9188632372745955
54,exclude,1.0,0.15,14,PTTP/pooled / PS.2,0.5042315476313,0.4962,354.5,1,0.008031547631299985,0.008031547631299985,5.0,1.0,6.0,0.8333333333333334,1.791759469228055,0.014104372355430184,0.3050569110022798
54,exclude,1.0,0.15,17,PTTP/pooled / PS.WEST.3,0.814376191099807,0.5121,739.2,1,0.30227619109980697,0.30227619109980697,1944.0,1523.0,3467.0,0.5607153158350159,7.573017256052546,2.6298701298701297,1.1462249845151762
54,exclude,1.0,0.15,18,PTTP/pooled / PS.EAST.3,0.909948000260407,0.5282,231.2,1,0.381748000260407,0.381748000260407,1693.0,1424.0,3117.0,0.5431504651908887,7.434847875211999,7.322664359861592,1.364793513744537
54,exclude,1.0,0.15,19,JPTP / LL.WEST.1,0.989999994270019,0.5,1.0,0,0.48999999427001895,0.48999999427001895,16.0,43.0,59.0,0.2711864406779661,2.833213344056216,16.0,4.08746284125034
54,exclude,1.0,0.15,20,JPTP / LL.EAST.1/LL.ALL.2/LL.OS.2/LL.ARCH.3/LL.WEST.3/LL.EAST.3/LL.OS.3/LL.ALL.5,0.258858237869506,0.5,1.0,0,-0.241141762130494,0.241141762130494,0.0,10.0,10.0,0.0,0.0,0.0,0.0
54,exclude,1.0,0.15,23,JPTP / PS.JP.1/PL.JP.1,0.989999998337675,0.5,1.0,0,0.48999999833767505,0.48999999833767505,327.0,45.0,372.0,0.8790322580645161,5.793013608384144,327.0,8.357552004618084
54,exclude,1.0,0.15,29,JPTP / PS.WEST.3,0.305629925088234,0.5,1.0,0,-0.194370074911766,0.194370074911766,18.0,0.0,18.0,1.0,2.9444389791664403,18.0,4.247927513443585
55,exclude,1.0,0.15,1,RTTP/PTTP/pooled / LL.WEST.1/LL.EAST.1/LL.ALL.2/LL.OS.2/LL.ARCH.3/LL.WEST.3/LL.EAST.3/LL.OS.3/LL.ALL.5,0.279405702486353,0.5,1.0,0,-0.220594297513647,0.220594297513647,189.0,225.0,414.0,0.45652173913043476,5.247024072160486,189.0,7.569855608330948
55,exclude,1.0,0.15,6,RTTP / PHID.2/PL.ALL.2,0.879734806858509,0.5,1.0,0,0.379734806858509,0.379734806858509,46.0,1.0,47.0,0.9787234042553191,3.8501476017100584,46.0,5.554588851677638
55,exclude,1.0,0.15,7,RTTP / PS.2,0.66638713722364,0.4962,354.5,1,0.17018713722363998,0.17018713722363998,320.0,2.0,322.0,0.9937888198757764,5.771441123130016,0.9026798307475318,0.9826196156854129
55,exclude,1.0,0.15,10,RTTP / PS.WEST.3,0.611473819675726,0.5121,739.2,1,0.099373819675726,0.099373819675726,212.0,86.0,298.0,0.7114093959731543,5.3612921657094255,0.28679653679653677,0.8114661332258533
55,exclude,1.0,0.15,13,PTTP/pooled / PHID.2/PL.ALL.2,0.656916668855776,0.5,1.0,0,0.15691666885577604,0.15691666885577604,120.0,9.0,129.0,0.9302325581395349,4.795790545596741,120.0,6.9188632372745955
55,exclude,1.0,0.15,14,PTTP/pooled / PS.2,0.501310325610954,0.4962,354.5,1,0.005110325610954036,0.005110325610954036,5.0,1.0,6.0,0.8333333333333334,1.791759469228055,0.014104372355430184,0.3050569110022798
55,exclude,1.0,0.15,17,PTTP/pooled / PS.WEST.3,0.818252895628801,0.5121,739.2,1,0.306152895628801,0.306152895628801,1944.0,1523.0,3467.0,0.5607153158350159,7.573017256052546,2.6298701298701297,1.1462249845151762
55,exclude,1.0,0.15,18,PTTP/pooled / PS.EAST.3,0.925768172018284,0.5282,231.2,1,0.397568172018284,0.397568172018284,1693.0,1424.0,3117.0,0.5431504651908887,7.434847875211999,7.322664359861592,1.364793513744537
55,exclude,1.0,0.15,19,JPTP / LL.WEST.1,0.9899999946046,0.5,1.0,0,0.4899999946046,0.4899999946046,16.0,43.0,59.0,0.2711864406779661,2.833213344056216,16.0,4.08746284125034
55,exclude,1.0,0.15,20,JPTP / LL.EAST.1/LL.ALL.2/LL.OS.2/LL.ARCH.3/LL.WEST.3/LL.EAST.3/LL.OS.3/LL.ALL.5,0.302985956964362,0.5,1.0,0,-0.19701404303563802,0.19701404303563802,0.0,10.0,10.0,0.0,0.0,0.0,0.0
55,exclude,1.0,0.15,23,JPTP / PS.JP.1/PL.JP.1,0.989999998512288,0.5,1.0,0,0.48999999851228804,0.48999999851228804,327.0,45.0,372.0,0.8790322580645161,5.793013608384144,327.0,8.357552004618084
55,exclude,1.0,0.15,29,JPTP / PS.WEST.3,0.324600158355521,0.5,1.0,0,-0.17539984164447903,0.17539984164447903,18.0,0.0,18.0,1.0,2.9444389791664403,18.0,4.247927513443585
56,exclude,1.0,0.2,1,RTTP/PTTP/pooled / LL.WEST.1/LL.EAST.1/LL.ALL.2/LL.OS.2/LL.ARCH.3/LL.WEST.3/LL.EAST.3/LL.OS.3/LL.ALL.5,0.355737919195671,0.5,1.0,0,-0.144262080804329,0.144262080804329,162.0,252.0,414.0,0.391304347826087,5.093750200806762,162.0,7.348728154231078
56,exclude,1.0,0.2,6,RTTP / PHID.2/PL.ALL.2,0.810545840598524,0.5,1.0,0,0.31054584059852397,0.31054584059852397,45.0,2.0,47.0,0.9574468085106383,3.828641396489095,45.0,5.523561956057013
56,exclude,1.0,0.2,7,RTTP / PS.2,0.665521183083329,0.4962,354.5,1,0.169321183083329,0.169321183083329,320.0,2.0,322.0,0.9937888198757764,5.771441123130016,0.9026798307475318,0.9826196156854129
56,exclude,1.0,0.2,10,RTTP / PS.WEST.3,0.596756314402105,0.5121,739.2,1,0.08465631440210497,0.08465631440210497,175.0,123.0,298.0,0.587248322147651,5.170483995038151,0.23674242424242423,0.7825860864653296
56,exclude,1.0,0.2,13,PTTP/pooled / PHID.2/PL.ALL.2,0.699929047983401,0.5,1.0,0,0.19992904798340105,0.19992904798340105,116.0,13.0,129.0,0.8992248062015504,4.762173934797756,116.0,6.870364719583405
56,exclude,1.0,0.2,14,PTTP/pooled / PS.2,0.50472228630293,0.4962,354.5,1,0.00852228630293006,0.00852228630293006,5.0,1.0,6.0,0.8333333333333334,1.791759469228055,0.014104372355430184,0.3050569110022798
56,exclude,1.0,0.2,17,PTTP/pooled / PS.WEST.3,0.817000204017533,0.5121,739.2,1,0.30490020401753304,0.30490020401753304,1210.0,2257.0,3467.0,0.3490049033746755,7.099201743553092,1.6369047619047619,1.0745099520367174
56,exclude,1.0,0.2,18,PTTP/pooled / PS.EAST.3,0.938585946280466,0.5282,231.2,1,0.410385946280466,0.410385946280466,1264.0,1853.0,3117.0,0.4055181264035932,7.142827401161621,5.467128027681661,1.3111881602048459
56,exclude,1.0,0.2,19,JPTP / LL.WEST.1,0.943183201114259,0.5,1.0,0,0.443183201114259,0.443183201114259,5.0,54.0,59.0,0.0847457627118644,1.791759469228055,5.0,2.584962500721156
56,exclude,1.0,0.2,20,JPTP / LL.EAST.1/LL.ALL.2/LL.OS.2/LL.ARCH.3/LL.WEST.3/LL.EAST.3/LL.OS.3/LL.ALL.5,0.232703308844696,0.5,1.0,0,-0.26729669115530397,0.26729669115530397,0.0,10.0,10.0,0.0,0.0,0.0,0.0
56,exclude,1.0,0.2,23,JPTP / PS.JP.1/PL.JP.1,0.989999998709433,0.5,1.0,0,0.489999998709433,0.489999998709433,285.0,87.0,372.0,0.7661290322580645,5.655991810819852,285.0,8.159871336778389
56,exclude,1.0,0.2,29,JPTP / PS.WEST.3,0.224008509845074,0.5,1.0,0,-0.27599149015492597,0.27599149015492597,18.0,0.0,18.0,1.0,2.9444389791664403,18.0,4.247927513443585
57,exclude,1.0,0.2,1,RTTP/PTTP/pooled / LL.WEST.1/LL.EAST.1/LL.ALL.2/LL.OS.2/LL.ARCH.3/LL.WEST.3/LL.EAST.3/LL.OS.3/LL.ALL.5,0.376124229342251,0.5,1.0,0,-0.12387577065774902,0.12387577065774902,162.0,252.0,414.0,0.391304347826087,5.093750200806762,162.0,7.348728154231078
57,exclude,1.0,0.2,6,RTTP / PHID.2/PL.ALL.2,0.846793992306781,0.5,1.0,0,0.346793992306781,0.346793992306781,45.0,2.0,47.0,0.9574468085106383,3.828641396489095,45.0,5.523561956057013
57,exclude,1.0,0.2,7,RTTP / PS.2,0.66559337205937,0.4962,354.5,1,0.16939337205937,0.16939337205937,320.0,2.0,322.0,0.9937888198757764,5.771441123130016,0.9026798307475318,0.9826196156854129
57,exclude,1.0,0.2,10,RTTP / PS.WEST.3,0.602731584221191,0.5121,739.2,1,0.090631584221191,0.090631584221191,175.0,123.0,298.0,0.587248322147651,5.170483995038151,0.23674242424242423,0.7825860864653296
57,exclude,1.0,0.2,13,PTTP/pooled / PHID.2/PL.ALL.2,0.728397570365586,0.5,1.0,0,0.22839757036558594,0.22839757036558594,116.0,13.0,129.0,0.8992248062015504,4.762173934797756,116.0,6.870364719583405
57,exclude,1.0,0.2,14,PTTP/pooled / PS.2,0.505627797505192,0.4962,354.5,1,0.00942779750519207,0.00942779750519207,5.0,1.0,6.0,0.8333333333333334,1.791759469228055,0.014104372355430184,0.3050569110022798
57,exclude,1.0,0.2,17,PTTP/pooled / PS.WEST.3,0.826773890250749,0.5121,739.2,1,0.314673890250749,0.314673890250749,1210.0,2257.0,3467.0,0.3490049033746755,7.099201743553092,1.6369047619047619,1.0745099520367174
57,exclude,1.0,0.2,18,PTTP/pooled / PS.EAST.3,0.948377623021039,0.5282,231.2,1,0.420177623021039,0.420177623021039,1264.0,1853.0,3117.0,0.4055181264035932,7.142827401161621,5.467128027681661,1.3111881602048459
57,exclude,1.0,0.2,19,JPTP / LL.WEST.1,0.989999963244595,0.5,1.0,0,0.48999996324459505,0.48999996324459505,5.0,54.0,59.0,0.0847457627118644,1.791759469228055,5.0,2.584962500721156
57,exclude,1.0,0.2,20,JPTP / LL.EAST.1/LL.ALL.2/LL.OS.2/LL.ARCH.3/LL.WEST.3/LL.EAST.3/LL.OS.3/LL.ALL.5,0.253189727367844,0.5,1.0,0,-0.246810272632156,0.246810272632156,0.0,10.0,10.0,0.0,0.0,0.0,0.0
57,exclude,1.0,0.2,23,JPTP / PS.JP.1/PL.JP.1,0.989999998753584,0.5,1.0,0,0.489999998753584,0.489999998753584,285.0,87.0,372.0,0.7661290322580645,5.655991810819852,285.0,8.159871336778389
57,exclude,1.0,0.2,29,JPTP / PS.WEST.3,0.236465549983518,0.5,1.0,0,-0.263534450016482,0.263534450016482,18.0,0.0,18.0,1.0,2.9444389791664403,18.0,4.247927513443585
62,include,0.0,0.25,1,RTTP/PTTP/pooled / LL.WEST.1/LL.EAST.1/LL.ALL.2/LL.OS.2/LL.ARCH.3/LL.WEST.3/LL.EAST.3/LL.OS.3/LL.ALL.5,0.216906129233377,0.5,1.0,0,-0.283093870766623,0.283093870766623,132.0,282.0,414.0,0.3188405797101449,4.890349128221754,132.0,7.05528243550119
62,include,0.0,0.25,6,RTTP / PHID.2/PL.ALL.2,0.318247608186048,0.5,1.0,0,-0.18175239181395197,0.18175239181395197,45.0,2.0,47.0,0.9574468085106383,3.828641396489095,45.0,5.523561956057013
62,include,0.0,0.25,7,RTTP / PS.2,0.525862090341304,0.4962,354.5,1,0.02966209034130407,0.02966209034130407,320.0,2.0,322.0,0.9937888198757764,5.771441123130016,0.9026798307475318,0.9826196156854129
62,include,0.0,0.25,10,RTTP / PS.WEST.3,0.553907527304322,0.5121,739.2,1,0.04180752730432202,0.04180752730432202,175.0,123.0,298.0,0.587248322147651,5.170483995038151,0.23674242424242423,0.7825860864653296
62,include,0.0,0.25,13,PTTP/pooled / PHID.2/PL.ALL.2,0.435525312123836,0.5,1.0,0,-0.064474687876164,0.064474687876164,115.0,14.0,129.0,0.8914728682170543,4.7535901911063645,115.0,6.857980995127572
62,include,0.0,0.25,14,PTTP/pooled / PS.2,0.50201212431755,0.4962,354.5,1,0.005812124317550071,0.005812124317550071,4.0,2.0,6.0,0.6666666666666666,1.6094379124341003,0.011283497884344146,0.2740156625088909
62,include,0.0,0.25,17,PTTP/pooled / PS.WEST.3,0.68454137387917,0.5121,739.2,1,0.17244137387917002,0.17244137387917002,758.0,2709.0,3467.0,0.21863282376694548,6.63200177739563,1.0254329004329004,1.0037962251471702
62,include,0.0,0.25,18,PTTP/pooled / PS.EAST.3,0.747810673452357,0.5282,231.2,1,0.21961067345235696,0.21961067345235696,1010.0,2107.0,3117.0,0.32402951555983317,6.918695219020472,4.368512110726644,1.2700448639946422
62,include,0.0,0.25,19,JPTP / LL.WEST.1,0.469383642633613,0.5,1.0,0,-0.030616357366387015,0.030616357366387015,1.0,58.0,59.0,0.01694915254237288,0.6931471805599453,1.0,1.0
62,include,0.0,0.25,20,JPTP / LL.EAST.1/LL.ALL.2/LL.OS.2/LL.ARCH.3/LL.WEST.3/LL.EAST.3/LL.OS.3/LL.ALL.5,0.110902717299924,0.5,1.0,0,-0.389097282700076,0.389097282700076,0.0,10.0,10.0,0.0,0.0,0.0,0.0
62,include,0.0,0.25,23,JPTP / PS.JP.1/PL.JP.1,0.989999998358117,0.5,1.0,0,0.48999999835811703,0.48999999835811703,206.0,166.0,372.0,0.553763440860215,5.332718793265369,206.0,7.693486957499325
62,include,0.0,0.25,29,JPTP / PS.WEST.3,0.124598891492542,0.5,1.0,0,-0.375401108507458,0.375401108507458,18.0,0.0,18.0,1.0,2.9444389791664403,18.0,4.247927513443585
63,include,0.0,0.15,1,RTTP/PTTP/pooled / LL.WEST.1/LL.EAST.1/LL.ALL.2/LL.OS.2/LL.ARCH.3/LL.WEST.3/LL.EAST.3/LL.OS.3/LL.ALL.5,0.248770417475408,0.5,1.0,0,-0.251229582524592,0.251229582524592,189.0,225.0,414.0,0.45652173913043476,5.247024072160486,189.0,7.569855608330948
63,include,0.0,0.15,6,RTTP / PHID.2/PL.ALL.2,0.404362218993309,0.5,1.0,0,-0.09563778100669101,0.09563778100669101,46.0,1.0,47.0,0.9787234042553191,3.8501476017100584,46.0,5.554588851677638
63,include,0.0,0.15,7,RTTP / PS.2,0.515271800335677,0.4962,354.5,1,0.019071800335677014,0.019071800335677014,320.0,2.0,322.0,0.9937888198757764,5.771441123130016,0.9026798307475318,0.9826196156854129
63,include,0.0,0.15,10,RTTP / PS.WEST.3,0.586728402954267,0.5121,739.2,1,0.07462840295426698,0.07462840295426698,212.0,86.0,298.0,0.7114093959731543,5.3612921657094255,0.28679653679653677,0.8114661332258533
63,include,0.0,0.15,13,PTTP/pooled / PHID.2/PL.ALL.2,0.736820315100683,0.5,1.0,0,0.23682031510068302,0.23682031510068302,120.0,9.0,129.0,0.9302325581395349,4.795790545596741,120.0,6.9188632372745955
63,include,0.0,0.15,14,PTTP/pooled / PS.2,0.500171038201811,0.4962,354.5,1,0.003971038201810995,0.003971038201810995,5.0,1.0,6.0,0.8333333333333334,1.791759469228055,0.014104372355430184,0.3050569110022798
63,include,0.0,0.15,17,PTTP/pooled / PS.WEST.3,0.779087715583643,0.5121,739.2,1,0.266987715583643,0.266987715583643,1944.0,1523.0,3467.0,0.5607153158350159,7.573017256052546,2.6298701298701297,1.1462249845151762
63,include,0.0,0.15,18,PTTP/pooled / PS.EAST.3,0.827924810606885,0.5282,231.2,1,0.29972481060688505,0.29972481060688505,1693.0,1424.0,3117.0,0.5431504651908887,7.434847875211999,7.322664359861592,1.364793513744537
63,include,0.0,0.15,19,JPTP / LL.WEST.1,0.635738171359658,0.5,1.0,0,0.13573817135965804,0.13573817135965804,16.0,43.0,59.0,0.2711864406779661,2.833213344056216,16.0,4.08746284125034
63,include,0.0,0.15,20,JPTP / LL.EAST.1/LL.ALL.2/LL.OS.2/LL.ARCH.3/LL.WEST.3/LL.EAST.3/LL.OS.3/LL.ALL.5,0.165059243878635,0.5,1.0,0,-0.334940756121365,0.334940756121365,0.0,10.0,10.0,0.0,0.0,0.0,0.0
63,include,0.0,0.15,23,JPTP / PS.JP.1/PL.JP.1,0.989999996450893,0.5,1.0,0,0.489999996450893,0.489999996450893,327.0,45.0,372.0,0.8790322580645161,5.793013608384144,327.0,8.357552004618084
63,include,0.0,0.15,29,JPTP / PS.WEST.3,0.135475305580768,0.5,1.0,0,-0.36452469441923196,0.36452469441923196,18.0,0.0,18.0,1.0,2.9444389791664403,18.0,4.247927513443585
65,include,0.0,0.2,1,RTTP/PTTP/pooled / LL.WEST.1/LL.EAST.1/LL.ALL.2/LL.OS.2/LL.ARCH.3/LL.WEST.3/LL.EAST.3/LL.OS.3/LL.ALL.5,0.256178847490825,0.5,1.0,0,-0.24382115250917502,0.24382115250917502,162.0,252.0,414.0,0.391304347826087,5.093750200806762,162.0,7.348728154231078
65,include,0.0,0.2,6,RTTP / PHID.2/PL.ALL.2,0.38732752669163,0.5,1.0,0,-0.11267247330836999,0.11267247330836999,45.0,2.0,47.0,0.9574468085106383,3.828641396489095,45.0,5.523561956057013
65,include,0.0,0.2,7,RTTP / PS.2,0.526066702693276,0.4962,354.5,1,0.02986670269327607,0.02986670269327607,320.0,2.0,322.0,0.9937888198757764,5.771441123130016,0.9026798307475318,0.9826196156854129
65,include,0.0,0.2,10,RTTP / PS.WEST.3,0.573037653243774,0.5121,739.2,1,0.06093765324377398,0.06093765324377398,175.0,123.0,298.0,0.587248322147651,5.170483995038151,0.23674242424242423,0.7825860864653296
65,include,0.0,0.2,13,PTTP/pooled / PHID.2/PL.ALL.2,0.489669316436893,0.5,1.0,0,-0.010330683563107013,0.010330683563107013,116.0,13.0,129.0,0.8992248062015504,4.762173934797756,116.0,6.870364719583405
65,include,0.0,0.2,14,PTTP/pooled / PS.2,0.498656387337749,0.4962,354.5,1,0.0024563873377489998,0.0024563873377489998,5.0,1.0,6.0,0.8333333333333334,1.791759469228055,0.014104372355430184,0.3050569110022798
65,include,0.0,0.2,17,PTTP/pooled / PS.WEST.3,0.768604862443746,0.5121,739.2,1,0.25650486244374604,0.25650486244374604,1210.0,2257.0,3467.0,0.3490049033746755,7.099201743553092,1.6369047619047619,1.0745099520367174
65,include,0.0,0.2,18,PTTP/pooled / PS.EAST.3,0.838456659313203,0.5282,231.2,1,0.310256659313203,0.310256659313203,1264.0,1853.0,3117.0,0.4055181264035932,7.142827401161621,5.467128027681661,1.3111881602048459
65,include,0.0,0.2,19,JPTP / LL.WEST.1,0.67430213764425,0.5,1.0,0,0.17430213764424995,0.17430213764424995,5.0,54.0,59.0,0.0847457627118644,1.791759469228055,5.0,2.584962500721156
65,include,0.0,0.2,20,JPTP / LL.EAST.1/LL.ALL.2/LL.OS.2/LL.ARCH.3/LL.WEST.3/LL.EAST.3/LL.OS.3/LL.ALL.5,0.152559171761449,0.5,1.0,0,-0.347440828238551,0.347440828238551,0.0,10.0,10.0,0.0,0.0,0.0,0.0
65,include,0.0,0.2,23,JPTP / PS.JP.1/PL.JP.1,0.989999998093332,0.5,1.0,0,0.48999999809333195,0.48999999809333195,285.0,87.0,372.0,0.7661290322580645,5.655991810819852,285.0,8.159871336778389
65,include,0.0,0.2,29,JPTP / PS.WEST.3,0.13091313923159,0.5,1.0,0,-0.36908686076841,0.36908686076841,18.0,0.0,18.0,1.0,2.9444389791664403,18.0,4.247927513443585
66,exclude,1.0,0.25,1,RTTP/PTTP/pooled / LL.WEST.1/LL.EAST.1/LL.ALL.2/LL.OS.2/LL.ARCH.3/LL.WEST.3/LL.EAST.3/LL.OS.3/LL.ALL.5,0.293981365037121,0.5,1.0,0,-0.20601863496287898,0.20601863496287898,132.0,282.0,414.0,0.3188405797101449,4.890349128221754,132.0,7.05528243550119
66,exclude,1.0,0.25,6,RTTP / PHID.2/PL.ALL.2,0.729929445166009,0.5,1.0,0,0.229929445166009,0.229929445166009,45.0,2.0,47.0,0.9574468085106383,3.828641396489095,45.0,5.523561956057013
66,exclude,1.0,0.25,7,RTTP / PS.2,0.674708181114105,0.4962,354.5,1,0.17850818111410505,0.17850818111410505,320.0,2.0,322.0,0.9937888198757764,5.771441123130016,0.9026798307475318,0.9826196156854129
66,exclude,1.0,0.25,10,RTTP / PS.WEST.3,0.591121312665942,0.5121,739.2,1,0.07902131266594203,0.07902131266594203,175.0,123.0,298.0,0.587248322147651,5.170483995038151,0.23674242424242423,0.7825860864653296
66,exclude,1.0,0.25,13,PTTP/pooled / PHID.2/PL.ALL.2,0.603088334101946,0.5,1.0,0,0.10308833410194596,0.10308833410194596,115.0,14.0,129.0,0.8914728682170543,4.7535901911063645,115.0,6.857980995127572
66,exclude,1.0,0.25,14,PTTP/pooled / PS.2,0.504831590883809,0.4962,354.5,1,0.008631590883809048,0.008631590883809048,4.0,2.0,6.0,0.6666666666666666,1.6094379124341003,0.011283497884344146,0.2740156625088909
66,exclude,1.0,0.25,17,PTTP/pooled / PS.WEST.3,0.780472044451481,0.5121,739.2,1,0.268372044451481,0.268372044451481,758.0,2709.0,3467.0,0.21863282376694548,6.63200177739563,1.0254329004329004,1.0037962251471702
66,exclude,1.0,0.25,18,PTTP/pooled / PS.EAST.3,0.898147993033796,0.5282,231.2,1,0.369947993033796,0.369947993033796,1010.0,2107.0,3117.0,0.32402951555983317,6.918695219020472,4.368512110726644,1.2700448639946422
66,exclude,1.0,0.25,19,JPTP / LL.WEST.1,0.661845234133592,0.5,1.0,0,0.16184523413359198,0.16184523413359198,1.0,58.0,59.0,0.01694915254237288,0.6931471805599453,1.0,1.0
66,exclude,1.0,0.25,20,JPTP / LL.EAST.1/LL.ALL.2/LL.OS.2/LL.ARCH.3/LL.WEST.3/LL.EAST.3/LL.OS.3/LL.ALL.5,0.167956310909077,0.5,1.0,0,-0.33204368909092297,0.33204368909092297,0.0,10.0,10.0,0.0,0.0,0.0,0.0
66,exclude,1.0,0.25,23,JPTP / PS.JP.1/PL.JP.1,0.989999998853522,0.5,1.0,0,0.48999999885352197,0.48999999885352197,206.0,166.0,372.0,0.553763440860215,5.332718793265369,206.0,7.693486957499325
66,exclude,1.0,0.25,29,JPTP / PS.WEST.3,0.201718322982599,0.5,1.0,0,-0.298281677017401,0.298281677017401,18.0,0.0,18.0,1.0,2.9444389791664403,18.0,4.247927513443585
68,exclude,1.0,0.25,1,RTTP/PTTP/pooled / LL.WEST.1/LL.EAST.1/LL.ALL.2/LL.OS.2/LL.ARCH.3/LL.WEST.3/LL.EAST.3/LL.OS.3/LL.ALL.5,0.293400744609191,0.5,1.0,0,-0.20659925539080898,0.20659925539080898,132.0,282.0,414.0,0.3188405797101449,4.890349128221754,132.0,7.05528243550119
68,exclude,1.0,0.25,6,RTTP / PHID.2/PL.ALL.2,0.717812703617771,0.5,1.0,0,0.21781270361777105,0.21781270361777105,45.0,2.0,47.0,0.9574468085106383,3.828641396489095,45.0,5.523561956057013
68,exclude,1.0,0.25,7,RTTP / PS.2,0.665911612368399,0.4962,354.5,1,0.16971161236839905,0.16971161236839905,320.0,2.0,322.0,0.9937888198757764,5.771441123130016,0.9026798307475318,0.9826196156854129
68,exclude,1.0,0.25,10,RTTP / PS.WEST.3,0.586140432017927,0.5121,739.2,1,0.07404043201792698,0.07404043201792698,175.0,123.0,298.0,0.587248322147651,5.170483995038151,0.23674242424242423,0.7825860864653296
68,exclude,1.0,0.25,13,PTTP/pooled / PHID.2/PL.ALL.2,0.576987356540002,0.5,1.0,0,0.076987356540002,0.076987356540002,115.0,14.0,129.0,0.8914728682170543,4.7535901911063645,115.0,6.857980995127572
68,exclude,1.0,0.25,14,PTTP/pooled / PS.2,0.505230688438489,0.4962,354.5,1,0.009030688438488976,0.009030688438488976,4.0,2.0,6.0,0.6666666666666666,1.6094379124341003,0.011283497884344146,0.2740156625088909
68,exclude,1.0,0.25,17,PTTP/pooled / PS.WEST.3,0.773711870167372,0.5121,739.2,1,0.261611870167372,0.261611870167372,758.0,2709.0,3467.0,0.21863282376694548,6.63200177739563,1.0254329004329004,1.0037962251471702
68,exclude,1.0,0.25,18,PTTP/pooled / PS.EAST.3,0.89170026598696,0.5282,231.2,1,0.36350026598695995,0.36350026598695995,1010.0,2107.0,3117.0,0.32402951555983317,6.918695219020472,4.368512110726644,1.2700448639946422
68,exclude,1.0,0.25,19,JPTP / LL.WEST.1,0.682018989353134,0.5,1.0,0,0.182018989353134,0.182018989353134,1.0,58.0,59.0,0.01694915254237288,0.6931471805599453,1.0,1.0
68,exclude,1.0,0.25,20,JPTP / LL.EAST.1/LL.ALL.2/LL.OS.2/LL.ARCH.3/LL.WEST.3/LL.EAST.3/LL.OS.3/LL.ALL.5,0.157762777177789,0.5,1.0,0,-0.34223722282221103,0.34223722282221103,0.0,10.0,10.0,0.0,0.0,0.0,0.0
68,exclude,1.0,0.25,23,JPTP / PS.JP.1/PL.JP.1,0.989999998900947,0.5,1.0,0,0.48999999890094703,0.48999999890094703,206.0,166.0,372.0,0.553763440860215,5.332718793265369,206.0,7.693486957499325
68,exclude,1.0,0.25,29,JPTP / PS.WEST.3,0.18578003203007,0.5,1.0,0,-0.31421996796993,0.31421996796993,18.0,0.0,18.0,1.0,2.9444389791664403,18.0,4.247927513443585
69,exclude,1.0,0.35,1,RTTP/PTTP/pooled / LL.WEST.1/LL.EAST.1/LL.ALL.2/LL.OS.2/LL.ARCH.3/LL.WEST.3/LL.EAST.3/LL.OS.3/LL.ALL.5,0.264136586917933,0.5,1.0,0,-0.23586341308206699,0.23586341308206699,91.0,323.0,414.0,0.21980676328502416,4.5217885770490405,91.0,6.523561956057013
69,exclude,1.0,0.35,6,RTTP / PHID.2/PL.ALL.2,0.625328508760912,0.5,1.0,0,0.12532850876091195,0.12532850876091195,45.0,2.0,47.0,0.9574468085106383,3.828641396489095,45.0,5.523561956057013
69,exclude,1.0,0.35,7,RTTP / PS.2,0.673598834479551,0.4962,354.5,1,0.17739883447955107,0.17739883447955107,320.0,2.0,322.0,0.9937888198757764,5.771441123130016,0.9026798307475318,0.9826196156854129
69,exclude,1.0,0.35,10,RTTP / PS.WEST.3,0.556563605387192,0.5121,739.2,1,0.04446360538719196,0.04446360538719196,121.0,177.0,298.0,0.40604026845637586,4.804021044733257,0.1636904761904762,0.7271195563708814
69,exclude,1.0,0.35,13,PTTP/pooled / PHID.2/PL.ALL.2,0.545367189617938,0.5,1.0,0,0.04536718961793795,0.04536718961793795,114.0,15.0,129.0,0.8837209302325582,4.74493212836325,114.0,6.845490050944376
69,exclude,1.0,0.35,14,PTTP/pooled / PS.2,0.504847234347323,0.4962,354.5,1,0.008647234347323063,0.008647234347323063,3.0,3.0,6.0,0.5,1.3862943611198906,0.00846262341325811,0.2360242447750593
69,exclude,1.0,0.35,17,PTTP/pooled / PS.WEST.3,0.744424760811825,0.5121,739.2,1,0.23232476081182496,0.23232476081182496,452.0,3015.0,3467.0,0.13037207960773003,6.115892125483034,0.6114718614718614,0.9256797020006207
69,exclude,1.0,0.35,18,PTTP/pooled / PS.EAST.3,0.815925270987635,0.5282,231.2,1,0.287725270987635,0.287725270987635,444.0,2673.0,3117.0,0.1424446583253128,6.09807428216624,1.920415224913495,1.1194058528595712
69,exclude,1.0,0.35,19,JPTP / LL.WEST.1,0.575691698644487,0.5,1.0,0,0.075691698644487,0.075691698644487,1.0,58.0,59.0,0.01694915254237288,0.6931471805599453,1.0,1.0
69,exclude,1.0,0.35,20,JPTP / LL.EAST.1/LL.ALL.2/LL.OS.2/LL.ARCH.3/LL.WEST.3/LL.EAST.3/LL.OS.3/LL.ALL.5,0.132883427396834,0.5,1.0,0,-0.367116572603166,0.367116572603166,0.0,10.0,10.0,0.0,0.0,0.0,0.0
69,exclude,1.0,0.35,23,JPTP / PS.JP.1/PL.JP.1,0.989999998771829,0.5,1.0,0,0.489999998771829,0.489999998771829,206.0,166.0,372.0,0.553763440860215,5.332718793265369,206.0,7.693486957499325
69,exclude,1.0,0.35,29,JPTP / PS.WEST.3,0.141192544607135,0.5,1.0,0,-0.35880745539286496,0.35880745539286496,18.0,0.0,18.0,1.0,2.9444389791664403,18.0,4.247927513443585
70,exclude,1.0,0.3,1,RTTP/PTTP/pooled / LL.WEST.1/LL.EAST.1/LL.ALL.2/LL.OS.2/LL.ARCH.3/LL.WEST.3/LL.EAST.3/LL.OS.3/LL.ALL.5,0.221249715099784,0.5,1.0,0,-0.278750284900216,0.278750284900216,91.0,323.0,414.0,0.21980676328502416,4.5217885770490405,91.0,6.523561956057013
70,exclude,1.0,0.3,6,RTTP / PHID.2/PL.ALL.2,0.748070436196392,0.5,1.0,0,0.24807043619639202,0.24807043619639202,45.0,2.0,47.0,0.9574468085106383,3.828641396489095,45.0,5.523561956057013
70,exclude,1.0,0.3,7,RTTP / PS.2,0.657106215848686,0.4962,354.5,1,0.16090621584868603,0.16090621584868603,320.0,2.0,322.0,0.9937888198757764,5.771441123130016,0.9026798307475318,0.9826196156854129
70,exclude,1.0,0.3,10,RTTP / PS.WEST.3,0.530122063914711,0.5121,739.2,1,0.01802206391471095,0.01802206391471095,121.0,177.0,298.0,0.40604026845637586,4.804021044733257,0.1636904761904762,0.7271195563708814
70,exclude,1.0,0.3,13,PTTP/pooled / PHID.2/PL.ALL.2,0.824434942212262,0.5,1.0,0,0.324434942212262,0.324434942212262,114.0,15.0,129.0,0.8837209302325582,4.74493212836325,114.0,6.845490050944376
70,exclude,1.0,0.3,14,PTTP/pooled / PS.2,0.515034528956442,0.4962,354.5,1,0.018834528956441998,0.018834528956441998,3.0,3.0,6.0,0.5,1.3862943611198906,0.00846262341325811,0.2360242447750593
70,exclude,1.0,0.3,17,PTTP/pooled / PS.WEST.3,0.672574108619949,0.5121,739.2,1,0.16047410861994904,0.16047410861994904,458.0,3009.0,3467.0,0.1321026824343813,6.129050210060545,0.6195887445887446,0.92767126293085
70,exclude,1.0,0.3,18,PTTP/pooled / PS.EAST.3,0.777018007888973,0.5282,231.2,1,0.24881800788897301,0.24881800788897301,477.0,2640.0,3117.0,0.1530317613089509,6.169610732491456,2.063148788927336,1.1325375920745284
70,exclude,1.0,0.3,19,JPTP / LL.WEST.1,0.545137568304765,0.5,1.0,0,0.04513756830476501,0.04513756830476501,1.0,58.0,59.0,0.01694915254237288,0.6931471805599453,1.0,1.0
70,exclude,1.0,0.3,20,JPTP / LL.EAST.1/LL.ALL.2/LL.OS.2/LL.ARCH.3/LL.WEST.3/LL.EAST.3/LL.OS.3/LL.ALL.5,0.133743931161925,0.5,1.0,0,-0.366256068838075,0.366256068838075,0.0,10.0,10.0,0.0,0.0,0.0,0.0
70,exclude,1.0,0.3,23,JPTP / PS.JP.1/PL.JP.1,0.989999998709105,0.5,1.0,0,0.48999999870910504,0.48999999870910504,206.0,166.0,372.0,0.553763440860215,5.332718793265369,206.0,7.693486957499325
70,exclude,1.0,0.3,29,JPTP / PS.WEST.3,0.124222366719063,0.5,1.0,0,-0.375777633280937,0.375777633280937,18.0,0.0,18.0,1.0,2.9444389791664403,18.0,4.247927513443585
71,include,0.0,0.25,1,RTTP/PTTP/pooled / LL.WEST.1/LL.EAST.1/LL.ALL.2/LL.OS.2/LL.ARCH.3/LL.WEST.3/LL.EAST.3/LL.OS.3/LL.ALL.5,0.339306536512389,0.5,1.0,0,-0.160693463487611,0.160693463487611,132.0,282.0,414.0,0.3188405797101449,4.890349128221754,132.0,7.05528243550119
71,include,0.0,0.25,6,RTTP / PHID.2/PL.ALL.2,0.410135153468577,0.5,1.0,0,-0.08986484653142301,0.08986484653142301,45.0,2.0,47.0,0.9574468085106383,3.828641396489095,45.0,5.523561956057013
71,include,0.0,0.25,7,RTTP / PS.2,0.554531217574898,0.4962,354.5,1,0.05833121757489801,0.05833121757489801,320.0,2.0,322.0,0.9937888198757764,5.771441123130016,0.9026798307475318,0.9826196156854129
71,include,0.0,0.25,10,RTTP / PS.WEST.3,0.599050885750739,0.5121,739.2,1,0.08695088575073895,0.08695088575073895,175.0,123.0,298.0,0.587248322147651,5.170483995038151,0.23674242424242423,0.7825860864653296
71,include,0.0,0.25,13,PTTP/pooled / PHID.2/PL.ALL.2,0.863783991172546,0.5,1.0,0,0.363783991172546,0.363783991172546,115.0,14.0,129.0,0.8914728682170543,4.7535901911063645,115.0,6.857980995127572
71,include,0.0,0.25,14,PTTP/pooled / PS.2,0.508254324007011,0.4962,354.5,1,0.012054324007011008,0.012054324007011008,4.0,2.0,6.0,0.6666666666666666,1.6094379124341003,0.011283497884344146,0.2740156625088909
71,include,0.0,0.25,17,PTTP/pooled / PS.WEST.3,0.854558910838718,0.5121,739.2,1,0.34245891083871804,0.34245891083871804,758.0,2709.0,3467.0,0.21863282376694548,6.63200177739563,1.0254329004329004,1.0037962251471702
71,include,0.0,0.25,18,PTTP/pooled / PS.EAST.3,0.972936671377786,0.5282,231.2,1,0.44473667137778605,0.44473667137778605,1010.0,2107.0,3117.0,0.32402951555983317,6.918695219020472,4.368512110726644,1.2700448639946422
71,include,0.0,0.25,19,JPTP / LL.WEST.1,0.882267683798596,0.5,1.0,0,0.382267683798596,0.382267683798596,1.0,58.0,59.0,0.01694915254237288,0.6931471805599453,1.0,1.0
71,include,0.0,0.25,20,JPTP / LL.EAST.1/LL.ALL.2/LL.OS.2/LL.ARCH.3/LL.WEST.3/LL.EAST.3/LL.OS.3/LL.ALL.5,0.242683066902166,0.5,1.0,0,-0.257316933097834,0.257316933097834,0.0,10.0,10.0,0.0,0.0,0.0,0.0
71,include,0.0,0.25,23,JPTP / PS.JP.1/PL.JP.1,0.989999999074744,0.5,1.0,0,0.489999999074744,0.489999999074744,206.0,166.0,372.0,0.553763440860215,5.332718793265369,206.0,7.693486957499325
71,include,0.0,0.25,29,JPTP / PS.WEST.3,0.138707168006767,0.5,1.0,0,-0.36129283199323303,0.36129283199323303,18.0,0.0,18.0,1.0,2.9444389791664403,18.0,4.247927513443585
72,exclude,1.0,0.2,1,RTTP/PTTP/pooled / LL.WEST.1/LL.EAST.1/LL.ALL.2/LL.OS.2/LL.ARCH.3/LL.WEST.3/LL.EAST.3/LL.OS.3/LL.ALL.5,0.239316636264496,0.5,1.0,0,-0.260683363735504,0.260683363735504,162.0,252.0,414.0,0.391304347826087,5.093750200806762,162.0,7.348728154231078
72,exclude,1.0,0.2,6,RTTP / PHID.2/PL.ALL.2,0.686738655997888,0.5,1.0,0,0.18673865599788797,0.18673865599788797,45.0,2.0,47.0,0.9574468085106383,3.828641396489095,45.0,5.523561956057013
72,exclude,1.0,0.2,7,RTTP / PS.2,0.6570788970759,0.4962,354.5,1,0.16087889707589997,0.16087889707589997,320.0,2.0,322.0,0.9937888198757764,5.771441123130016,0.9026798307475318,0.9826196156854129
72,exclude,1.0,0.2,10,RTTP / PS.WEST.3,0.582014283169508,0.5121,739.2,1,0.06991428316950798,0.06991428316950798,175.0,123.0,298.0,0.587248322147651,5.170483995038151,0.23674242424242423,0.7825860864653296
72,exclude,1.0,0.2,13,PTTP/pooled / PHID.2/PL.ALL.2,0.539843436184925,0.5,1.0,0,0.03984343618492503,0.03984343618492503,116.0,13.0,129.0,0.8992248062015504,4.762173934797756,116.0,6.870364719583405
72,exclude,1.0,0.2,14,PTTP/pooled / PS.2,0.501608541026085,0.4962,354.5,1,0.005408541026085012,0.005408541026085012,5.0,1.0,6.0,0.8333333333333334,1.791759469228055,0.014104372355430184,0.3050569110022798
72,exclude,1.0,0.2,17,PTTP/pooled / PS.WEST.3,0.752480230290878,0.5121,739.2,1,0.24038023029087796,0.24038023029087796,1210.0,2257.0,3467.0,0.3490049033746755,7.099201743553092,1.6369047619047619,1.0745099520367174
72,exclude,1.0,0.2,18,PTTP/pooled / PS.EAST.3,0.870794640163449,0.5282,231.2,1,0.342594640163449,0.342594640163449,1264.0,1853.0,3117.0,0.4055181264035932,7.142827401161621,5.467128027681661,1.3111881602048459
72,exclude,1.0,0.2,19,JPTP / LL.WEST.1,0.989999981039312,0.5,1.0,0,0.48999998103931197,0.48999998103931197,5.0,54.0,59.0,0.0847457627118644,1.791759469228055,5.0,2.584962500721156
72,exclude,1.0,0.2,20,JPTP / LL.EAST.1/LL.ALL.2/LL.OS.2/LL.ARCH.3/LL.WEST.3/LL.EAST.3/LL.OS.3/LL.ALL.5,0.195130531042168,0.5,1.0,0,-0.304869468957832,0.304869468957832,0.0,10.0,10.0,0.0,0.0,0.0,0.0
72,exclude,1.0,0.2,23,JPTP / PS.JP.1/PL.JP.1,0.989999998764339,0.5,1.0,0,0.489999998764339,0.489999998764339,285.0,87.0,372.0,0.7661290322580645,5.655991810819852,285.0,8.159871336778389
72,exclude,1.0,0.2,29,JPTP / PS.WEST.3,0.176970862291029,0.5,1.0,0,-0.323029137708971,0.323029137708971,18.0,0.0,18.0,1.0,2.9444389791664403,18.0,4.247927513443585
73,exclude,1.0,0.2,1,RTTP/PTTP/pooled / LL.WEST.1/LL.EAST.1/LL.ALL.2/LL.OS.2/LL.ARCH.3/LL.WEST.3/LL.EAST.3/LL.OS.3/LL.ALL.5,0.217035733901673,0.5,1.0,0,-0.28296426609832703,0.28296426609832703,162.0,252.0,414.0,0.391304347826087,5.093750200806762,162.0,7.348728154231078
73,exclude,1.0,0.2,6,RTTP / PHID.2/PL.ALL.2,0.594948308772778,0.5,1.0,0,0.09494830877277805,0.09494830877277805,45.0,2.0,47.0,0.9574468085106383,3.828641396489095,45.0,5.523561956057013
73,exclude,1.0,0.2,7,RTTP / PS.2,0.664225177527193,0.4962,354.5,1,0.16802517752719304,0.16802517752719304,320.0,2.0,322.0,0.9937888198757764,5.771441123130016,0.9026798307475318,0.9826196156854129
73,exclude,1.0,0.2,10,RTTP / PS.WEST.3,0.568134897245332,0.5121,739.2,1,0.05603489724533195,0.05603489724533195,175.0,123.0,298.0,0.587248322147651,5.170483995038151,0.23674242424242423,0.7825860864653296
73,exclude,1.0,0.2,13,PTTP/pooled / PHID.2/PL.ALL.2,0.493755921415597,0.5,1.0,0,-0.006244078584403012,0.006244078584403012,116.0,13.0,129.0,0.8992248062015504,4.762173934797756,116.0,6.870364719583405
73,exclude,1.0,0.2,14,PTTP/pooled / PS.2,0.498715645869848,0.4962,354.5,1,0.0025156458698480377,0.0025156458698480377,5.0,1.0,6.0,0.8333333333333334,1.791759469228055,0.014104372355430184,0.3050569110022798
73,exclude,1.0,0.2,17,PTTP/pooled / PS.WEST.3,0.73194032495322,0.5121,739.2,1,0.21984032495322003,0.21984032495322003,1210.0,2257.0,3467.0,0.3490049033746755,7.099201743553092,1.6369047619047619,1.0745099520367174
73,exclude,1.0,0.2,18,PTTP/pooled / PS.EAST.3,0.856328565582044,0.5282,231.2,1,0.32812856558204395,0.32812856558204395,1264.0,1853.0,3117.0,0.4055181264035932,7.142827401161621,5.467128027681661,1.3111881602048459
73,exclude,1.0,0.2,19,JPTP / LL.WEST.1,0.513686361923721,0.5,1.0,0,0.013686361923720969,0.013686361923720969,5.0,54.0,59.0,0.0847457627118644,1.791759469228055,5.0,2.584962500721156
73,exclude,1.0,0.2,20,JPTP / LL.EAST.1/LL.ALL.2/LL.OS.2/LL.ARCH.3/LL.WEST.3/LL.EAST.3/LL.OS.3/LL.ALL.5,0.122110881329024,0.5,1.0,0,-0.37788911867097597,0.37788911867097597,0.0,10.0,10.0,0.0,0.0,0.0,0.0
73,exclude,1.0,0.2,23,JPTP / PS.JP.1/PL.JP.1,0.989999998106237,0.5,1.0,0,0.48999999810623696,0.48999999810623696,285.0,87.0,372.0,0.7661290322580645,5.655991810819852,285.0,8.159871336778389
73,exclude,1.0,0.2,29,JPTP / PS.WEST.3,0.168761175600146,0.5,1.0,0,-0.33123882439985397,0.33123882439985397,18.0,0.0,18.0,1.0,2.9444389791664403,18.0,4.247927513443585
74,include,0.0,0.2,1,RTTP/PTTP/pooled / LL.WEST.1/LL.EAST.1/LL.ALL.2/LL.OS.2/LL.ARCH.3/LL.WEST.3/LL.EAST.3/LL.OS.3/LL.ALL.5,0.362286510764774,0.5,1.0,0,-0.13771348923522603,0.13771348923522603,162.0,252.0,414.0,0.391304347826087,5.093750200806762,162.0,7.348728154231078
74,include,0.0,0.2,6,RTTP / PHID.2/PL.ALL.2,0.809719530780979,0.5,1.0,0,0.309719530780979,0.309719530780979,45.0,2.0,47.0,0.9574468085106383,3.828641396489095,45.0,5.523561956057013
74,include,0.0,0.2,7,RTTP / PS.2,0.524127158915946,0.4962,354.5,1,0.027927158915945993,0.027927158915945993,320.0,2.0,322.0,0.9937888198757764,5.771441123130016,0.9026798307475318,0.9826196156854129
74,include,0.0,0.2,10,RTTP / PS.WEST.3,0.599515284555345,0.5121,739.2,1,0.08741528455534497,0.08741528455534497,175.0,123.0,298.0,0.587248322147651,5.170483995038151,0.23674242424242423,0.7825860864653296
74,include,0.0,0.2,13,PTTP/pooled / PHID.2/PL.ALL.2,0.916179280283926,0.5,1.0,0,0.41617928028392603,0.41617928028392603,116.0,13.0,129.0,0.8992248062015504,4.762173934797756,116.0,6.870364719583405
74,include,0.0,0.2,14,PTTP/pooled / PS.2,0.503891628677894,0.4962,354.5,1,0.00769162867789408,0.00769162867789408,5.0,1.0,6.0,0.8333333333333334,1.791759469228055,0.014104372355430184,0.3050569110022798
74,include,0.0,0.2,17,PTTP/pooled / PS.WEST.3,0.868300427340829,0.5121,739.2,1,0.356200427340829,0.356200427340829,1210.0,2257.0,3467.0,0.3490049033746755,7.099201743553092,1.6369047619047619,1.0745099520367174
74,include,0.0,0.2,18,PTTP/pooled / PS.EAST.3,0.98095798499023,0.5282,231.2,1,0.45275798499023,0.45275798499023,1264.0,1853.0,3117.0,0.4055181264035932,7.142827401161621,5.467128027681661,1.3111881602048459
74,include,0.0,0.2,19,JPTP / LL.WEST.1,0.989999984802502,0.5,1.0,0,0.48999998480250195,0.48999998480250195,5.0,54.0,59.0,0.0847457627118644,1.791759469228055,5.0,2.584962500721156
74,include,0.0,0.2,20,JPTP / LL.EAST.1/LL.ALL.2/LL.OS.2/LL.ARCH.3/LL.WEST.3/LL.EAST.3/LL.OS.3/LL.ALL.5,0.286495969675386,0.5,1.0,0,-0.213504030324614,0.213504030324614,0.0,10.0,10.0,0.0,0.0,0.0,0.0
74,include,0.0,0.2,23,JPTP / PS.JP.1/PL.JP.1,0.989999998148425,0.5,1.0,0,0.489999998148425,0.489999998148425,285.0,87.0,372.0,0.7661290322580645,5.655991810819852,285.0,8.159871336778389
74,include,0.0,0.2,29,JPTP / PS.WEST.3,0.137746974913326,0.5,1.0,0,-0.362253025086674,0.362253025086674,18.0,0.0,18.0,1.0,2.9444389791664403,18.0,4.247927513443585
75,exclude,1.0,0.15,1,RTTP/PTTP/pooled / LL.WEST.1/LL.EAST.1/LL.ALL.2/LL.OS.2/LL.ARCH.3/LL.WEST.3/LL.EAST.3/LL.OS.3/LL.ALL.5,0.280347462002982,0.5,1.0,0,-0.219652537997018,0.219652537997018,189.0,225.0,414.0,0.45652173913043476,5.247024072160486,189.0,7.569855608330948
75,exclude,1.0,0.15,6,RTTP / PHID.2/PL.ALL.2,0.766897578094999,0.5,1.0,0,0.26689757809499903,0.26689757809499903,46.0,1.0,47.0,0.9787234042553191,3.8501476017100584,46.0,5.554588851677638
75,exclude,1.0,0.15,7,RTTP / PS.2,0.674524107403852,0.4962,354.5,1,0.17832410740385207,0.17832410740385207,320.0,2.0,322.0,0.9937888198757764,5.771441123130016,0.9026798307475318,0.9826196156854129
75,exclude,1.0,0.15,10,RTTP / PS.WEST.3,0.612964208491699,0.5121,739.2,1,0.10086420849169897,0.10086420849169897,212.0,86.0,298.0,0.7114093959731543,5.3612921657094255,0.28679653679653677,0.8114661332258533
75,exclude,1.0,0.15,13,PTTP/pooled / PHID.2/PL.ALL.2,0.628275351333034,0.5,1.0,0,0.12827535133303403,0.12827535133303403,120.0,9.0,129.0,0.9302325581395349,4.795790545596741,120.0,6.9188632372745955
75,exclude,1.0,0.15,14,PTTP/pooled / PS.2,0.500787543087926,0.4962,354.5,1,0.0045875430879259715,0.0045875430879259715,5.0,1.0,6.0,0.8333333333333334,1.791759469228055,0.014104372355430184,0.3050569110022798
75,exclude,1.0,0.15,17,PTTP/pooled / PS.WEST.3,0.826492597010825,0.5121,739.2,1,0.314392597010825,0.314392597010825,1944.0,1523.0,3467.0,0.5607153158350159,7.573017256052546,2.6298701298701297,1.1462249845151762
75,exclude,1.0,0.15,18,PTTP/pooled / PS.EAST.3,0.918592095927615,0.5282,231.2,1,0.39039209592761503,0.39039209592761503,1693.0,1424.0,3117.0,0.5431504651908887,7.434847875211999,7.322664359861592,1.364793513744537
75,exclude,1.0,0.15,19,JPTP / LL.WEST.1,0.989999989679352,0.5,1.0,0,0.489999989679352,0.489999989679352,16.0,43.0,59.0,0.2711864406779661,2.833213344056216,16.0,4.08746284125034
75,exclude,1.0,0.15,20,JPTP / LL.EAST.1/LL.ALL.2/LL.OS.2/LL.ARCH.3/LL.WEST.3/LL.EAST.3/LL.OS.3/LL.ALL.5,0.226520875228011,0.5,1.0,0,-0.273479124771989,0.273479124771989,0.0,10.0,10.0,0.0,0.0,0.0,0.0
75,exclude,1.0,0.15,23,JPTP / PS.JP.1/PL.JP.1,0.98999999820284,0.5,1.0,0,0.48999999820284,0.48999999820284,327.0,45.0,372.0,0.8790322580645161,5.793013608384144,327.0,8.357552004618084
75,exclude,1.0,0.15,29,JPTP / PS.WEST.3,0.297869068628661,0.5,1.0,0,-0.20213093137133897,0.20213093137133897,18.0,0.0,18.0,1.0,2.9444389791664403,18.0,4.247927513443585
76,exclude,1.0,0.2,1,RTTP/PTTP/pooled / LL.WEST.1/LL.EAST.1/LL.ALL.2/LL.OS.2/LL.ARCH.3/LL.WEST.3/LL.EAST.3/LL.OS.3/LL.ALL.5,0.307543031575715,0.5,1.0,0,-0.192456968424285,0.192456968424285,162.0,252.0,414.0,0.391304347826087,5.093750200806762,162.0,7.348728154231078
76,exclude,1.0,0.2,6,RTTP / PHID.2/PL.ALL.2,0.756139280073726,0.5,1.0,0,0.256139280073726,0.256139280073726,45.0,2.0,47.0,0.9574468085106383,3.828641396489095,45.0,5.523561956057013
76,exclude,1.0,0.2,7,RTTP / PS.2,0.665848033185291,0.4962,354.5,1,0.16964803318529098,0.16964803318529098,320.0,2.0,322.0,0.9937888198757764,5.771441123130016,0.9026798307475318,0.9826196156854129
76,exclude,1.0,0.2,10,RTTP / PS.WEST.3,0.590865645766813,0.5121,739.2,1,0.078765645766813,0.078765645766813,175.0,123.0,298.0,0.587248322147651,5.170483995038151,0.23674242424242423,0.7825860864653296
76,exclude,1.0,0.2,13,PTTP/pooled / PHID.2/PL.ALL.2,0.634585643993849,0.5,1.0,0,0.13458564399384898,0.13458564399384898,116.0,13.0,129.0,0.8992248062015504,4.762173934797756,116.0,6.870364719583405
76,exclude,1.0,0.2,14,PTTP/pooled / PS.2,0.503670354134753,0.4962,354.5,1,0.007470354134753054,0.007470354134753054,5.0,1.0,6.0,0.8333333333333334,1.791759469228055,0.014104372355430184,0.3050569110022798
76,exclude,1.0,0.2,17,PTTP/pooled / PS.WEST.3,0.789459718080193,0.5121,739.2,1,0.277359718080193,0.277359718080193,1210.0,2257.0,3467.0,0.3490049033746755,7.099201743553092,1.6369047619047619,1.0745099520367174
76,exclude,1.0,0.2,18,PTTP/pooled / PS.EAST.3,0.913656123481761,0.5282,231.2,1,0.38545612348176095,0.38545612348176095,1264.0,1853.0,3117.0,0.4055181264035932,7.142827401161621,5.467128027681661,1.3111881602048459
76,exclude,1.0,0.2,19,JPTP / LL.WEST.1,0.794787424424303,0.5,1.0,0,0.29478742442430295,0.29478742442430295,5.0,54.0,59.0,0.0847457627118644,1.791759469228055,5.0,2.584962500721156
76,exclude,1.0,0.2,20,JPTP / LL.EAST.1/LL.ALL.2/LL.OS.2/LL.ARCH.3/LL.WEST.3/LL.EAST.3/LL.OS.3/LL.ALL.5,0.187987439407499,0.5,1.0,0,-0.312012560592501,0.312012560592501,0.0,10.0,10.0,0.0,0.0,0.0,0.0
76,exclude,1.0,0.2,23,JPTP / PS.JP.1/PL.JP.1,0.989999998609569,0.5,1.0,0,0.489999998609569,0.489999998609569,285.0,87.0,372.0,0.7661290322580645,5.655991810819852,285.0,8.159871336778389
76,exclude,1.0,0.2,29,JPTP / PS.WEST.3,0.205763108176875,0.5,1.0,0,-0.294236891823125,0.294236891823125,18.0,0.0,18.0,1.0,2.9444389791664403,18.0,4.247927513443585
78,include,0.0,0.15,1,RTTP/PTTP/pooled / LL.WEST.1/LL.EAST.1/LL.ALL.2/LL.OS.2/LL.ARCH.3/LL.WEST.3/LL.EAST.3/LL.OS.3/LL.ALL.5,0.231593255690585,0.5,1.0,0,-0.268406744309415,0.268406744309415,189.0,225.0,414.0,0.45652173913043476,5.247024072160486,189.0,7.569855608330948
78,include,0.0,0.15,6,RTTP / PHID.2/PL.ALL.2,0.376053630065406,0.5,1.0,0,-0.12394636993459401,0.12394636993459401,46.0,1.0,47.0,0.9787234042553191,3.8501476017100584,46.0,5.554588851677638
78,include,0.0,0.15,7,RTTP / PS.2,0.511170222917859,0.4962,354.5,1,0.014970222917858989,0.014970222917858989,320.0,2.0,322.0,0.9937888198757764,5.771441123130016,0.9026798307475318,0.9826196156854129
78,include,0.0,0.15,10,RTTP / PS.WEST.3,0.584205440064137,0.5121,739.2,1,0.072105440064137,0.072105440064137,212.0,86.0,298.0,0.7114093959731543,5.3612921657094255,0.28679653679653677,0.8114661332258533
78,include,0.0,0.15,13,PTTP/pooled / PHID.2/PL.ALL.2,0.743210995486916,0.5,1.0,0,0.24321099548691605,0.24321099548691605,120.0,9.0,129.0,0.9302325581395349,4.795790545596741,120.0,6.9188632372745955
78,include,0.0,0.15,14,PTTP/pooled / PS.2,0.501228008677665,0.4962,354.5,1,0.005028008677665063,0.005028008677665063,5.0,1.0,6.0,0.8333333333333334,1.791759469228055,0.014104372355430184,0.3050569110022798
78,include,0.0,0.15,17,PTTP/pooled / PS.WEST.3,0.766117819406061,0.5121,739.2,1,0.25401781940606105,0.25401781940606105,1944.0,1523.0,3467.0,0.5607153158350159,7.573017256052546,2.6298701298701297,1.1462249845151762
78,include,0.0,0.15,18,PTTP/pooled / PS.EAST.3,0.781484550634366,0.5282,231.2,1,0.25328455063436595,0.25328455063436595,1693.0,1424.0,3117.0,0.5431504651908887,7.434847875211999,7.322664359861592,1.364793513744537
78,include,0.0,0.15,19,JPTP / LL.WEST.1,0.989999986203005,0.5,1.0,0,0.489999986203005,0.489999986203005,16.0,43.0,59.0,0.2711864406779661,2.833213344056216,16.0,4.08746284125034
78,include,0.0,0.15,20,JPTP / LL.EAST.1/LL.ALL.2/LL.OS.2/LL.ARCH.3/LL.WEST.3/LL.EAST.3/LL.OS.3/LL.ALL.5,0.189231558694948,0.5,1.0,0,-0.310768441305052,0.310768441305052,0.0,10.0,10.0,0.0,0.0,0.0,0.0
78,include,0.0,0.15,23,JPTP / PS.JP.1/PL.JP.1,0.989999997141333,0.5,1.0,0,0.489999997141333,0.489999997141333,327.0,45.0,372.0,0.8790322580645161,5.793013608384144,327.0,8.357552004618084
78,include,0.0,0.15,29,JPTP / PS.WEST.3,0.131648122332628,0.5,1.0,0,-0.368351877667372,0.368351877667372,18.0,0.0,18.0,1.0,2.9444389791664403,18.0,4.247927513443585
79,exclude,1.0,0.2,1,RTTP/PTTP/pooled / LL.WEST.1/LL.EAST.1/LL.ALL.2/LL.OS.2/LL.ARCH.3/LL.WEST.3/LL.EAST.3/LL.OS.3/LL.ALL.5,0.235530485202009,0.5,1.0,0,-0.26446951479799097,0.26446951479799097,162.0,252.0,414.0,0.391304347826087,5.093750200806762,162.0,7.348728154231078
79,exclude,1.0,0.2,6,RTTP / PHID.2/PL.ALL.2,0.717207299445821,0.5,1.0,0,0.21720729944582096,0.21720729944582096,45.0,2.0,47.0,0.9574468085106383,3.828641396489095,45.0,5.523561956057013
79,exclude,1.0,0.2,7,RTTP / PS.2,0.657916870655425,0.4962,354.5,1,0.16171687065542506,0.16171687065542506,320.0,2.0,322.0,0.9937888198757764,5.771441123130016,0.9026798307475318,0.9826196156854129
79,exclude,1.0,0.2,10,RTTP / PS.WEST.3,0.578519577765111,0.5121,739.2,1,0.06641957776511098,0.06641957776511098,175.0,123.0,298.0,0.587248322147651,5.170483995038151,0.23674242424242423,0.7825860864653296
79,exclude,1.0,0.2,13,PTTP/pooled / PHID.2/PL.ALL.2,0.502872291204202,0.5,1.0,0,0.00287229120420196,0.00287229120420196,116.0,13.0,129.0,0.8992248062015504,4.762173934797756,116.0,6.870364719583405
79,exclude,1.0,0.2,14,PTTP/pooled / PS.2,0.500095152330989,0.4962,354.5,1,0.003895152330989027,0.003895152330989027,5.0,1.0,6.0,0.8333333333333334,1.791759469228055,0.014104372355430184,0.3050569110022798
79,exclude,1.0,0.2,17,PTTP/pooled / PS.WEST.3,0.739527223569066,0.5121,739.2,1,0.22742722356906597,0.22742722356906597,1210.0,2257.0,3467.0,0.3490049033746755,7.099201743553092,1.6369047619047619,1.0745099520367174
79,exclude,1.0,0.2,18,PTTP/pooled / PS.EAST.3,0.843854999227926,0.5282,231.2,1,0.31565499922792595,0.31565499922792595,1264.0,1853.0,3117.0,0.4055181264035932,7.142827401161621,5.467128027681661,1.3111881602048459
79,exclude,1.0,0.2,19,JPTP / LL.WEST.1,0.989999994806446,0.5,1.0,0,0.48999999480644596,0.48999999480644596,5.0,54.0,59.0,0.0847457627118644,1.791759469228055,5.0,2.584962500721156
79,exclude,1.0,0.2,20,JPTP / LL.EAST.1/LL.ALL.2/LL.OS.2/LL.ARCH.3/LL.WEST.3/LL.EAST.3/LL.OS.3/LL.ALL.5,0.34844755002604,0.5,1.0,0,-0.15155244997396,0.15155244997396,0.0,10.0,10.0,0.0,0.0,0.0,0.0
79,exclude,1.0,0.2,23,JPTP / PS.JP.1/PL.JP.1,0.989999998847498,0.5,1.0,0,0.489999998847498,0.489999998847498,285.0,87.0,372.0,0.7661290322580645,5.655991810819852,285.0,8.159871336778389
79,exclude,1.0,0.2,29,JPTP / PS.WEST.3,0.194227979166818,0.5,1.0,0,-0.305772020833182,0.305772020833182,18.0,0.0,18.0,1.0,2.9444389791664403,18.0,4.247927513443585
80,include,0.0,0.35,1,RTTP/PTTP/pooled / LL.WEST.1/LL.EAST.1/LL.ALL.2/LL.OS.2/LL.ARCH.3/LL.WEST.3/LL.EAST.3/LL.OS.3/LL.ALL.5,0.275629958033951,0.5,1.0,0,-0.22437004196604898,0.22437004196604898,91.0,323.0,414.0,0.21980676328502416,4.5217885770490405,91.0,6.523561956057013
80,include,0.0,0.35,6,RTTP / PHID.2/PL.ALL.2,0.430059875343587,0.5,1.0,0,-0.06994012465641303,0.06994012465641303,45.0,2.0,47.0,0.9574468085106383,3.828641396489095,45.0,5.523561956057013
80,include,0.0,0.35,7,RTTP / PS.2,0.536933608892982,0.4962,354.5,1,0.040733608892982054,0.040733608892982054,320.0,2.0,322.0,0.9937888198757764,5.771441123130016,0.9026798307475318,0.9826196156854129
80,include,0.0,0.35,10,RTTP / PS.WEST.3,0.574416543019035,0.5121,739.2,1,0.062316543019035,0.062316543019035,121.0,177.0,298.0,0.40604026845637586,4.804021044733257,0.1636904761904762,0.7271195563708814
80,include,0.0,0.35,13,PTTP/pooled / PHID.2/PL.ALL.2,0.737065155264521,0.5,1.0,0,0.237065155264521,0.237065155264521,114.0,15.0,129.0,0.8837209302325582,4.74493212836325,114.0,6.845490050944376
80,include,0.0,0.35,14,PTTP/pooled / PS.2,0.505658284648588,0.4962,354.5,1,0.009458284648588,0.009458284648588,3.0,3.0,6.0,0.5,1.3862943611198906,0.00846262341325811,0.2360242447750593
80,include,0.0,0.35,17,PTTP/pooled / PS.WEST.3,0.768084405218613,0.5121,739.2,1,0.255984405218613,0.255984405218613,452.0,3015.0,3467.0,0.13037207960773003,6.115892125483034,0.6114718614718614,0.9256797020006207
80,include,0.0,0.35,18,PTTP/pooled / PS.EAST.3,0.834176521798447,0.5282,231.2,1,0.30597652179844703,0.30597652179844703,444.0,2673.0,3117.0,0.1424446583253128,6.09807428216624,1.920415224913495,1.1194058528595712
80,include,0.0,0.35,19,JPTP / LL.WEST.1,0.625144885306832,0.5,1.0,0,0.125144885306832,0.125144885306832,1.0,58.0,59.0,0.01694915254237288,0.6931471805599453,1.0,1.0
80,include,0.0,0.35,20,JPTP / LL.EAST.1/LL.ALL.2/LL.OS.2/LL.ARCH.3/LL.WEST.3/LL.EAST.3/LL.OS.3/LL.ALL.5,0.157397443625507,0.5,1.0,0,-0.342602556374493,0.342602556374493,0.0,10.0,10.0,0.0,0.0,0.0,0.0
80,include,0.0,0.35,23,JPTP / PS.JP.1/PL.JP.1,0.989999998868234,0.5,1.0,0,0.489999998868234,0.489999998868234,206.0,166.0,372.0,0.553763440860215,5.332718793265369,206.0,7.693486957499325
80,include,0.0,0.35,29,JPTP / PS.WEST.3,0.142364509079212,0.5,1.0,0,-0.357635490920788,0.357635490920788,18.0,0.0,18.0,1.0,2.9444389791664403,18.0,4.247927513443585
81,exclude,1.0,0.25,1,RTTP/PTTP/pooled / LL.WEST.1/LL.EAST.1/LL.ALL.2/LL.OS.2/LL.ARCH.3/LL.WEST.3/LL.EAST.3/LL.OS.3/LL.ALL.5,0.211793763244857,0.5,1.0,0,-0.288206236755143,0.288206236755143,132.0,282.0,414.0,0.3188405797101449,4.890349128221754,132.0,7.05528243550119
81,exclude,1.0,0.25,6,RTTP / PHID.2/PL.ALL.2,0.612171942320979,0.5,1.0,0,0.11217194232097905,0.11217194232097905,45.0,2.0,47.0,0.9574468085106383,3.828641396489095,45.0,5.523561956057013
81,exclude,1.0,0.25,7,RTTP / PS.2,0.664621999016086,0.4962,354.5,1,0.168421999016086,0.168421999016086,320.0,2.0,322.0,0.9937888198757764,5.771441123130016,0.9026798307475318,0.9826196156854129
81,exclude,1.0,0.25,10,RTTP / PS.WEST.3,0.567578788874055,0.5121,739.2,1,0.055478788874054996,0.055478788874054996,175.0,123.0,298.0,0.587248322147651,5.170483995038151,0.23674242424242423,0.7825860864653296
81,exclude,1.0,0.25,13,PTTP/pooled / PHID.2/PL.ALL.2,0.465725706414265,0.5,1.0,0,-0.03427429358573503,0.03427429358573503,115.0,14.0,129.0,0.8914728682170543,4.7535901911063645,115.0,6.857980995127572
81,exclude,1.0,0.25,14,PTTP/pooled / PS.2,0.501655616459444,0.4962,354.5,1,0.005455616459444035,0.005455616459444035,4.0,2.0,6.0,0.6666666666666666,1.6094379124341003,0.011283497884344146,0.2740156625088909
81,exclude,1.0,0.25,17,PTTP/pooled / PS.WEST.3,0.716155128693267,0.5121,739.2,1,0.20405512869326703,0.20405512869326703,758.0,2709.0,3467.0,0.21863282376694548,6.63200177739563,1.0254329004329004,1.0037962251471702
81,exclude,1.0,0.25,18,PTTP/pooled / PS.EAST.3,0.801486493737247,0.5282,231.2,1,0.273286493737247,0.273286493737247,1010.0,2107.0,3117.0,0.32402951555983317,6.918695219020472,4.368512110726644,1.2700448639946422
81,exclude,1.0,0.25,19,JPTP / LL.WEST.1,0.989999959990895,0.5,1.0,0,0.48999995999089496,0.48999995999089496,1.0,58.0,59.0,0.01694915254237288,0.6931471805599453,1.0,1.0
81,exclude,1.0,0.25,20,JPTP / LL.EAST.1/LL.ALL.2/LL.OS.2/LL.ARCH.3/LL.WEST.3/LL.EAST.3/LL.OS.3/LL.ALL.5,0.224211113678731,0.5,1.0,0,-0.27578888632126897,0.27578888632126897,0.0,10.0,10.0,0.0,0.0,0.0,0.0
81,exclude,1.0,0.25,23,JPTP / PS.JP.1/PL.JP.1,0.989999998987946,0.5,1.0,0,0.489999998987946,0.489999998987946,206.0,166.0,372.0,0.553763440860215,5.332718793265369,206.0,7.693486957499325
81,exclude,1.0,0.25,29,JPTP / PS.WEST.3,0.167534478872713,0.5,1.0,0,-0.332465521127287,0.332465521127287,18.0,0.0,18.0,1.0,2.9444389791664403,18.0,4.247927513443585
82,exclude,1.0,0.25,1,RTTP/PTTP/pooled / LL.WEST.1/LL.EAST.1/LL.ALL.2/LL.OS.2/LL.ARCH.3/LL.WEST.3/LL.EAST.3/LL.OS.3/LL.ALL.5,0.351182383863148,0.5,1.0,0,-0.14881761613685202,0.14881761613685202,132.0,282.0,414.0,0.3188405797101449,4.890349128221754,132.0,7.05528243550119
82,exclude,1.0,0.25,6,RTTP / PHID.2/PL.ALL.2,0.776292323328878,0.5,1.0,0,0.276292323328878,0.276292323328878,45.0,2.0,47.0,0.9574468085106383,3.828641396489095,45.0,5.523561956057013
82,exclude,1.0,0.25,7,RTTP / PS.2,0.657854798544353,0.4962,354.5,1,0.16165479854435305,0.16165479854435305,320.0,2.0,322.0,0.9937888198757764,5.771441123130016,0.9026798307475318,0.9826196156854129
82,exclude,1.0,0.25,10,RTTP / PS.WEST.3,0.592300652874682,0.5121,739.2,1,0.08020065287468203,0.08020065287468203,175.0,123.0,298.0,0.587248322147651,5.170483995038151,0.23674242424242423,0.7825860864653296
82,exclude,1.0,0.25,13,PTTP/pooled / PHID.2/PL.ALL.2,0.642976950290279,0.5,1.0,0,0.14297695029027901,0.14297695029027901,115.0,14.0,129.0,0.8914728682170543,4.7535901911063645,115.0,6.857980995127572
82,exclude,1.0,0.25,14,PTTP/pooled / PS.2,0.506180038116866,0.4962,354.5,1,0.009980038116865986,0.009980038116865986,4.0,2.0,6.0,0.6666666666666666,1.6094379124341003,0.011283497884344146,0.2740156625088909
82,exclude,1.0,0.25,17,PTTP/pooled / PS.WEST.3,0.804558993060846,0.5121,739.2,1,0.292458993060846,0.292458993060846,758.0,2709.0,3467.0,0.21863282376694548,6.63200177739563,1.0254329004329004,1.0037962251471702
82,exclude,1.0,0.25,18,PTTP/pooled / PS.EAST.3,0.920162510262381,0.5282,231.2,1,0.39196251026238105,0.39196251026238105,1010.0,2107.0,3117.0,0.32402951555983317,6.918695219020472,4.368512110726644,1.2700448639946422
82,exclude,1.0,0.25,19,JPTP / LL.WEST.1,0.821278883073815,0.5,1.0,0,0.321278883073815,0.321278883073815,1.0,58.0,59.0,0.01694915254237288,0.6931471805599453,1.0,1.0
82,exclude,1.0,0.25,20,JPTP / LL.EAST.1/LL.ALL.2/LL.OS.2/LL.ARCH.3/LL.WEST.3/LL.EAST.3/LL.OS.3/LL.ALL.5,0.191315442238636,0.5,1.0,0,-0.308684557761364,0.308684557761364,0.0,10.0,10.0,0.0,0.0,0.0,0.0
82,exclude,1.0,0.25,23,JPTP / PS.JP.1/PL.JP.1,0.989999999042811,0.5,1.0,0,0.489999999042811,0.489999999042811,206.0,166.0,372.0,0.553763440860215,5.332718793265369,206.0,7.693486957499325
82,exclude,1.0,0.25,29,JPTP / PS.WEST.3,0.212985568049299,0.5,1.0,0,-0.287014431950701,0.287014431950701,18.0,0.0,18.0,1.0,2.9444389791664403,18.0,4.247927513443585
84,exclude,1.0,0.3,1,RTTP/PTTP/pooled / LL.WEST.1/LL.EAST.1/LL.ALL.2/LL.OS.2/LL.ARCH.3/LL.WEST.3/LL.EAST.3/LL.OS.3/LL.ALL.5,0.249966890548552,0.5,1.0,0,-0.25003310945144797,0.25003310945144797,91.0,323.0,414.0,0.21980676328502416,4.5217885770490405,91.0,6.523561956057013
84,exclude,1.0,0.3,6,RTTP / PHID.2/PL.ALL.2,0.608949682905673,0.5,1.0,0,0.10894968290567297,0.10894968290567297,45.0,2.0,47.0,0.9574468085106383,3.828641396489095,45.0,5.523561956057013
84,exclude,1.0,0.3,7,RTTP / PS.2,0.674323442559521,0.4962,354.5,1,0.17812344255952106,0.17812344255952106,320.0,2.0,322.0,0.9937888198757764,5.771441123130016,0.9026798307475318,0.9826196156854129
84,exclude,1.0,0.3,10,RTTP / PS.WEST.3,0.548846377551133,0.5121,739.2,1,0.03674637755113297,0.03674637755113297,121.0,177.0,298.0,0.40604026845637586,4.804021044733257,0.1636904761904762,0.7271195563708814
84,exclude,1.0,0.3,13,PTTP/pooled / PHID.2/PL.ALL.2,0.527798908314821,0.5,1.0,0,0.027798908314821014,0.027798908314821014,114.0,15.0,129.0,0.8837209302325582,4.74493212836325,114.0,6.845490050944376
84,exclude,1.0,0.3,14,PTTP/pooled / PS.2,0.5043442836839,0.4962,354.5,1,0.008144283683900078,0.008144283683900078,3.0,3.0,6.0,0.5,1.3862943611198906,0.00846262341325811,0.2360242447750593
84,exclude,1.0,0.3,17,PTTP/pooled / PS.WEST.3,0.727334205499593,0.5121,739.2,1,0.21523420549959305,0.21523420549959305,458.0,3009.0,3467.0,0.1321026824343813,6.129050210060545,0.6195887445887446,0.92767126293085
84,exclude,1.0,0.3,18,PTTP/pooled / PS.EAST.3,0.794957622153273,0.5282,231.2,1,0.26675762215327303,0.26675762215327303,477.0,2640.0,3117.0,0.1530317613089509,6.169610732491456,2.063148788927336,1.1325375920745284
84,exclude,1.0,0.3,19,JPTP / LL.WEST.1,0.543280434843453,0.5,1.0,0,0.04328043484345301,0.04328043484345301,1.0,58.0,59.0,0.01694915254237288,0.6931471805599453,1.0,1.0
84,exclude,1.0,0.3,20,JPTP / LL.EAST.1/LL.ALL.2/LL.OS.2/LL.ARCH.3/LL.WEST.3/LL.EAST.3/LL.OS.3/LL.ALL.5,0.133603769639262,0.5,1.0,0,-0.366396230360738,0.366396230360738,0.0,10.0,10.0,0.0,0.0,0.0,0.0
84,exclude,1.0,0.3,23,JPTP / PS.JP.1/PL.JP.1,0.989999998653833,0.5,1.0,0,0.48999999865383304,0.48999999865383304,206.0,166.0,372.0,0.553763440860215,5.332718793265369,206.0,7.693486957499325
84,exclude,1.0,0.3,29,JPTP / PS.WEST.3,0.133062306779716,0.5,1.0,0,-0.366937693220284,0.366937693220284,18.0,0.0,18.0,1.0,2.9444389791664403,18.0,4.247927513443585
85,exclude,1.0,0.3,1,RTTP/PTTP/pooled / LL.WEST.1/LL.EAST.1/LL.ALL.2/LL.OS.2/LL.ARCH.3/LL.WEST.3/LL.EAST.3/LL.OS.3/LL.ALL.5,0.419588087877076,0.5,1.0,0,-0.08041191212292398,0.08041191212292398,91.0,323.0,414.0,0.21980676328502416,4.5217885770490405,91.0,6.523561956057013
85,exclude,1.0,0.3,6,RTTP / PHID.2/PL.ALL.2,0.807420434224571,0.5,1.0,0,0.307420434224571,0.307420434224571,45.0,2.0,47.0,0.9574468085106383,3.828641396489095,45.0,5.523561956057013
85,exclude,1.0,0.3,7,RTTP / PS.2,0.665574335829916,0.4962,354.5,1,0.169374335829916,0.169374335829916,320.0,2.0,322.0,0.9937888198757764,5.771441123130016,0.9026798307475318,0.9826196156854129
85,exclude,1.0,0.3,10,RTTP / PS.WEST.3,0.578043152818874,0.5121,739.2,1,0.06594315281887397,0.06594315281887397,121.0,177.0,298.0,0.40604026845637586,4.804021044733257,0.1636904761904762,0.7271195563708814
85,exclude,1.0,0.3,13,PTTP/pooled / PHID.2/PL.ALL.2,0.730792569300524,0.5,1.0,0,0.23079256930052405,0.23079256930052405,114.0,15.0,129.0,0.8837209302325582,4.74493212836325,114.0,6.845490050944376
85,exclude,1.0,0.3,14,PTTP/pooled / PS.2,0.509835074198365,0.4962,354.5,1,0.013635074198365071,0.013635074198365071,3.0,3.0,6.0,0.5,1.3862943611198906,0.00846262341325811,0.2360242447750593
85,exclude,1.0,0.3,17,PTTP/pooled / PS.WEST.3,0.812326748223503,0.5121,739.2,1,0.30022674822350304,0.30022674822350304,458.0,3009.0,3467.0,0.1321026824343813,6.129050210060545,0.6195887445887446,0.92767126293085
85,exclude,1.0,0.3,18,PTTP/pooled / PS.EAST.3,0.93999603229404,0.5282,231.2,1,0.41179603229404005,0.41179603229404005,477.0,2640.0,3117.0,0.1530317613089509,6.169610732491456,2.063148788927336,1.1325375920745284
85,exclude,1.0,0.3,19,JPTP / LL.WEST.1,0.989999273062261,0.5,1.0,0,0.489999273062261,0.489999273062261,1.0,58.0,59.0,0.01694915254237288,0.6931471805599453,1.0,1.0
85,exclude,1.0,0.3,20,JPTP / LL.EAST.1/LL.ALL.2/LL.OS.2/LL.ARCH.3/LL.WEST.3/LL.EAST.3/LL.OS.3/LL.ALL.5,0.233240983882185,0.5,1.0,0,-0.266759016117815,0.266759016117815,0.0,10.0,10.0,0.0,0.0,0.0,0.0
85,exclude,1.0,0.3,23,JPTP / PS.JP.1/PL.JP.1,0.9899999990987,0.5,1.0,0,0.48999999909869996,0.48999999909869996,206.0,166.0,372.0,0.553763440860215,5.332718793265369,206.0,7.693486957499325
85,exclude,1.0,0.3,29,JPTP / PS.WEST.3,0.166507024186733,0.5,1.0,0,-0.333492975813267,0.333492975813267,18.0,0.0,18.0,1.0,2.9444389791664403,18.0,4.247927513443585
86,include,0.0,0.1,1,RTTP/PTTP/pooled / LL.WEST.1/LL.EAST.1/LL.ALL.2/LL.OS.2/LL.ARCH.3/LL.WEST.3/LL.EAST.3/LL.OS.3/LL.ALL.5,0.467124074036865,0.5,1.0,0,-0.03287592596313499,0.03287592596313499,230.0,184.0,414.0,0.5555555555555556,5.442417710521793,230.0,7.851749041416057
86,include,0.0,0.1,6,RTTP / PHID.2/PL.ALL.2,0.989998107285285,0.5,1.0,0,0.48999810728528503,0.48999810728528503,46.0,1.0,47.0,0.9787234042553191,3.8501476017100584,46.0,5.554588851677638
86,include,0.0,0.1,7,RTTP / PS.2,0.545527739805698,0.4962,354.5,1,0.049327739805698045,0.049327739805698045,320.0,2.0,322.0,0.9937888198757764,5.771441123130016,0.9026798307475318,0.9826196156854129
86,include,0.0,0.1,10,RTTP / PS.WEST.3,0.630796868460642,0.5121,739.2,1,0.11869686846064198,0.11869686846064198,254.0,44.0,298.0,0.8523489932885906,5.541263545158426,0.3436147186147186,0.838705961770709
86,include,0.0,0.1,13,PTTP/pooled / PHID.2/PL.ALL.2,0.989999993523282,0.5,1.0,0,0.48999999352328205,0.48999999352328205,122.0,7.0,129.0,0.9457364341085271,4.812184355372417,122.0,6.94251450533924
86,include,0.0,0.1,14,PTTP/pooled / PS.2,0.508664109060586,0.4962,354.5,1,0.012464109060586037,0.012464109060586037,5.0,1.0,6.0,0.8333333333333334,1.791759469228055,0.014104372355430184,0.3050569110022798
86,include,0.0,0.1,17,PTTP/pooled / PS.WEST.3,0.939007122631401,0.5121,739.2,1,0.42690712263140096,0.42690712263140096,2430.0,1037.0,3467.0,0.7008941447937699,7.796057974316123,3.287337662337662,1.1799836351551962
86,include,0.0,0.1,18,PTTP/pooled / PS.EAST.3,0.989999996756227,0.5282,231.2,1,0.46179999675622696,0.46179999675622696,2214.0,903.0,3117.0,0.710298363811357,7.703007682479236,9.576124567474048,1.41401883371719
86,include,0.0,0.1,19,JPTP / LL.WEST.1,0.989999995686073,0.5,1.0,0,0.489999995686073,0.489999995686073,16.0,43.0,59.0,0.2711864406779661,2.833213344056216,16.0,4.08746284125034
86,include,0.0,0.1,20,JPTP / LL.EAST.1/LL.ALL.2/LL.OS.2/LL.ARCH.3/LL.WEST.3/LL.EAST.3/LL.OS.3/LL.ALL.5,0.494696334573255,0.5,1.0,0,-0.005303665426744986,0.005303665426744986,0.0,10.0,10.0,0.0,0.0,0.0,0.0
86,include,0.0,0.1,23,JPTP / PS.JP.1/PL.JP.1,0.989999998098886,0.5,1.0,0,0.48999999809888595,0.48999999809888595,327.0,45.0,372.0,0.8790322580645161,5.793013608384144,327.0,8.357552004618084
86,include,0.0,0.1,29,JPTP / PS.WEST.3,0.148670006374808,0.5,1.0,0,-0.351329993625192,0.351329993625192,18.0,0.0,18.0,1.0,2.9444389791664403,18.0,4.247927513443585
87,exclude,1.0,0.05,1,RTTP/PTTP/pooled / LL.WEST.1/LL.EAST.1/LL.ALL.2/LL.OS.2/LL.ARCH.3/LL.WEST.3/LL.EAST.3/LL.OS.3/LL.ALL.5,0.297301532940765,0.5,1.0,0,-0.202698467059235,0.202698467059235,240.0,174.0,414.0,0.5797101449275363,5.484796933490655,240.0,7.912889336229962
87,exclude,1.0,0.05,6,RTTP / PHID.2/PL.ALL.2,0.841911264706249,0.5,1.0,0,0.341911264706249,0.341911264706249,46.0,1.0,47.0,0.9787234042553191,3.8501476017100584,46.0,5.554588851677638
87,exclude,1.0,0.05,7,RTTP / PS.2,0.674753686629043,0.4962,354.5,1,0.17855368662904303,0.17855368662904303,320.0,2.0,322.0,0.9937888198757764,5.771441123130016,0.9026798307475318,0.9826196156854129
87,exclude,1.0,0.05,10,RTTP / PS.WEST.3,0.619573456530893,0.5121,739.2,1,0.10747345653089302,0.10747345653089302,254.0,44.0,298.0,0.8523489932885906,5.541263545158426,0.3436147186147186,0.838705961770709
87,exclude,1.0,0.05,13,PTTP/pooled / PHID.2/PL.ALL.2,0.757450165097279,0.5,1.0,0,0.257450165097279,0.257450165097279,123.0,6.0,129.0,0.9534883720930233,4.820281565605037,123.0,6.954196310386876
87,exclude,1.0,0.05,14,PTTP/pooled / PS.2,0.498910989104023,0.4962,354.5,1,0.0027109891040230094,0.0027109891040230094,5.0,1.0,6.0,0.8333333333333334,1.791759469228055,0.014104372355430184,0.3050569110022798
87,exclude,1.0,0.05,17,PTTP/pooled / PS.WEST.3,0.869853180692202,0.5121,739.2,1,0.35775318069220197,0.35775318069220197,2694.0,773.0,3467.0,0.7770406691664263,7.899153483343097,3.644480519480519,1.1955878050973132
87,exclude,1.0,0.05,18,PTTP/pooled / PS.EAST.3,0.949775897739664,0.5282,231.2,1,0.421575897739664,0.421575897739664,2500.0,617.0,3117.0,0.8020532563362207,7.824445930877619,10.813148788927336,1.436310901627172
87,exclude,1.0,0.05,19,JPTP / LL.WEST.1,0.989999993188795,0.5,1.0,0,0.48999999318879495,0.48999999318879495,16.0,43.0,59.0,0.2711864406779661,2.833213344056216,16.0,4.08746284125034
87,exclude,1.0,0.05,20,JPTP / LL.EAST.1/LL.ALL.2/LL.OS.2/LL.ARCH.3/LL.WEST.3/LL.EAST.3/LL.OS.3/LL.ALL.5,0.260772576279434,0.5,1.0,0,-0.239227423720566,0.239227423720566,0.0,10.0,10.0,0.0,0.0,0.0,0.0
87,exclude,1.0,0.05,23,JPTP / PS.JP.1/PL.JP.1,0.989999998229446,0.5,1.0,0,0.48999999822944595,0.48999999822944595,327.0,45.0,372.0,0.8790322580645161,5.793013608384144,327.0,8.357552004618084
87,exclude,1.0,0.05,29,JPTP / PS.WEST.3,0.379429348903829,0.5,1.0,0,-0.12057065109617099,0.12057065109617099,18.0,0.0,18.0,1.0,2.9444389791664403,18.0,4.247927513443585
88,exclude,1.0,0.2,1,RTTP/PTTP/pooled / LL.WEST.1/LL.EAST.1/LL.ALL.2/LL.OS.2/LL.ARCH.3/LL.WEST.3/LL.EAST.3/LL.OS.3/LL.ALL.5,0.247779347207303,0.5,1.0,0,-0.252220652792697,0.252220652792697,162.0,252.0,414.0,0.391304347826087,5.093750200806762,162.0,7.348728154231078
88,exclude,1.0,0.2,6,RTTP / PHID.2/PL.ALL.2,0.695739030592482,0.5,1.0,0,0.195739030592482,0.195739030592482,45.0,2.0,47.0,0.9574468085106383,3.828641396489095,45.0,5.523561956057013
88,exclude,1.0,0.2,7,RTTP / PS.2,0.673845153505299,0.4962,354.5,1,0.17764515350529908,0.17764515350529908,320.0,2.0,322.0,0.9937888198757764,5.771441123130016,0.9026798307475318,0.9826196156854129
88,exclude,1.0,0.2,10,RTTP / PS.WEST.3,0.587225561830779,0.5121,739.2,1,0.07512556183077901,0.07512556183077901,175.0,123.0,298.0,0.587248322147651,5.170483995038151,0.23674242424242423,0.7825860864653296
88,exclude,1.0,0.2,13,PTTP/pooled / PHID.2/PL.ALL.2,0.571961004040977,0.5,1.0,0,0.07196100404097705,0.07196100404097705,116.0,13.0,129.0,0.8992248062015504,4.762173934797756,116.0,6.870364719583405
88,exclude,1.0,0.2,14,PTTP/pooled / PS.2,0.500117403012337,0.4962,354.5,1,0.003917403012337006,0.003917403012337006,5.0,1.0,6.0,0.8333333333333334,1.791759469228055,0.014104372355430184,0.3050569110022798
88,exclude,1.0,0.2,17,PTTP/pooled / PS.WEST.3,0.774836910272042,0.5121,739.2,1,0.26273691027204205,0.26273691027204205,1210.0,2257.0,3467.0,0.3490049033746755,7.099201743553092,1.6369047619047619,1.0745099520367174
88,exclude,1.0,0.2,18,PTTP/pooled / PS.EAST.3,0.895760490968221,0.5282,231.2,1,0.36756049096822097,0.36756049096822097,1264.0,1853.0,3117.0,0.4055181264035932,7.142827401161621,5.467128027681661,1.3111881602048459
88,exclude,1.0,0.2,19,JPTP / LL.WEST.1,0.989991965913026,0.5,1.0,0,0.48999196591302596,0.48999196591302596,5.0,54.0,59.0,0.0847457627118644,1.791759469228055,5.0,2.584962500721156
88,exclude,1.0,0.2,20,JPTP / LL.EAST.1/LL.ALL.2/LL.OS.2/LL.ARCH.3/LL.WEST.3/LL.EAST.3/LL.OS.3/LL.ALL.5,0.182627381763684,0.5,1.0,0,-0.317372618236316,0.317372618236316,0.0,10.0,10.0,0.0,0.0,0.0,0.0
88,exclude,1.0,0.2,23,JPTP / PS.JP.1/PL.JP.1,0.989999998625272,0.5,1.0,0,0.489999998625272,0.489999998625272,285.0,87.0,372.0,0.7661290322580645,5.655991810819852,285.0,8.159871336778389
88,exclude,1.0,0.2,29,JPTP / PS.WEST.3,0.195175370356023,0.5,1.0,0,-0.304824629643977,0.304824629643977,18.0,0.0,18.0,1.0,2.9444389791664403,18.0,4.247927513443585
89,include,0.0,0.3,1,RTTP/PTTP/pooled / LL.WEST.1/LL.EAST.1/LL.ALL.2/LL.OS.2/LL.ARCH.3/LL.WEST.3/LL.EAST.3/LL.OS.3/LL.ALL.5,0.289979940095441,0.5,1.0,0,-0.21002005990455902,0.21002005990455902,91.0,323.0,414.0,0.21980676328502416,4.5217885770490405,91.0,6.523561956057013
89,include,0.0,0.3,6,RTTP / PHID.2/PL.ALL.2,0.412417476508028,0.5,1.0,0,-0.08758252349197199,0.08758252349197199,45.0,2.0,47.0,0.9574468085106383,3.828641396489095,45.0,5.523561956057013
89,include,0.0,0.3,7,RTTP / PS.2,0.532298571564864,0.4962,354.5,1,0.03609857156486407,0.03609857156486407,320.0,2.0,322.0,0.9937888198757764,5.771441123130016,0.9026798307475318,0.9826196156854129
89,include,0.0,0.3,10,RTTP / PS.WEST.3,0.570877338387035,0.5121,739.2,1,0.05877733838703503,0.05877733838703503,121.0,177.0,298.0,0.40604026845637586,4.804021044733257,0.1636904761904762,0.7271195563708814
89,include,0.0,0.3,13,PTTP/pooled / PHID.2/PL.ALL.2,0.488038664280757,0.5,1.0,0,-0.011961335719243016,0.011961335719243016,114.0,15.0,129.0,0.8837209302325582,4.74493212836325,114.0,6.845490050944376
89,include,0.0,0.3,14,PTTP/pooled / PS.2,0.50546065558939,0.4962,354.5,1,0.009260655589390043,0.009260655589390043,3.0,3.0,6.0,0.5,1.3862943611198906,0.00846262341325811,0.2360242447750593
89,include,0.0,0.3,17,PTTP/pooled / PS.WEST.3,0.745257355794324,0.5121,739.2,1,0.23315735579432395,0.23315735579432395,458.0,3009.0,3467.0,0.1321026824343813,6.129050210060545,0.6195887445887446,0.92767126293085
89,include,0.0,0.3,18,PTTP/pooled / PS.EAST.3,0.808391030864784,0.5282,231.2,1,0.28019103086478403,0.28019103086478403,477.0,2640.0,3117.0,0.1530317613089509,6.169610732491456,2.063148788927336,1.1325375920745284
89,include,0.0,0.3,19,JPTP / LL.WEST.1,0.694484534190816,0.5,1.0,0,0.19448453419081602,0.19448453419081602,1.0,58.0,59.0,0.01694915254237288,0.6931471805599453,1.0,1.0
89,include,0.0,0.3,20,JPTP / LL.EAST.1/LL.ALL.2/LL.OS.2/LL.ARCH.3/LL.WEST.3/LL.EAST.3/LL.OS.3/LL.ALL.5,0.170904610929596,0.5,1.0,0,-0.32909538907040403,0.32909538907040403,0.0,10.0,10.0,0.0,0.0,0.0,0.0
89,include,0.0,0.3,23,JPTP / PS.JP.1/PL.JP.1,0.989999998889224,0.5,1.0,0,0.48999999888922396,0.48999999888922396,206.0,166.0,372.0,0.553763440860215,5.332718793265369,206.0,7.693486957499325
89,include,0.0,0.3,29,JPTP / PS.WEST.3,0.13705085858245,0.5,1.0,0,-0.36294914141754997,0.36294914141754997,18.0,0.0,18.0,1.0,2.9444389791664403,18.0,4.247927513443585
90,exclude,1.0,0.15,1,RTTP/PTTP/pooled / LL.WEST.1/LL.EAST.1/LL.ALL.2/LL.OS.2/LL.ARCH.3/LL.WEST.3/LL.EAST.3/LL.OS.3/LL.ALL.5,0.28853396691258,0.5,1.0,0,-0.21146603308742,0.21146603308742,189.0,225.0,414.0,0.45652173913043476,5.247024072160486,189.0,7.569855608330948
90,exclude,1.0,0.15,6,RTTP / PHID.2/PL.ALL.2,0.846909387051009,0.5,1.0,0,0.34690938705100904,0.34690938705100904,46.0,1.0,47.0,0.9787234042553191,3.8501476017100584,46.0,5.554588851677638
90,exclude,1.0,0.15,7,RTTP / PS.2,0.676508186355729,0.4962,354.5,1,0.18030818635572898,0.18030818635572898,320.0,2.0,322.0,0.9937888198757764,5.771441123130016,0.9026798307475318,0.9826196156854129
90,exclude,1.0,0.15,10,RTTP / PS.WEST.3,0.612275172474367,0.5121,739.2,1,0.10017517247436702,0.10017517247436702,212.0,86.0,298.0,0.7114093959731543,5.3612921657094255,0.28679653679653677,0.8114661332258533
90,exclude,1.0,0.15,13,PTTP/pooled / PHID.2/PL.ALL.2,0.682685910412162,0.5,1.0,0,0.18268591041216198,0.18268591041216198,120.0,9.0,129.0,0.9302325581395349,4.795790545596741,120.0,6.9188632372745955
90,exclude,1.0,0.15,14,PTTP/pooled / PS.2,0.502609249965341,0.4962,354.5,1,0.00640924996534098,0.00640924996534098,5.0,1.0,6.0,0.8333333333333334,1.791759469228055,0.014104372355430184,0.3050569110022798
90,exclude,1.0,0.15,17,PTTP/pooled / PS.WEST.3,0.814817116654748,0.5121,739.2,1,0.302717116654748,0.302717116654748,1944.0,1523.0,3467.0,0.5607153158350159,7.573017256052546,2.6298701298701297,1.1462249845151762
90,exclude,1.0,0.15,18,PTTP/pooled / PS.EAST.3,0.910354501004328,0.5282,231.2,1,0.382154501004328,0.382154501004328,1693.0,1424.0,3117.0,0.5431504651908887,7.434847875211999,7.322664359861592,1.364793513744537
90,exclude,1.0,0.15,19,JPTP / LL.WEST.1,0.989999998370381,0.5,1.0,0,0.489999998370381,0.489999998370381,16.0,43.0,59.0,0.2711864406779661,2.833213344056216,16.0,4.08746284125034
90,exclude,1.0,0.15,20,JPTP / LL.EAST.1/LL.ALL.2/LL.OS.2/LL.ARCH.3/LL.WEST.3/LL.EAST.3/LL.OS.3/LL.ALL.5,0.386532883050735,0.5,1.0,0,-0.11346711694926498,0.11346711694926498,0.0,10.0,10.0,0.0,0.0,0.0,0.0
90,exclude,1.0,0.15,23,JPTP / PS.JP.1/PL.JP.1,0.989999998247982,0.5,1.0,0,0.489999998247982,0.489999998247982,327.0,45.0,372.0,0.8790322580645161,5.793013608384144,327.0,8.357552004618084
90,exclude,1.0,0.15,29,JPTP / PS.WEST.3,0.350742064497154,0.5,1.0,0,-0.149257935502846,0.149257935502846,18.0,0.0,18.0,1.0,2.9444389791664403,18.0,4.247927513443585
91,exclude,1.0,0.15,1,RTTP/PTTP/pooled / LL.WEST.1/LL.EAST.1/LL.ALL.2/LL.OS.2/LL.ARCH.3/LL.WEST.3/LL.EAST.3/LL.OS.3/LL.ALL.5,0.337995693598882,0.5,1.0,0,-0.16200430640111801,0.16200430640111801,189.0,225.0,414.0,0.45652173913043476,5.247024072160486,189.0,7.569855608330948
91,exclude,1.0,0.15,6,RTTP / PHID.2/PL.ALL.2,0.84803477970198,0.5,1.0,0,0.34803477970198005,0.34803477970198005,46.0,1.0,47.0,0.9787234042553191,3.8501476017100584,46.0,5.554588851677638
91,exclude,1.0,0.15,7,RTTP / PS.2,0.67591879199105,0.4962,354.5,1,0.17971879199105,0.17971879199105,320.0,2.0,322.0,0.9937888198757764,5.771441123130016,0.9026798307475318,0.9826196156854129
91,exclude,1.0,0.15,10,RTTP / PS.WEST.3,0.617376519965215,0.5121,739.2,1,0.10527651996521503,0.10527651996521503,212.0,86.0,298.0,0.7114093959731543,5.3612921657094255,0.28679653679653677,0.8114661332258533
91,exclude,1.0,0.15,13,PTTP/pooled / PHID.2/PL.ALL.2,0.736086000235331,0.5,1.0,0,0.236086000235331,0.236086000235331,120.0,9.0,129.0,0.9302325581395349,4.795790545596741,120.0,6.9188632372745955
91,exclude,1.0,0.15,14,PTTP/pooled / PS.2,0.505539032976752,0.4962,354.5,1,0.009339032976751982,0.009339032976751982,5.0,1.0,6.0,0.8333333333333334,1.791759469228055,0.014104372355430184,0.3050569110022798
91,exclude,1.0,0.15,17,PTTP/pooled / PS.WEST.3,0.838951425258683,0.5121,739.2,1,0.32685142525868305,0.32685142525868305,1944.0,1523.0,3467.0,0.5607153158350159,7.573017256052546,2.6298701298701297,1.1462249845151762
91,exclude,1.0,0.15,18,PTTP/pooled / PS.EAST.3,0.945127879037456,0.5282,231.2,1,0.416927879037456,0.416927879037456,1693.0,1424.0,3117.0,0.5431504651908887,7.434847875211999,7.322664359861592,1.364793513744537
91,exclude,1.0,0.15,19,JPTP / LL.WEST.1,0.947914254581941,0.5,1.0,0,0.447914254581941,0.447914254581941,16.0,43.0,59.0,0.2711864406779661,2.833213344056216,16.0,4.08746284125034
91,exclude,1.0,0.15,20,JPTP / LL.EAST.1/LL.ALL.2/LL.OS.2/LL.ARCH.3/LL.WEST.3/LL.EAST.3/LL.OS.3/LL.ALL.5,0.210044491003835,0.5,1.0,0,-0.289955508996165,0.289955508996165,0.0,10.0,10.0,0.0,0.0,0.0,0.0
91,exclude,1.0,0.15,23,JPTP / PS.JP.1/PL.JP.1,0.9899999980153,0.5,1.0,0,0.48999999801530003,0.48999999801530003,327.0,45.0,372.0,0.8790322580645161,5.793013608384144,327.0,8.357552004618084
91,exclude,1.0,0.15,29,JPTP / PS.WEST.3,0.358108229918457,0.5,1.0,0,-0.14189177008154302,0.14189177008154302,18.0,0.0,18.0,1.0,2.9444389791664403,18.0,4.247927513443585
92,include,0.0,0.05,1,RTTP/PTTP/pooled / LL.WEST.1/LL.EAST.1/LL.ALL.2/LL.OS.2/LL.ARCH.3/LL.WEST.3/LL.EAST.3/LL.OS.3/LL.ALL.5,0.301506049160068,0.5,1.0,0,-0.198493950839932,0.198493950839932,240.0,174.0,414.0,0.5797101449275363,5.484796933490655,240.0,7.912889336229962
92,include,0.0,0.05,6,RTTP / PHID.2/PL.ALL.2,0.658976107335297,0.5,1.0,0,0.158976107335297,0.158976107335297,46.0,1.0,47.0,0.9787234042553191,3.8501476017100584,46.0,5.554588851677638
92,include,0.0,0.05,7,RTTP / PS.2,0.524585714971666,0.4962,354.5,1,0.028385714971665976,0.028385714971665976,320.0,2.0,322.0,0.9937888198757764,5.771441123130016,0.9026798307475318,0.9826196156854129
92,include,0.0,0.05,10,RTTP / PS.WEST.3,0.609932218866204,0.5121,739.2,1,0.09783221886620397,0.09783221886620397,254.0,44.0,298.0,0.8523489932885906,5.541263545158426,0.3436147186147186,0.838705961770709
92,include,0.0,0.05,13,PTTP/pooled / PHID.2/PL.ALL.2,0.989999996621002,0.5,1.0,0,0.489999996621002,0.489999996621002,123.0,6.0,129.0,0.9534883720930233,4.820281565605037,123.0,6.954196310386876
92,include,0.0,0.05,14,PTTP/pooled / PS.2,0.502454147960728,0.4962,354.5,1,0.006254147960727985,0.006254147960727985,5.0,1.0,6.0,0.8333333333333334,1.791759469228055,0.014104372355430184,0.3050569110022798
92,include,0.0,0.05,17,PTTP/pooled / PS.WEST.3,0.871353311614568,0.5121,739.2,1,0.35925331161456797,0.35925331161456797,2694.0,773.0,3467.0,0.7770406691664263,7.899153483343097,3.644480519480519,1.1955878050973132
92,include,0.0,0.05,18,PTTP/pooled / PS.EAST.3,0.899159221750832,0.5282,231.2,1,0.37095922175083196,0.37095922175083196,2500.0,617.0,3117.0,0.8020532563362207,7.824445930877619,10.813148788927336,1.436310901627172
92,include,0.0,0.05,19,JPTP / LL.WEST.1,0.927395999883554,0.5,1.0,0,0.42739599988355403,0.42739599988355403,16.0,43.0,59.0,0.2711864406779661,2.833213344056216,16.0,4.08746284125034
92,include,0.0,0.05,20,JPTP / LL.EAST.1/LL.ALL.2/LL.OS.2/LL.ARCH.3/LL.WEST.3/LL.EAST.3/LL.OS.3/LL.ALL.5,0.293620189377709,0.5,1.0,0,-0.206379810622291,0.206379810622291,0.0,10.0,10.0,0.0,0.0,0.0,0.0
92,include,0.0,0.05,23,JPTP / PS.JP.1/PL.JP.1,0.989999997289228,0.5,1.0,0,0.48999999728922805,0.48999999728922805,327.0,45.0,372.0,0.8790322580645161,5.793013608384144,327.0,8.357552004618084
92,include,0.0,0.05,29,JPTP / PS.WEST.3,0.148744577839418,0.5,1.0,0,-0.35125542216058203,0.35125542216058203,18.0,0.0,18.0,1.0,2.9444389791664403,18.0,4.247927513443585
93,exclude,1.0,0.25,1,RTTP/PTTP/pooled / LL.WEST.1/LL.EAST.1/LL.ALL.2/LL.OS.2/LL.ARCH.3/LL.WEST.3/LL.EAST.3/LL.OS.3/LL.ALL.5,0.214846236475009,0.5,1.0,0,-0.285153763524991,0.285153763524991,132.0,282.0,414.0,0.3188405797101449,4.890349128221754,132.0,7.05528243550119
93,exclude,1.0,0.25,6,RTTP / PHID.2/PL.ALL.2,0.62626150534566,0.5,1.0,0,0.12626150534566005,0.12626150534566005,45.0,2.0,47.0,0.9574468085106383,3.828641396489095,45.0,5.523561956057013
93,exclude,1.0,0.25,7,RTTP / PS.2,0.664655997484863,0.4962,354.5,1,0.16845599748486306,0.16845599748486306,320.0,2.0,322.0,0.9937888198757764,5.771441123130016,0.9026798307475318,0.9826196156854129
93,exclude,1.0,0.25,10,RTTP / PS.WEST.3,0.571130752051122,0.5121,739.2,1,0.05903075205112196,0.05903075205112196,175.0,123.0,298.0,0.587248322147651,5.170483995038151,0.23674242424242423,0.7825860864653296
93,exclude,1.0,0.25,13,PTTP/pooled / PHID.2/PL.ALL.2,0.49347373498936,0.5,1.0,0,-0.00652626501064002,0.00652626501064002,115.0,14.0,129.0,0.8914728682170543,4.7535901911063645,115.0,6.857980995127572
93,exclude,1.0,0.25,14,PTTP/pooled / PS.2,0.50232442566809,0.4962,354.5,1,0.006124425668090017,0.006124425668090017,4.0,2.0,6.0,0.6666666666666666,1.6094379124341003,0.011283497884344146,0.2740156625088909
93,exclude,1.0,0.25,17,PTTP/pooled / PS.WEST.3,0.717771228424429,0.5121,739.2,1,0.20567122842442898,0.20567122842442898,758.0,2709.0,3467.0,0.21863282376694548,6.63200177739563,1.0254329004329004,1.0037962251471702
93,exclude,1.0,0.25,18,PTTP/pooled / PS.EAST.3,0.810898889967096,0.5282,231.2,1,0.282698889967096,0.282698889967096,1010.0,2107.0,3117.0,0.32402951555983317,6.918695219020472,4.368512110726644,1.2700448639946422
93,exclude,1.0,0.25,19,JPTP / LL.WEST.1,0.989547512156772,0.5,1.0,0,0.48954751215677195,0.48954751215677195,1.0,58.0,59.0,0.01694915254237288,0.6931471805599453,1.0,1.0
93,exclude,1.0,0.25,20,JPTP / LL.EAST.1/LL.ALL.2/LL.OS.2/LL.ARCH.3/LL.WEST.3/LL.EAST.3/LL.OS.3/LL.ALL.5,0.186397690083691,0.5,1.0,0,-0.313602309916309,0.313602309916309,0.0,10.0,10.0,0.0,0.0,0.0,0.0
93,exclude,1.0,0.25,23,JPTP / PS.JP.1/PL.JP.1,0.989999998989171,0.5,1.0,0,0.489999998989171,0.489999998989171,206.0,166.0,372.0,0.553763440860215,5.332718793265369,206.0,7.693486957499325
93,exclude,1.0,0.25,29,JPTP / PS.WEST.3,0.164838912587819,0.5,1.0,0,-0.335161087412181,0.335161087412181,18.0,0.0,18.0,1.0,2.9444389791664403,18.0,4.247927513443585
94,include,0.0,0.15,1,RTTP/PTTP/pooled / LL.WEST.1/LL.EAST.1/LL.ALL.2/LL.OS.2/LL.ARCH.3/LL.WEST.3/LL.EAST.3/LL.OS.3/LL.ALL.5,0.213957591511429,0.5,1.0,0,-0.286042408488571,0.286042408488571,189.0,225.0,414.0,0.45652173913043476,5.247024072160486,189.0,7.569855608330948
94,include,0.0,0.15,6,RTTP / PHID.2/PL.ALL.2,0.310001602898523,0.5,1.0,0,-0.18999839710147698,0.18999839710147698,46.0,1.0,47.0,0.9787234042553191,3.8501476017100584,46.0,5.554588851677638
94,include,0.0,0.15,7,RTTP / PS.2,0.497531783101773,0.4962,354.5,1,0.0013317831017730097,0.0013317831017730097,320.0,2.0,322.0,0.9937888198757764,5.771441123130016,0.9026798307475318,0.9826196156854129
94,include,0.0,0.15,10,RTTP / PS.WEST.3,0.564711433877479,0.5121,739.2,1,0.05261143387747902,0.05261143387747902,212.0,86.0,298.0,0.7114093959731543,5.3612921657094255,0.28679653679653677,0.8114661332258533
94,include,0.0,0.15,13,PTTP/pooled / PHID.2/PL.ALL.2,0.477946506180684,0.5,1.0,0,-0.022053493819315984,0.022053493819315984,120.0,9.0,129.0,0.9302325581395349,4.795790545596741,120.0,6.9188632372745955
94,include,0.0,0.15,14,PTTP/pooled / PS.2,0.497392461656499,0.4962,354.5,1,0.0011924616564989998,0.0011924616564989998,5.0,1.0,6.0,0.8333333333333334,1.791759469228055,0.014104372355430184,0.3050569110022798
94,include,0.0,0.15,17,PTTP/pooled / PS.WEST.3,0.719763142235736,0.5121,739.2,1,0.207663142235736,0.207663142235736,1944.0,1523.0,3467.0,0.5607153158350159,7.573017256052546,2.6298701298701297,1.1462249845151762
94,include,0.0,0.15,18,PTTP/pooled / PS.EAST.3,0.731716071522719,0.5282,231.2,1,0.203516071522719,0.203516071522719,1693.0,1424.0,3117.0,0.5431504651908887,7.434847875211999,7.322664359861592,1.364793513744537
94,include,0.0,0.15,19,JPTP / LL.WEST.1,0.989999982403805,0.5,1.0,0,0.48999998240380505,0.48999998240380505,16.0,43.0,59.0,0.2711864406779661,2.833213344056216,16.0,4.08746284125034
94,include,0.0,0.15,20,JPTP / LL.EAST.1/LL.ALL.2/LL.OS.2/LL.ARCH.3/LL.WEST.3/LL.EAST.3/LL.OS.3/LL.ALL.5,0.266467681161523,0.5,1.0,0,-0.23353231883847703,0.23353231883847703,0.0,10.0,10.0,0.0,0.0,0.0,0.0
94,include,0.0,0.15,23,JPTP / PS.JP.1/PL.JP.1,0.989999990374094,0.5,1.0,0,0.48999999037409403,0.48999999037409403,327.0,45.0,372.0,0.8790322580645161,5.793013608384144,327.0,8.357552004618084
94,include,0.0,0.15,29,JPTP / PS.WEST.3,0.13132979862161,0.5,1.0,0,-0.36867020137839,0.36867020137839,18.0,0.0,18.0,1.0,2.9444389791664403,18.0,4.247927513443585
95,include,0.0,0.05,1,RTTP/PTTP/pooled / LL.WEST.1/LL.EAST.1/LL.ALL.2/LL.OS.2/LL.ARCH.3/LL.WEST.3/LL.EAST.3/LL.OS.3/LL.ALL.5,0.212129569374748,0.5,1.0,0,-0.28787043062525197,0.28787043062525197,240.0,174.0,414.0,0.5797101449275363,5.484796933490655,240.0,7.912889336229962
95,include,0.0,0.05,6,RTTP / PHID.2/PL.ALL.2,0.327569428429175,0.5,1.0,0,-0.17243057157082498,0.17243057157082498,46.0,1.0,47.0,0.9787234042553191,3.8501476017100584,46.0,5.554588851677638
95,include,0.0,0.05,7,RTTP / PS.2,0.503164752718531,0.4962,354.5,1,0.006964752718531031,0.006964752718531031,320.0,2.0,322.0,0.9937888198757764,5.771441123130016,0.9026798307475318,0.9826196156854129
95,include,0.0,0.05,10,RTTP / PS.WEST.3,0.581680072396725,0.5121,739.2,1,0.06958007239672503,0.06958007239672503,254.0,44.0,298.0,0.8523489932885906,5.541263545158426,0.3436147186147186,0.838705961770709
95,include,0.0,0.05,13,PTTP/pooled / PHID.2/PL.ALL.2,0.711801064498617,0.5,1.0,0,0.21180106449861702,0.21180106449861702,123.0,6.0,129.0,0.9534883720930233,4.820281565605037,123.0,6.954196310386876
95,include,0.0,0.05,14,PTTP/pooled / PS.2,0.496456219671577,0.4962,354.5,1,0.0002562196715770182,0.0002562196715770182,5.0,1.0,6.0,0.8333333333333334,1.791759469228055,0.014104372355430184,0.3050569110022798
95,include,0.0,0.05,17,PTTP/pooled / PS.WEST.3,0.784218981129517,0.5121,739.2,1,0.27211898112951705,0.27211898112951705,2694.0,773.0,3467.0,0.7770406691664263,7.899153483343097,3.644480519480519,1.1955878050973132
95,include,0.0,0.05,18,PTTP/pooled / PS.EAST.3,0.776312082426939,0.5282,231.2,1,0.24811208242693905,0.24811208242693905,2500.0,617.0,3117.0,0.8020532563362207,7.824445930877619,10.813148788927336,1.436310901627172
95,include,0.0,0.05,19,JPTP / LL.WEST.1,0.989999985387284,0.5,1.0,0,0.48999998538728395,0.48999998538728395,16.0,43.0,59.0,0.2711864406779661,2.833213344056216,16.0,4.08746284125034
95,include,0.0,0.05,20,JPTP / LL.EAST.1/LL.ALL.2/LL.OS.2/LL.ARCH.3/LL.WEST.3/LL.EAST.3/LL.OS.3/LL.ALL.5,0.285730888905598,0.5,1.0,0,-0.214269111094402,0.214269111094402,0.0,10.0,10.0,0.0,0.0,0.0,0.0
95,include,0.0,0.05,23,JPTP / PS.JP.1/PL.JP.1,0.989999997339661,0.5,1.0,0,0.48999999733966104,0.48999999733966104,327.0,45.0,372.0,0.8790322580645161,5.793013608384144,327.0,8.357552004618084
95,include,0.0,0.05,29,JPTP / PS.WEST.3,0.141992834974064,0.5,1.0,0,-0.358007165025936,0.358007165025936,18.0,0.0,18.0,1.0,2.9444389791664403,18.0,4.247927513443585
98,exclude,1.0,0.3,1,RTTP/PTTP/pooled / LL.WEST.1/LL.EAST.1/LL.ALL.2/LL.OS.2/LL.ARCH.3/LL.WEST.3/LL.EAST.3/LL.OS.3/LL.ALL.5,0.206904748279422,0.5,1.0,0,-0.293095251720578,0.293095251720578,91.0,323.0,414.0,0.21980676328502416,4.5217885770490405,91.0,6.523561956057013
98,exclude,1.0,0.3,6,RTTP / PHID.2/PL.ALL.2,0.535651999718277,0.5,1.0,0,0.03565199971827704,0.03565199971827704,45.0,2.0,47.0,0.9574468085106383,3.828641396489095,45.0,5.523561956057013
98,exclude,1.0,0.3,7,RTTP / PS.2,0.657891775243789,0.4962,354.5,1,0.16169177524378897,0.16169177524378897,320.0,2.0,322.0,0.9937888198757764,5.771441123130016,0.9026798307475318,0.9826196156854129
98,exclude,1.0,0.3,10,RTTP / PS.WEST.3,0.522539239556301,0.5121,739.2,1,0.010439239556300994,0.010439239556300994,121.0,177.0,298.0,0.40604026845637586,4.804021044733257,0.1636904761904762,0.7271195563708814
98,exclude,1.0,0.3,13,PTTP/pooled / PHID.2/PL.ALL.2,0.456931242883088,0.5,1.0,0,-0.04306875711691199,0.04306875711691199,114.0,15.0,129.0,0.8837209302325582,4.74493212836325,114.0,6.845490050944376
98,exclude,1.0,0.3,14,PTTP/pooled / PS.2,0.504033695815086,0.4962,354.5,1,0.007833695815085973,0.007833695815085973,3.0,3.0,6.0,0.5,1.3862943611198906,0.00846262341325811,0.2360242447750593
98,exclude,1.0,0.3,17,PTTP/pooled / PS.WEST.3,0.664638392356896,0.5121,739.2,1,0.15253839235689604,0.15253839235689604,458.0,3009.0,3467.0,0.1321026824343813,6.129050210060545,0.6195887445887446,0.92767126293085
98,exclude,1.0,0.3,18,PTTP/pooled / PS.EAST.3,0.709381838608868,0.5282,231.2,1,0.18118183860886805,0.18118183860886805,477.0,2640.0,3117.0,0.1530317613089509,6.169610732491456,2.063148788927336,1.1325375920745284
98,exclude,1.0,0.3,19,JPTP / LL.WEST.1,0.466174738808825,0.5,1.0,0,-0.033825261191175016,0.033825261191175016,1.0,58.0,59.0,0.01694915254237288,0.6931471805599453,1.0,1.0
98,exclude,1.0,0.3,20,JPTP / LL.EAST.1/LL.ALL.2/LL.OS.2/LL.ARCH.3/LL.WEST.3/LL.EAST.3/LL.OS.3/LL.ALL.5,0.0992327757321478,0.5,1.0,0,-0.4007672242678522,0.4007672242678522,0.0,10.0,10.0,0.0,0.0,0.0,0.0
98,exclude,1.0,0.3,23,JPTP / PS.JP.1/PL.JP.1,0.989999998410163,0.5,1.0,0,0.48999999841016295,0.48999999841016295,206.0,166.0,372.0,0.553763440860215,5.332718793265369,206.0,7.693486957499325
98,exclude,1.0,0.3,29,JPTP / PS.WEST.3,0.107144707669757,0.5,1.0,0,-0.39285529233024297,0.39285529233024297,18.0,0.0,18.0,1.0,2.9444389791664403,18.0,4.247927513443585
99,exclude,1.0,0.2,1,RTTP/PTTP/pooled / LL.WEST.1/LL.EAST.1/LL.ALL.2/LL.OS.2/LL.ARCH.3/LL.WEST.3/LL.EAST.3/LL.OS.3/LL.ALL.5,0.24912593308949,0.5,1.0,0,-0.25087406691051,0.25087406691051,162.0,252.0,414.0,0.391304347826087,5.093750200806762,162.0,7.348728154231078
99,exclude,1.0,0.2,6,RTTP / PHID.2/PL.ALL.2,0.700308969380039,0.5,1.0,0,0.20030896938003895,0.20030896938003895,45.0,2.0,47.0,0.9574468085106383,3.828641396489095,45.0,5.523561956057013
99,exclude,1.0,0.2,7,RTTP / PS.2,0.666907622787218,0.4962,354.5,1,0.17070762278721807,0.17070762278721807,320.0,2.0,322.0,0.9937888198757764,5.771441123130016,0.9026798307475318,0.9826196156854129
99,exclude,1.0,0.2,10,RTTP / PS.WEST.3,0.581959118814276,0.5121,739.2,1,0.06985911881427598,0.06985911881427598,175.0,123.0,298.0,0.587248322147651,5.170483995038151,0.23674242424242423,0.7825860864653296
99,exclude,1.0,0.2,13,PTTP/pooled / PHID.2/PL.ALL.2,0.553075884310289,0.5,1.0,0,0.05307588431028898,0.05307588431028898,116.0,13.0,129.0,0.8992248062015504,4.762173934797756,116.0,6.870364719583405
99,exclude,1.0,0.2,14,PTTP/pooled / PS.2,0.501475367725301,0.4962,354.5,1,0.005275367725301017,0.005275367725301017,5.0,1.0,6.0,0.8333333333333334,1.791759469228055,0.014104372355430184,0.3050569110022798
99,exclude,1.0,0.2,17,PTTP/pooled / PS.WEST.3,0.761724117023922,0.5121,739.2,1,0.24962411702392195,0.24962411702392195,1210.0,2257.0,3467.0,0.3490049033746755,7.099201743553092,1.6369047619047619,1.0745099520367174
99,exclude,1.0,0.2,18,PTTP/pooled / PS.EAST.3,0.875346586984477,0.5282,231.2,1,0.347146586984477,0.347146586984477,1264.0,1853.0,3117.0,0.4055181264035932,7.142827401161621,5.467128027681661,1.3111881602048459
99,exclude,1.0,0.2,19,JPTP / LL.WEST.1,0.989999987793197,0.5,1.0,0,0.489999987793197,0.489999987793197,5.0,54.0,59.0,0.0847457627118644,1.791759469228055,5.0,2.584962500721156
99,exclude,1.0,0.2,20,JPTP / LL.EAST.1/LL.ALL.2/LL.OS.2/LL.ARCH.3/LL.WEST.3/LL.EAST.3/LL.OS.3/LL.ALL.5,0.176684290183811,0.5,1.0,0,-0.323315709816189,0.323315709816189,0.0,10.0,10.0,0.0,0.0,0.0,0.0
99,exclude,1.0,0.2,23,JPTP / PS.JP.1/PL.JP.1,0.989999998681793,0.5,1.0,0,0.489999998681793,0.489999998681793,285.0,87.0,372.0,0.7661290322580645,5.655991810819852,285.0,8.159871336778389
99,exclude,1.0,0.2,29,JPTP / PS.WEST.3,0.182047206564822,0.5,1.0,0,-0.317952793435178,0.317952793435178,18.0,0.0,18.0,1.0,2.9444389791664403,18.0,4.247927513443585
